condition,species,subject,recording,base_lr,adapter_warmup_steps,source,cell_id,run_id,run_name,state,test_supported_f1,best_val_supported_f1,analysis_eligible,analysis_error,stable_step,censored
transfer_discriminative,minipigs,sub-01,sub-01_ses-01_task-AcousStim_acq-LH_desc-raw,0.003,0,pretrained,phase4d-transfer-lr-warmup__minipigs__sub-01_ses-01_task-AcousStim_acq-LH_desc-raw__fullpool-minipigs-sub-01-sel42-model42-step500__transfer_discriminative__lr0p003__f1__t42,30845541,phase4d-transfer-lr-warmup__minipigs__sub-01_ses-01_task-AcousStim_acq-LH_desc-raw__fullpool-minipigs-sub-01-sel42-model42-step500__transfer_discriminative__lr0p003__f1__t42,finished,0.4016087055206299,0.5172094702720642,True,,857.0,False
transfer_uniform,minipigs,sub-01,sub-01_ses-01_task-AcousStim_acq-LH_desc-raw,0.0003,0,pretrained,phase4d-transfer-lr-warmup__minipigs__sub-01_ses-01_task-AcousStim_acq-LH_desc-raw__fullpool-minipigs-sub-01-sel42-model42-step500__transfer_uniform__lr0p0003__f1__t42,37740c75,phase4d-transfer-lr-warmup__minipigs__sub-01_ses-01_task-AcousStim_acq-LH_desc-raw__fullpool-minipigs-sub-01-sel42-model42-step500__transfer_uniform__lr0p0003__f1__t42,finished,0.3948521614074707,0.5002079010009766,True,,1781.0,False
transfer_adapter_warmup_discriminative,minipigs,sub-01,sub-01_ses-01_task-AcousStim_acq-LH_desc-raw,0.0015,500,pretrained,phase4d-transfer-lr-warmup__minipigs__sub-01_ses-01_task-AcousStim_acq-LH_desc-raw__fullpool-minipigs-sub-01-sel42-model42-step500__transfer_adapter_warmup_discriminative__lr0p0015__f1__t42,e30c0564,phase4d-transfer-lr-warmup__minipigs__sub-01_ses-01_task-AcousStim_acq-LH_desc-raw__fullpool-minipigs-sub-01-sel42-model42-step500__transfer_adapter_warmup_discriminative__lr0p0015__f1__t42,finished,0.3496263921260834,0.490017831325531,True,,1715.0,False
transfer_uniform,minipigs,sub-01,sub-01_ses-01_task-AcousStim_acq-LH_desc-raw,0.003,0,pretrained,phase4d-transfer-lr-warmup__minipigs__sub-01_ses-01_task-AcousStim_acq-LH_desc-raw__fullpool-minipigs-sub-01-sel42-model42-step500__transfer_uniform__lr0p003__f1__t42,f1cf1e0f,phase4d-transfer-lr-warmup__minipigs__sub-01_ses-01_task-AcousStim_acq-LH_desc-raw__fullpool-minipigs-sub-01-sel42-model42-step500__transfer_uniform__lr0p003__f1__t42,finished,0.39408883452415466,0.5222182273864746,True,,3761.0,True
transfer_discriminative,minipigs,sub-01,sub-01_ses-01_task-AcousStim_acq-LH_desc-raw,0.0003,0,pretrained,phase4d-transfer-lr-warmup__minipigs__sub-01_ses-01_task-AcousStim_acq-LH_desc-raw__fullpool-minipigs-sub-01-sel42-model42-step500__transfer_discriminative__lr0p0003__f1__t42,1f7fe207,phase4d-transfer-lr-warmup__minipigs__sub-01_ses-01_task-AcousStim_acq-LH_desc-raw__fullpool-minipigs-sub-01-sel42-model42-step500__transfer_discriminative__lr0p0003__f1__t42,finished,0.4514887034893036,0.5217680335044861,True,,1979.0,False
transfer_adapter_warmup_uniform,minipigs,sub-01,sub-01_ses-01_task-AcousStim_acq-LH_desc-raw,0.0015,500,pretrained,phase4d-transfer-lr-warmup__minipigs__sub-01_ses-01_task-AcousStim_acq-LH_desc-raw__fullpool-minipigs-sub-01-sel42-model42-step500__transfer_adapter_warmup_uniform__lr0p0015__f1__t42,cac8c1a4,phase4d-transfer-lr-warmup__minipigs__sub-01_ses-01_task-AcousStim_acq-LH_desc-raw__fullpool-minipigs-sub-01-sel42-model42-step500__transfer_adapter_warmup_uniform__lr0p0015__f1__t42,finished,0.4187561273574829,0.5247402191162109,True,,1055.0,False
transfer_adapter_warmup_uniform,minipigs,sub-01,sub-01_ses-01_task-AcousStim_acq-LH_desc-raw,0.0003,500,pretrained,phase4d-transfer-lr-warmup__minipigs__sub-01_ses-01_task-AcousStim_acq-LH_desc-raw__fullpool-minipigs-sub-01-sel42-model42-step500__transfer_adapter_warmup_uniform__lr0p0003__f1__t42,e67a932a,phase4d-transfer-lr-warmup__minipigs__sub-01_ses-01_task-AcousStim_acq-LH_desc-raw__fullpool-minipigs-sub-01-sel42-model42-step500__transfer_adapter_warmup_uniform__lr0p0003__f1__t42,finished,0.3638901710510254,0.05012531206011772,True,,1121.0,False
transfer_adapter_warmup_uniform,minipigs,sub-01,sub-01_ses-01_task-AcousStim_acq-LH_desc-raw,0.003,500,pretrained,phase4d-transfer-lr-warmup__minipigs__sub-01_ses-01_task-AcousStim_acq-LH_desc-raw__fullpool-minipigs-sub-01-sel42-model42-step500__transfer_adapter_warmup_uniform__lr0p003__f1__t42,daa91534,phase4d-transfer-lr-warmup__minipigs__sub-01_ses-01_task-AcousStim_acq-LH_desc-raw__fullpool-minipigs-sub-01-sel42-model42-step500__transfer_adapter_warmup_uniform__lr0p003__f1__t42,finished,0.359200119972229,0.49372613430023193,True,,1385.0,False
transfer_discriminative,minipigs,sub-01,sub-01_ses-01_task-AcousStim_acq-LH_desc-raw,0.0015,0,pretrained,phase4d-transfer-lr-warmup__minipigs__sub-01_ses-01_task-AcousStim_acq-LH_desc-raw__fullpool-minipigs-sub-01-sel42-model42-step500__transfer_discriminative__lr0p0015__f1__t42,0a8c2c2d,phase4d-transfer-lr-warmup__minipigs__sub-01_ses-01_task-AcousStim_acq-LH_desc-raw__fullpool-minipigs-sub-01-sel42-model42-step500__transfer_discriminative__lr0p0015__f1__t42,finished,0.36463290452957153,0.07155297696590424,True,,1451.0,False
transfer_adapter_warmup_discriminative,minipigs,sub-01,sub-01_ses-01_task-AcousStim_acq-LH_desc-raw,0.0003,500,pretrained,phase4d-transfer-lr-warmup__minipigs__sub-01_ses-01_task-AcousStim_acq-LH_desc-raw__fullpool-minipigs-sub-01-sel42-model42-step500__transfer_adapter_warmup_discriminative__lr0p0003__f1__t42,080058b1,phase4d-transfer-lr-warmup__minipigs__sub-01_ses-01_task-AcousStim_acq-LH_desc-raw__fullpool-minipigs-sub-01-sel42-model42-step500__transfer_adapter_warmup_discriminative__lr0p0003__f1__t42,finished,0.3673262298107147,0.507392168045044,True,,2243.0,False
transfer_uniform,minipigs,sub-01,sub-01_ses-02_task-AcousStim_acq-LH_desc-raw,0.0003,0,pretrained,phase4d-transfer-lr-warmup__minipigs__sub-01_ses-02_task-AcousStim_acq-LH_desc-raw__fullpool-minipigs-sub-01-sel42-model42-step500__transfer_uniform__lr0p0003__f1__t42,fb745f8b,phase4d-transfer-lr-warmup__minipigs__sub-01_ses-02_task-AcousStim_acq-LH_desc-raw__fullpool-minipigs-sub-01-sel42-model42-step500__transfer_uniform__lr0p0003__f1__t42,finished,0.45826536417007446,0.47877368330955505,True,,5657.0,False
transfer_adapter_warmup_discriminative,minipigs,sub-01,sub-01_ses-01_task-AcousStim_acq-LH_desc-raw,0.003,500,pretrained,phase4d-transfer-lr-warmup__minipigs__sub-01_ses-01_task-AcousStim_acq-LH_desc-raw__fullpool-minipigs-sub-01-sel42-model42-step500__transfer_adapter_warmup_discriminative__lr0p003__f1__t42,efdb5f3e,phase4d-transfer-lr-warmup__minipigs__sub-01_ses-01_task-AcousStim_acq-LH_desc-raw__fullpool-minipigs-sub-01-sel42-model42-step500__transfer_adapter_warmup_discriminative__lr0p003__f1__t42,finished,0.40317457914352417,0.5072600841522217,True,,1385.0,False
transfer_discriminative,minipigs,sub-01,sub-01_ses-02_task-AcousStim_acq-LH_desc-raw,0.0003,0,pretrained,phase4d-transfer-lr-warmup__minipigs__sub-01_ses-02_task-AcousStim_acq-LH_desc-raw__fullpool-minipigs-sub-01-sel42-model42-step500__transfer_discriminative__lr0p0003__f1__t42,c270baa5,phase4d-transfer-lr-warmup__minipigs__sub-01_ses-02_task-AcousStim_acq-LH_desc-raw__fullpool-minipigs-sub-01-sel42-model42-step500__transfer_discriminative__lr0p0003__f1__t42,finished,0.3400264084339142,0.42553454637527466,True,,8445.0,False
transfer_uniform,minipigs,sub-01,sub-01_ses-02_task-AcousStim_acq-LH_desc-raw,0.003,0,pretrained,phase4d-transfer-lr-warmup__minipigs__sub-01_ses-02_task-AcousStim_acq-LH_desc-raw__fullpool-minipigs-sub-01-sel42-model42-step500__transfer_uniform__lr0p003__f1__t42,a6620327,phase4d-transfer-lr-warmup__minipigs__sub-01_ses-02_task-AcousStim_acq-LH_desc-raw__fullpool-minipigs-sub-01-sel42-model42-step500__transfer_uniform__lr0p003__f1__t42,finished,0.5865000486373901,0.6138219833374023,True,,6559.0,True
transfer_uniform,minipigs,sub-01,sub-01_ses-01_task-AcousStim_acq-LH_desc-raw,0.0015,0,pretrained,phase4d-transfer-lr-warmup__minipigs__sub-01_ses-01_task-AcousStim_acq-LH_desc-raw__fullpool-minipigs-sub-01-sel42-model42-step500__transfer_uniform__lr0p0015__f1__t42,96517663,phase4d-transfer-lr-warmup__minipigs__sub-01_ses-01_task-AcousStim_acq-LH_desc-raw__fullpool-minipigs-sub-01-sel42-model42-step500__transfer_uniform__lr0p0015__f1__t42,finished,0.4162220954895019,0.5244103670120239,True,,857.0,False
transfer_uniform,minipigs,sub-01,sub-01_ses-02_task-AcousStim_acq-LH_desc-raw,0.0015,0,pretrained,phase4d-transfer-lr-warmup__minipigs__sub-01_ses-02_task-AcousStim_acq-LH_desc-raw__fullpool-minipigs-sub-01-sel42-model42-step500__transfer_uniform__lr0p0015__f1__t42,1d050bc2,phase4d-transfer-lr-warmup__minipigs__sub-01_ses-02_task-AcousStim_acq-LH_desc-raw__fullpool-minipigs-sub-01-sel42-model42-step500__transfer_uniform__lr0p0015__f1__t42,finished,0.4385373890399933,0.550544798374176,True,,2459.0,False
transfer_adapter_warmup_uniform,minipigs,sub-01,sub-01_ses-02_task-AcousStim_acq-LH_desc-raw,0.0003,500,pretrained,phase4d-transfer-lr-warmup__minipigs__sub-01_ses-02_task-AcousStim_acq-LH_desc-raw__fullpool-minipigs-sub-01-sel42-model42-step500__transfer_adapter_warmup_uniform__lr0p0003__f1__t42,6483617e,phase4d-transfer-lr-warmup__minipigs__sub-01_ses-02_task-AcousStim_acq-LH_desc-raw__fullpool-minipigs-sub-01-sel42-model42-step500__transfer_adapter_warmup_uniform__lr0p0003__f1__t42,finished,0.3661170303821564,0.4604528248310089,True,,7707.0,False
transfer_discriminative,minipigs,sub-01,sub-01_ses-02_task-AcousStim_acq-LH_desc-raw,0.003,0,pretrained,phase4d-transfer-lr-warmup__minipigs__sub-01_ses-02_task-AcousStim_acq-LH_desc-raw__fullpool-minipigs-sub-01-sel42-model42-step500__transfer_discriminative__lr0p003__f1__t42,da4c64c6,phase4d-transfer-lr-warmup__minipigs__sub-01_ses-02_task-AcousStim_acq-LH_desc-raw__fullpool-minipigs-sub-01-sel42-model42-step500__transfer_discriminative__lr0p003__f1__t42,finished,0.5349937081336975,0.6264549493789673,True,,5247.0,False
transfer_discriminative,minipigs,sub-01,sub-01_ses-02_task-AcousStim_acq-LH_desc-raw,0.0015,0,pretrained,phase4d-transfer-lr-warmup__minipigs__sub-01_ses-02_task-AcousStim_acq-LH_desc-raw__fullpool-minipigs-sub-01-sel42-model42-step500__transfer_discriminative__lr0p0015__f1__t42,1a51368c,phase4d-transfer-lr-warmup__minipigs__sub-01_ses-02_task-AcousStim_acq-LH_desc-raw__fullpool-minipigs-sub-01-sel42-model42-step500__transfer_discriminative__lr0p0015__f1__t42,finished,0.48606693744659424,0.5626425743103027,True,,5657.0,False
transfer_adapter_warmup_uniform,minipigs,sub-01,sub-01_ses-02_task-AcousStim_acq-LH_desc-raw,0.003,500,pretrained,phase4d-transfer-lr-warmup__minipigs__sub-01_ses-02_task-AcousStim_acq-LH_desc-raw__fullpool-minipigs-sub-01-sel42-model42-step500__transfer_adapter_warmup_uniform__lr0p003__f1__t42,baf8c5a3,phase4d-transfer-lr-warmup__minipigs__sub-01_ses-02_task-AcousStim_acq-LH_desc-raw__fullpool-minipigs-sub-01-sel42-model42-step500__transfer_adapter_warmup_uniform__lr0p003__f1__t42,finished,0.364626944065094,0.5881500244140625,True,,1311.0,False
transfer_adapter_warmup_discriminative,minipigs,sub-01,sub-01_ses-02_task-AcousStim_acq-LH_desc-raw,0.0003,500,pretrained,phase4d-transfer-lr-warmup__minipigs__sub-01_ses-02_task-AcousStim_acq-LH_desc-raw__fullpool-minipigs-sub-01-sel42-model42-step500__transfer_adapter_warmup_discriminative__lr0p0003__f1__t42,749af43c,phase4d-transfer-lr-warmup__minipigs__sub-01_ses-02_task-AcousStim_acq-LH_desc-raw__fullpool-minipigs-sub-01-sel42-model42-step500__transfer_adapter_warmup_discriminative__lr0p0003__f1__t42,finished,0.3494596779346466,0.4204753637313843,True,,10331.0,False
transfer_adapter_warmup_uniform,minipigs,sub-01,sub-01_ses-02_task-AcousStim_acq-LH_desc-raw,0.0015,500,pretrained,phase4d-transfer-lr-warmup__minipigs__sub-01_ses-02_task-AcousStim_acq-LH_desc-raw__fullpool-minipigs-sub-01-sel42-model42-step500__transfer_adapter_warmup_uniform__lr0p0015__f1__t42,9c11e5f9,phase4d-transfer-lr-warmup__minipigs__sub-01_ses-02_task-AcousStim_acq-LH_desc-raw__fullpool-minipigs-sub-01-sel42-model42-step500__transfer_adapter_warmup_uniform__lr0p0015__f1__t42,finished,0.38110607862472534,0.5613909959793091,True,,2705.0,False
transfer_adapter_warmup_discriminative,minipigs,sub-01,sub-01_ses-02_task-AcousStim_acq-LH_desc-raw,0.003,500,pretrained,phase4d-transfer-lr-warmup__minipigs__sub-01_ses-02_task-AcousStim_acq-LH_desc-raw__fullpool-minipigs-sub-01-sel42-model42-step500__transfer_adapter_warmup_discriminative__lr0p003__f1__t42,5fdb74e6,phase4d-transfer-lr-warmup__minipigs__sub-01_ses-02_task-AcousStim_acq-LH_desc-raw__fullpool-minipigs-sub-01-sel42-model42-step500__transfer_adapter_warmup_discriminative__lr0p003__f1__t42,finished,0.38168591260910034,0.5932564735412598,True,,3361.0,False
transfer_uniform,minipigs,sub-02,sub-02_ses-01_task-AcousStim_acq-LH_desc-raw,0.0003,0,pretrained,phase4d-transfer-lr-warmup__minipigs__sub-02_ses-01_task-AcousStim_acq-LH_desc-raw__fullpool-minipigs-sub-02-sel42-model42-step500__transfer_uniform__lr0p0003__f1__t42,509ac710,phase4d-transfer-lr-warmup__minipigs__sub-02_ses-01_task-AcousStim_acq-LH_desc-raw__fullpool-minipigs-sub-02-sel42-model42-step500__transfer_uniform__lr0p0003__f1__t42,finished,0.4188647866249085,0.5554381608963013,True,,1931.0,False
transfer_discriminative,minipigs,sub-02,sub-02_ses-01_task-AcousStim_acq-LH_desc-raw,0.003,0,pretrained,phase4d-transfer-lr-warmup__minipigs__sub-02_ses-01_task-AcousStim_acq-LH_desc-raw__fullpool-minipigs-sub-02-sel42-model42-step500__transfer_discriminative__lr0p003__f1__t42,ca64d735,phase4d-transfer-lr-warmup__minipigs__sub-02_ses-01_task-AcousStim_acq-LH_desc-raw__fullpool-minipigs-sub-02-sel42-model42-step500__transfer_discriminative__lr0p003__f1__t42,finished,0.41444048285484314,0.551331639289856,True,,2299.0,False
transfer_adapter_warmup_discriminative,minipigs,sub-01,sub-01_ses-02_task-AcousStim_acq-LH_desc-raw,0.0015,500,pretrained,phase4d-transfer-lr-warmup__minipigs__sub-01_ses-02_task-AcousStim_acq-LH_desc-raw__fullpool-minipigs-sub-01-sel42-model42-step500__transfer_adapter_warmup_discriminative__lr0p0015__f1__t42,123b1ee2,phase4d-transfer-lr-warmup__minipigs__sub-01_ses-02_task-AcousStim_acq-LH_desc-raw__fullpool-minipigs-sub-01-sel42-model42-step500__transfer_adapter_warmup_discriminative__lr0p0015__f1__t42,finished,0.49280810356140137,0.5740167498588562,True,,5247.0,False
transfer_discriminative,minipigs,sub-02,sub-02_ses-01_task-AcousStim_acq-LH_desc-raw,0.0015,0,pretrained,phase4d-transfer-lr-warmup__minipigs__sub-02_ses-01_task-AcousStim_acq-LH_desc-raw__fullpool-minipigs-sub-02-sel42-model42-step500__transfer_discriminative__lr0p0015__f1__t42,ef2b9529,phase4d-transfer-lr-warmup__minipigs__sub-02_ses-01_task-AcousStim_acq-LH_desc-raw__fullpool-minipigs-sub-02-sel42-model42-step500__transfer_discriminative__lr0p0015__f1__t42,finished,0.4277664124965668,0.6151342391967773,True,,4231.0,False
transfer_uniform,minipigs,sub-02,sub-02_ses-01_task-AcousStim_acq-LH_desc-raw,0.003,0,pretrained,phase4d-transfer-lr-warmup__minipigs__sub-02_ses-01_task-AcousStim_acq-LH_desc-raw__fullpool-minipigs-sub-02-sel42-model42-step500__transfer_uniform__lr0p003__f1__t42,821d185a,phase4d-transfer-lr-warmup__minipigs__sub-02_ses-01_task-AcousStim_acq-LH_desc-raw__fullpool-minipigs-sub-02-sel42-model42-step500__transfer_uniform__lr0p003__f1__t42,finished,0.41688284277915955,0.5036492943763733,True,,551.0,False
transfer_uniform,minipigs,sub-02,sub-02_ses-01_task-AcousStim_acq-LH_desc-raw,0.0015,0,pretrained,phase4d-transfer-lr-warmup__minipigs__sub-02_ses-01_task-AcousStim_acq-LH_desc-raw__fullpool-minipigs-sub-02-sel42-model42-step500__transfer_uniform__lr0p0015__f1__t42,1458329b,phase4d-transfer-lr-warmup__minipigs__sub-02_ses-01_task-AcousStim_acq-LH_desc-raw__fullpool-minipigs-sub-02-sel42-model42-step500__transfer_uniform__lr0p0015__f1__t42,finished,0.3922178447246551,0.5240871906280518,True,,965.0,False
transfer_adapter_warmup_uniform,minipigs,sub-02,sub-02_ses-01_task-AcousStim_acq-LH_desc-raw,0.0015,500,pretrained,phase4d-transfer-lr-warmup__minipigs__sub-02_ses-01_task-AcousStim_acq-LH_desc-raw__fullpool-minipigs-sub-02-sel42-model42-step500__transfer_adapter_warmup_uniform__lr0p0015__f1__t42,fb3aa591,phase4d-transfer-lr-warmup__minipigs__sub-02_ses-01_task-AcousStim_acq-LH_desc-raw__fullpool-minipigs-sub-02-sel42-model42-step500__transfer_adapter_warmup_uniform__lr0p0015__f1__t42,finished,0.40543198585510254,0.49285030364990234,True,,1287.0,False
transfer_discriminative,minipigs,sub-02,sub-02_ses-01_task-AcousStim_acq-LH_desc-raw,0.0003,0,pretrained,phase4d-transfer-lr-warmup__minipigs__sub-02_ses-01_task-AcousStim_acq-LH_desc-raw__fullpool-minipigs-sub-02-sel42-model42-step500__transfer_discriminative__lr0p0003__f1__t42,5e7f0610,phase4d-transfer-lr-warmup__minipigs__sub-02_ses-01_task-AcousStim_acq-LH_desc-raw__fullpool-minipigs-sub-02-sel42-model42-step500__transfer_discriminative__lr0p0003__f1__t42,finished,0.4435962438583374,0.4846941828727722,True,,1977.0,False
transfer_adapter_warmup_uniform,minipigs,sub-02,sub-02_ses-01_task-AcousStim_acq-LH_desc-raw,0.0003,500,pretrained,phase4d-transfer-lr-warmup__minipigs__sub-02_ses-01_task-AcousStim_acq-LH_desc-raw__fullpool-minipigs-sub-02-sel42-model42-step500__transfer_adapter_warmup_uniform__lr0p0003__f1__t42,7dcd5847,phase4d-transfer-lr-warmup__minipigs__sub-02_ses-01_task-AcousStim_acq-LH_desc-raw__fullpool-minipigs-sub-02-sel42-model42-step500__transfer_adapter_warmup_uniform__lr0p0003__f1__t42,finished,0.4469583928585053,0.5405562520027161,True,,965.0,False
transfer_adapter_warmup_discriminative,minipigs,sub-02,sub-02_ses-01_task-AcousStim_acq-LH_desc-raw,0.0003,500,pretrained,phase4d-transfer-lr-warmup__minipigs__sub-02_ses-01_task-AcousStim_acq-LH_desc-raw__fullpool-minipigs-sub-02-sel42-model42-step500__transfer_adapter_warmup_discriminative__lr0p0003__f1__t42,24ce14e1,phase4d-transfer-lr-warmup__minipigs__sub-02_ses-01_task-AcousStim_acq-LH_desc-raw__fullpool-minipigs-sub-02-sel42-model42-step500__transfer_adapter_warmup_discriminative__lr0p0003__f1__t42,finished,0.3999722898006439,0.4945639073848725,True,,1977.0,False
transfer_adapter_warmup_uniform,minipigs,sub-02,sub-02_ses-01_task-AcousStim_acq-LH_desc-raw,0.003,500,pretrained,phase4d-transfer-lr-warmup__minipigs__sub-02_ses-01_task-AcousStim_acq-LH_desc-raw__fullpool-minipigs-sub-02-sel42-model42-step500__transfer_adapter_warmup_uniform__lr0p003__f1__t42,7aed6a36,phase4d-transfer-lr-warmup__minipigs__sub-02_ses-01_task-AcousStim_acq-LH_desc-raw__fullpool-minipigs-sub-02-sel42-model42-step500__transfer_adapter_warmup_uniform__lr0p003__f1__t42,finished,0.4322165846824646,0.5600361227989197,True,,1379.0,False
transfer_uniform,minipigs,sub-02,sub-02_ses-01_task-AcousStim_acq-RH_desc-raw,0.0015,0,pretrained,phase4d-transfer-lr-warmup__minipigs__sub-02_ses-01_task-AcousStim_acq-RH_desc-raw__fullpool-minipigs-sub-02-sel42-model42-step500__transfer_uniform__lr0p0015__f1__t42,b5bec8e2,phase4d-transfer-lr-warmup__minipigs__sub-02_ses-01_task-AcousStim_acq-RH_desc-raw__fullpool-minipigs-sub-02-sel42-model42-step500__transfer_uniform__lr0p0015__f1__t42,finished,0.44175323843955994,0.4905422627925873,True,,747.0,False
transfer_adapter_warmup_discriminative,minipigs,sub-02,sub-02_ses-01_task-AcousStim_acq-LH_desc-raw,0.003,500,pretrained,phase4d-transfer-lr-warmup__minipigs__sub-02_ses-01_task-AcousStim_acq-LH_desc-raw__fullpool-minipigs-sub-02-sel42-model42-step500__transfer_adapter_warmup_discriminative__lr0p003__f1__t42,1fc51435,phase4d-transfer-lr-warmup__minipigs__sub-02_ses-01_task-AcousStim_acq-LH_desc-raw__fullpool-minipigs-sub-02-sel42-model42-step500__transfer_adapter_warmup_discriminative__lr0p003__f1__t42,finished,0.4015308320522308,0.5623812079429626,True,,2207.0,False
transfer_adapter_warmup_discriminative,minipigs,sub-02,sub-02_ses-01_task-AcousStim_acq-LH_desc-raw,0.0015,500,pretrained,phase4d-transfer-lr-warmup__minipigs__sub-02_ses-01_task-AcousStim_acq-LH_desc-raw__fullpool-minipigs-sub-02-sel42-model42-step500__transfer_adapter_warmup_discriminative__lr0p0015__f1__t42,4dd03661,phase4d-transfer-lr-warmup__minipigs__sub-02_ses-01_task-AcousStim_acq-LH_desc-raw__fullpool-minipigs-sub-02-sel42-model42-step500__transfer_adapter_warmup_discriminative__lr0p0015__f1__t42,finished,0.4324624240398407,0.5275649428367615,True,,873.0,False
transfer_uniform,minipigs,sub-02,sub-02_ses-01_task-AcousStim_acq-RH_desc-raw,0.0003,0,pretrained,phase4d-transfer-lr-warmup__minipigs__sub-02_ses-01_task-AcousStim_acq-RH_desc-raw__fullpool-minipigs-sub-02-sel42-model42-step500__transfer_uniform__lr0p0003__f1__t42,74843022,phase4d-transfer-lr-warmup__minipigs__sub-02_ses-01_task-AcousStim_acq-RH_desc-raw__fullpool-minipigs-sub-02-sel42-model42-step500__transfer_uniform__lr0p0003__f1__t42,finished,0.4383533000946045,0.46042999625205994,True,,2375.0,False
transfer_adapter_warmup_uniform,minipigs,sub-02,sub-02_ses-01_task-AcousStim_acq-RH_desc-raw,0.0003,500,pretrained,phase4d-transfer-lr-warmup__minipigs__sub-02_ses-01_task-AcousStim_acq-RH_desc-raw__fullpool-minipigs-sub-02-sel42-model42-step500__transfer_adapter_warmup_uniform__lr0p0003__f1__t42,cd2a8854,phase4d-transfer-lr-warmup__minipigs__sub-02_ses-01_task-AcousStim_acq-RH_desc-raw__fullpool-minipigs-sub-02-sel42-model42-step500__transfer_adapter_warmup_uniform__lr0p0003__f1__t42,finished,0.3914641737937927,0.45790690183639526,True,,1671.0,False
transfer_discriminative,minipigs,sub-02,sub-02_ses-01_task-AcousStim_acq-RH_desc-raw,0.003,0,pretrained,phase4d-transfer-lr-warmup__minipigs__sub-02_ses-01_task-AcousStim_acq-RH_desc-raw__fullpool-minipigs-sub-02-sel42-model42-step500__transfer_discriminative__lr0p003__f1__t42,d7c9faad,phase4d-transfer-lr-warmup__minipigs__sub-02_ses-01_task-AcousStim_acq-RH_desc-raw__fullpool-minipigs-sub-02-sel42-model42-step500__transfer_discriminative__lr0p003__f1__t42,finished,0.43191349506378174,0.4628071188926697,True,,1187.0,False
transfer_discriminative,minipigs,sub-02,sub-02_ses-01_task-AcousStim_acq-RH_desc-raw,0.0015,0,pretrained,phase4d-transfer-lr-warmup__minipigs__sub-02_ses-01_task-AcousStim_acq-RH_desc-raw__fullpool-minipigs-sub-02-sel42-model42-step500__transfer_discriminative__lr0p0015__f1__t42,71aadce9,phase4d-transfer-lr-warmup__minipigs__sub-02_ses-01_task-AcousStim_acq-RH_desc-raw__fullpool-minipigs-sub-02-sel42-model42-step500__transfer_discriminative__lr0p0015__f1__t42,finished,0.4352585971355438,0.41682168841362,True,,2815.0,False
transfer_uniform,minipigs,sub-02,sub-02_ses-01_task-AcousStim_acq-RH_desc-raw,0.003,0,pretrained,phase4d-transfer-lr-warmup__minipigs__sub-02_ses-01_task-AcousStim_acq-RH_desc-raw__fullpool-minipigs-sub-02-sel42-model42-step500__transfer_uniform__lr0p003__f1__t42,541473a0,phase4d-transfer-lr-warmup__minipigs__sub-02_ses-01_task-AcousStim_acq-RH_desc-raw__fullpool-minipigs-sub-02-sel42-model42-step500__transfer_uniform__lr0p003__f1__t42,finished,0.440621554851532,0.44936227798461914,True,,1363.0,False
transfer_discriminative,minipigs,sub-02,sub-02_ses-01_task-AcousStim_acq-RH_desc-raw,0.0003,0,pretrained,phase4d-transfer-lr-warmup__minipigs__sub-02_ses-01_task-AcousStim_acq-RH_desc-raw__fullpool-minipigs-sub-02-sel42-model42-step500__transfer_discriminative__lr0p0003__f1__t42,d357eeed,phase4d-transfer-lr-warmup__minipigs__sub-02_ses-01_task-AcousStim_acq-RH_desc-raw__fullpool-minipigs-sub-02-sel42-model42-step500__transfer_discriminative__lr0p0003__f1__t42,finished,0.32295405864715576,0.3450160622596741,True,,1715.0,False
transfer_adapter_warmup_discriminative,minipigs,sub-02,sub-02_ses-01_task-AcousStim_acq-RH_desc-raw,0.0015,500,pretrained,phase4d-transfer-lr-warmup__minipigs__sub-02_ses-01_task-AcousStim_acq-RH_desc-raw__fullpool-minipigs-sub-02-sel42-model42-step500__transfer_adapter_warmup_discriminative__lr0p0015__f1__t42,9f40fee5,phase4d-transfer-lr-warmup__minipigs__sub-02_ses-01_task-AcousStim_acq-RH_desc-raw__fullpool-minipigs-sub-02-sel42-model42-step500__transfer_adapter_warmup_discriminative__lr0p0015__f1__t42,finished,0.3592430055141449,0.44734781980514526,True,,1099.0,False
transfer_adapter_warmup_uniform,minipigs,sub-02,sub-02_ses-01_task-AcousStim_acq-RH_desc-raw,0.003,500,pretrained,phase4d-transfer-lr-warmup__minipigs__sub-02_ses-01_task-AcousStim_acq-RH_desc-raw__fullpool-minipigs-sub-02-sel42-model42-step500__transfer_adapter_warmup_uniform__lr0p003__f1__t42,4db9a52b,phase4d-transfer-lr-warmup__minipigs__sub-02_ses-01_task-AcousStim_acq-RH_desc-raw__fullpool-minipigs-sub-02-sel42-model42-step500__transfer_adapter_warmup_uniform__lr0p003__f1__t42,finished,0.4411475658416748,0.495928943157196,True,,1451.0,False
transfer_adapter_warmup_uniform,minipigs,sub-02,sub-02_ses-01_task-AcousStim_acq-RH_desc-raw,0.0015,500,pretrained,phase4d-transfer-lr-warmup__minipigs__sub-02_ses-01_task-AcousStim_acq-RH_desc-raw__fullpool-minipigs-sub-02-sel42-model42-step500__transfer_adapter_warmup_uniform__lr0p0015__f1__t42,dfa9c223,phase4d-transfer-lr-warmup__minipigs__sub-02_ses-01_task-AcousStim_acq-RH_desc-raw__fullpool-minipigs-sub-02-sel42-model42-step500__transfer_adapter_warmup_uniform__lr0p0015__f1__t42,finished,0.4056614339351654,0.4971390664577484,True,,1319.0,False
transfer_adapter_warmup_discriminative,minipigs,sub-02,sub-02_ses-01_task-AcousStim_acq-RH_desc-raw,0.0003,500,pretrained,phase4d-transfer-lr-warmup__minipigs__sub-02_ses-01_task-AcousStim_acq-RH_desc-raw__fullpool-minipigs-sub-02-sel42-model42-step500__transfer_adapter_warmup_discriminative__lr0p0003__f1__t42,ff7d7244,phase4d-transfer-lr-warmup__minipigs__sub-02_ses-01_task-AcousStim_acq-RH_desc-raw__fullpool-minipigs-sub-02-sel42-model42-step500__transfer_adapter_warmup_discriminative__lr0p0003__f1__t42,finished,0.3431776463985443,0.33796513080596924,True,,5411.0,False
transfer_adapter_warmup_discriminative,minipigs,sub-02,sub-02_ses-01_task-AcousStim_acq-RH_desc-raw,0.003,500,pretrained,phase4d-transfer-lr-warmup__minipigs__sub-02_ses-01_task-AcousStim_acq-RH_desc-raw__fullpool-minipigs-sub-02-sel42-model42-step500__transfer_adapter_warmup_discriminative__lr0p003__f1__t42,7563fba1,phase4d-transfer-lr-warmup__minipigs__sub-02_ses-01_task-AcousStim_acq-RH_desc-raw__fullpool-minipigs-sub-02-sel42-model42-step500__transfer_adapter_warmup_discriminative__lr0p003__f1__t42,finished,0.3783142566680908,0.4465562701225281,True,,1099.0,False
transfer_uniform,minipigs,sub-02,sub-02_ses-02_task-AcousStim_acq-LH_desc-raw,0.0003,0,pretrained,phase4d-transfer-lr-warmup__minipigs__sub-02_ses-02_task-AcousStim_acq-LH_desc-raw__fullpool-minipigs-sub-02-sel42-model42-step500__transfer_uniform__lr0p0003__f1__t42,79a497d6,phase4d-transfer-lr-warmup__minipigs__sub-02_ses-02_task-AcousStim_acq-LH_desc-raw__fullpool-minipigs-sub-02-sel42-model42-step500__transfer_uniform__lr0p0003__f1__t42,finished,0.38558846712112427,0.4578075408935547,True,,3684.0,False
transfer_discriminative,minipigs,sub-02,sub-02_ses-02_task-AcousStim_acq-LH_desc-raw,0.0003,0,pretrained,phase4d-transfer-lr-warmup__minipigs__sub-02_ses-02_task-AcousStim_acq-LH_desc-raw__fullpool-minipigs-sub-02-sel42-model42-step500__transfer_discriminative__lr0p0003__f1__t42,b93c6232,phase4d-transfer-lr-warmup__minipigs__sub-02_ses-02_task-AcousStim_acq-LH_desc-raw__fullpool-minipigs-sub-02-sel42-model42-step500__transfer_discriminative__lr0p0003__f1__t42,finished,0.3992302417755127,0.333754301071167,True,,11054.0,False
transfer_uniform,minipigs,sub-02,sub-02_ses-02_task-AcousStim_acq-LH_desc-raw,0.0015,0,pretrained,phase4d-transfer-lr-warmup__minipigs__sub-02_ses-02_task-AcousStim_acq-LH_desc-raw__fullpool-minipigs-sub-02-sel42-model42-step500__transfer_uniform__lr0p0015__f1__t42,8104de8d,phase4d-transfer-lr-warmup__minipigs__sub-02_ses-02_task-AcousStim_acq-LH_desc-raw__fullpool-minipigs-sub-02-sel42-model42-step500__transfer_uniform__lr0p0015__f1__t42,finished,0.3555772304534912,0.47288233041763306,True,,4555.0,False
transfer_uniform,minipigs,sub-02,sub-02_ses-02_task-AcousStim_acq-LH_desc-raw,0.003,0,pretrained,phase4d-transfer-lr-warmup__minipigs__sub-02_ses-02_task-AcousStim_acq-LH_desc-raw__fullpool-minipigs-sub-02-sel42-model42-step500__transfer_uniform__lr0p003__f1__t42,2f39a30d,phase4d-transfer-lr-warmup__minipigs__sub-02_ses-02_task-AcousStim_acq-LH_desc-raw__fullpool-minipigs-sub-02-sel42-model42-step500__transfer_uniform__lr0p003__f1__t42,finished,0.3598913550376892,0.447614312171936,True,,2478.0,False
transfer_adapter_warmup_uniform,minipigs,sub-02,sub-02_ses-02_task-AcousStim_acq-LH_desc-raw,0.0003,500,pretrained,phase4d-transfer-lr-warmup__minipigs__sub-02_ses-02_task-AcousStim_acq-LH_desc-raw__fullpool-minipigs-sub-02-sel42-model42-step500__transfer_adapter_warmup_uniform__lr0p0003__f1__t42,9d5f5ada,phase4d-transfer-lr-warmup__minipigs__sub-02_ses-02_task-AcousStim_acq-LH_desc-raw__fullpool-minipigs-sub-02-sel42-model42-step500__transfer_adapter_warmup_uniform__lr0p0003__f1__t42,finished,0.3857871890068054,0.4226894676685333,True,,3349.0,False
transfer_discriminative,minipigs,sub-02,sub-02_ses-02_task-AcousStim_acq-LH_desc-raw,0.0015,0,pretrained,phase4d-transfer-lr-warmup__minipigs__sub-02_ses-02_task-AcousStim_acq-LH_desc-raw__fullpool-minipigs-sub-02-sel42-model42-step500__transfer_discriminative__lr0p0015__f1__t42,187e5447,phase4d-transfer-lr-warmup__minipigs__sub-02_ses-02_task-AcousStim_acq-LH_desc-raw__fullpool-minipigs-sub-02-sel42-model42-step500__transfer_discriminative__lr0p0015__f1__t42,finished,0.3542786240577698,0.48162370920181274,True,,5292.0,False
transfer_discriminative,minipigs,sub-02,sub-02_ses-02_task-AcousStim_acq-LH_desc-raw,0.003,0,pretrained,phase4d-transfer-lr-warmup__minipigs__sub-02_ses-02_task-AcousStim_acq-LH_desc-raw__fullpool-minipigs-sub-02-sel42-model42-step500__transfer_discriminative__lr0p003__f1__t42,514d978f,phase4d-transfer-lr-warmup__minipigs__sub-02_ses-02_task-AcousStim_acq-LH_desc-raw__fullpool-minipigs-sub-02-sel42-model42-step500__transfer_discriminative__lr0p003__f1__t42,finished,0.4170368611812592,0.47520267963409424,True,,2679.0,False
transfer_adapter_warmup_discriminative,minipigs,sub-02,sub-02_ses-02_task-AcousStim_acq-LH_desc-raw,0.0003,500,pretrained,phase4d-transfer-lr-warmup__minipigs__sub-02_ses-02_task-AcousStim_acq-LH_desc-raw__fullpool-minipigs-sub-02-sel42-model42-step500__transfer_adapter_warmup_discriminative__lr0p0003__f1__t42,a6498bb9,phase4d-transfer-lr-warmup__minipigs__sub-02_ses-02_task-AcousStim_acq-LH_desc-raw__fullpool-minipigs-sub-02-sel42-model42-step500__transfer_adapter_warmup_discriminative__lr0p0003__f1__t42,finished,0.366959810256958,0.3386414051055908,True,,11858.0,False
transfer_adapter_warmup_discriminative,minipigs,sub-02,sub-02_ses-02_task-AcousStim_acq-LH_desc-raw,0.003,500,pretrained,phase4d-transfer-lr-warmup__minipigs__sub-02_ses-02_task-AcousStim_acq-LH_desc-raw__fullpool-minipigs-sub-02-sel42-model42-step500__transfer_adapter_warmup_discriminative__lr0p003__f1__t42,a7c5c7b3,phase4d-transfer-lr-warmup__minipigs__sub-02_ses-02_task-AcousStim_acq-LH_desc-raw__fullpool-minipigs-sub-02-sel42-model42-step500__transfer_adapter_warmup_discriminative__lr0p003__f1__t42,finished,0.34378814697265625,0.4918018579483032,True,,3416.0,False
transfer_adapter_warmup_uniform,minipigs,sub-02,sub-02_ses-02_task-AcousStim_acq-LH_desc-raw,0.003,500,pretrained,phase4d-transfer-lr-warmup__minipigs__sub-02_ses-02_task-AcousStim_acq-LH_desc-raw__fullpool-minipigs-sub-02-sel42-model42-step500__transfer_adapter_warmup_uniform__lr0p003__f1__t42,6dfc0eb6,phase4d-transfer-lr-warmup__minipigs__sub-02_ses-02_task-AcousStim_acq-LH_desc-raw__fullpool-minipigs-sub-02-sel42-model42-step500__transfer_adapter_warmup_uniform__lr0p003__f1__t42,finished,0.3300990164279938,0.4308639466762543,True,,2545.0,False
transfer_adapter_warmup_discriminative,minipigs,sub-02,sub-02_ses-02_task-AcousStim_acq-LH_desc-raw,0.0015,500,pretrained,phase4d-transfer-lr-warmup__minipigs__sub-02_ses-02_task-AcousStim_acq-LH_desc-raw__fullpool-minipigs-sub-02-sel42-model42-step500__transfer_adapter_warmup_discriminative__lr0p0015__f1__t42,8c243977,phase4d-transfer-lr-warmup__minipigs__sub-02_ses-02_task-AcousStim_acq-LH_desc-raw__fullpool-minipigs-sub-02-sel42-model42-step500__transfer_adapter_warmup_discriminative__lr0p0015__f1__t42,finished,0.3804241716861725,0.5062441825866699,True,,5426.0,False
transfer_adapter_warmup_uniform,minipigs,sub-02,sub-02_ses-02_task-AcousStim_acq-LH_desc-raw,0.0015,500,pretrained,phase4d-transfer-lr-warmup__minipigs__sub-02_ses-02_task-AcousStim_acq-LH_desc-raw__fullpool-minipigs-sub-02-sel42-model42-step500__transfer_adapter_warmup_uniform__lr0p0015__f1__t42,7084feb7,phase4d-transfer-lr-warmup__minipigs__sub-02_ses-02_task-AcousStim_acq-LH_desc-raw__fullpool-minipigs-sub-02-sel42-model42-step500__transfer_adapter_warmup_uniform__lr0p0015__f1__t42,finished,0.3816241919994354,0.4592998921871186,True,,2478.0,False
transfer_uniform,minipigs,sub-02,sub-02_ses-02_task-AcousStim_acq-RH_desc-raw,0.003,0,pretrained,phase4d-transfer-lr-warmup__minipigs__sub-02_ses-02_task-AcousStim_acq-RH_desc-raw__fullpool-minipigs-sub-02-sel42-model42-step500__transfer_uniform__lr0p003__f1__t42,f1cc615e,phase4d-transfer-lr-warmup__minipigs__sub-02_ses-02_task-AcousStim_acq-RH_desc-raw__fullpool-minipigs-sub-02-sel42-model42-step500__transfer_uniform__lr0p003__f1__t42,finished,0.318739652633667,0.4272120893001557,True,,1674.0,False
transfer_uniform,minipigs,sub-02,sub-02_ses-02_task-AcousStim_acq-RH_desc-raw,0.0015,0,pretrained,phase4d-transfer-lr-warmup__minipigs__sub-02_ses-02_task-AcousStim_acq-RH_desc-raw__fullpool-minipigs-sub-02-sel42-model42-step500__transfer_uniform__lr0p0015__f1__t42,5cfa87b9,phase4d-transfer-lr-warmup__minipigs__sub-02_ses-02_task-AcousStim_acq-RH_desc-raw__fullpool-minipigs-sub-02-sel42-model42-step500__transfer_uniform__lr0p0015__f1__t42,finished,0.36846962571144104,0.38464921712875366,True,,1942.0,False
transfer_uniform,minipigs,sub-02,sub-02_ses-02_task-AcousStim_acq-RH_desc-raw,0.0003,0,pretrained,phase4d-transfer-lr-warmup__minipigs__sub-02_ses-02_task-AcousStim_acq-RH_desc-raw__fullpool-minipigs-sub-02-sel42-model42-step500__transfer_uniform__lr0p0003__f1__t42,9893dc52,phase4d-transfer-lr-warmup__minipigs__sub-02_ses-02_task-AcousStim_acq-RH_desc-raw__fullpool-minipigs-sub-02-sel42-model42-step500__transfer_uniform__lr0p0003__f1__t42,finished,0.41597622632980347,0.45088768005371094,True,,3952.0,False
transfer_discriminative,minipigs,sub-02,sub-02_ses-02_task-AcousStim_acq-RH_desc-raw,0.0015,0,pretrained,phase4d-transfer-lr-warmup__minipigs__sub-02_ses-02_task-AcousStim_acq-RH_desc-raw__fullpool-minipigs-sub-02-sel42-model42-step500__transfer_discriminative__lr0p0015__f1__t42,9bbb9c97,phase4d-transfer-lr-warmup__minipigs__sub-02_ses-02_task-AcousStim_acq-RH_desc-raw__fullpool-minipigs-sub-02-sel42-model42-step500__transfer_discriminative__lr0p0015__f1__t42,finished,0.4326037466526031,0.5224254131317139,True,,3550.0,False
transfer_discriminative,minipigs,sub-02,sub-02_ses-02_task-AcousStim_acq-RH_desc-raw,0.003,0,pretrained,phase4d-transfer-lr-warmup__minipigs__sub-02_ses-02_task-AcousStim_acq-RH_desc-raw__fullpool-minipigs-sub-02-sel42-model42-step500__transfer_discriminative__lr0p003__f1__t42,cc4f8405,phase4d-transfer-lr-warmup__minipigs__sub-02_ses-02_task-AcousStim_acq-RH_desc-raw__fullpool-minipigs-sub-02-sel42-model42-step500__transfer_discriminative__lr0p003__f1__t42,finished,0.434307336807251,0.4875907897949219,True,,3014.0,False
transfer_adapter_warmup_uniform,minipigs,sub-02,sub-02_ses-02_task-AcousStim_acq-RH_desc-raw,0.0003,500,pretrained,phase4d-transfer-lr-warmup__minipigs__sub-02_ses-02_task-AcousStim_acq-RH_desc-raw__fullpool-minipigs-sub-02-sel42-model42-step500__transfer_adapter_warmup_uniform__lr0p0003__f1__t42,7f5d4150,phase4d-transfer-lr-warmup__minipigs__sub-02_ses-02_task-AcousStim_acq-RH_desc-raw__fullpool-minipigs-sub-02-sel42-model42-step500__transfer_adapter_warmup_uniform__lr0p0003__f1__t42,finished,0.35762304067611694,0.4590235650539398,True,,3550.0,False
transfer_adapter_warmup_uniform,minipigs,sub-02,sub-02_ses-02_task-AcousStim_acq-RH_desc-raw,0.003,500,pretrained,phase4d-transfer-lr-warmup__minipigs__sub-02_ses-02_task-AcousStim_acq-RH_desc-raw__fullpool-minipigs-sub-02-sel42-model42-step500__transfer_adapter_warmup_uniform__lr0p003__f1__t42,abb5733e,phase4d-transfer-lr-warmup__minipigs__sub-02_ses-02_task-AcousStim_acq-RH_desc-raw__fullpool-minipigs-sub-02-sel42-model42-step500__transfer_adapter_warmup_uniform__lr0p003__f1__t42,finished,0.28685909509658813,0.3893055319786072,True,,3684.0,False
transfer_discriminative,minipigs,sub-02,sub-02_ses-02_task-AcousStim_acq-RH_desc-raw,0.0003,0,pretrained,phase4d-transfer-lr-warmup__minipigs__sub-02_ses-02_task-AcousStim_acq-RH_desc-raw__fullpool-minipigs-sub-02-sel42-model42-step500__transfer_discriminative__lr0p0003__f1__t42,2b863136,phase4d-transfer-lr-warmup__minipigs__sub-02_ses-02_task-AcousStim_acq-RH_desc-raw__fullpool-minipigs-sub-02-sel42-model42-step500__transfer_discriminative__lr0p0003__f1__t42,finished,0.3218216300010681,0.24698519706726071,True,,7905.0,False
transfer_adapter_warmup_discriminative,minipigs,sub-02,sub-02_ses-02_task-AcousStim_acq-RH_desc-raw,0.0003,500,pretrained,phase4d-transfer-lr-warmup__minipigs__sub-02_ses-02_task-AcousStim_acq-RH_desc-raw__fullpool-minipigs-sub-02-sel42-model42-step500__transfer_adapter_warmup_discriminative__lr0p0003__f1__t42,61ba9075,phase4d-transfer-lr-warmup__minipigs__sub-02_ses-02_task-AcousStim_acq-RH_desc-raw__fullpool-minipigs-sub-02-sel42-model42-step500__transfer_adapter_warmup_discriminative__lr0p0003__f1__t42,finished,0.4068251848220825,0.46999508142471313,True,,9379.0,False
transfer_adapter_warmup_uniform,minipigs,sub-02,sub-02_ses-02_task-AcousStim_acq-RH_desc-raw,0.0015,500,pretrained,phase4d-transfer-lr-warmup__minipigs__sub-02_ses-02_task-AcousStim_acq-RH_desc-raw__fullpool-minipigs-sub-02-sel42-model42-step500__transfer_adapter_warmup_uniform__lr0p0015__f1__t42,e41bc9d1,phase4d-transfer-lr-warmup__minipigs__sub-02_ses-02_task-AcousStim_acq-RH_desc-raw__fullpool-minipigs-sub-02-sel42-model42-step500__transfer_adapter_warmup_uniform__lr0p0015__f1__t42,finished,0.36673545837402344,0.06231962516903877,True,,2009.0,False
transfer_adapter_warmup_discriminative,minipigs,sub-02,sub-02_ses-02_task-AcousStim_acq-RH_desc-raw,0.0015,500,pretrained,phase4d-transfer-lr-warmup__minipigs__sub-02_ses-02_task-AcousStim_acq-RH_desc-raw__fullpool-minipigs-sub-02-sel42-model42-step500__transfer_adapter_warmup_discriminative__lr0p0015__f1__t42,6ff8581f,phase4d-transfer-lr-warmup__minipigs__sub-02_ses-02_task-AcousStim_acq-RH_desc-raw__fullpool-minipigs-sub-02-sel42-model42-step500__transfer_adapter_warmup_discriminative__lr0p0015__f1__t42,finished,0.4427419900894165,0.5294844508171082,True,,4086.0,False
transfer_adapter_warmup_discriminative,minipigs,sub-02,sub-02_ses-02_task-AcousStim_acq-RH_desc-raw,0.003,500,pretrained,phase4d-transfer-lr-warmup__minipigs__sub-02_ses-02_task-AcousStim_acq-RH_desc-raw__fullpool-minipigs-sub-02-sel42-model42-step500__transfer_adapter_warmup_discriminative__lr0p003__f1__t42,ce9b8b2b,phase4d-transfer-lr-warmup__minipigs__sub-02_ses-02_task-AcousStim_acq-RH_desc-raw__fullpool-minipigs-sub-02-sel42-model42-step500__transfer_adapter_warmup_discriminative__lr0p003__f1__t42,finished,0.38860905170440674,0.516102135181427,True,,4019.0,False
transfer_uniform,minipigs,sub-03,sub-03_ses-01_task-AcousStim_acq-LH_desc-raw,0.003,0,pretrained,phase4d-transfer-lr-warmup__minipigs__sub-03_ses-01_task-AcousStim_acq-LH_desc-raw__fullpool-minipigs-sub-03-sel42-model42-step500__transfer_uniform__lr0p003__f1__t42,2a8a7f9c,phase4d-transfer-lr-warmup__minipigs__sub-03_ses-01_task-AcousStim_acq-LH_desc-raw__fullpool-minipigs-sub-03-sel42-model42-step500__transfer_uniform__lr0p003__f1__t42,finished,0.50992751121521,0.730707049369812,True,,2239.0,False
transfer_uniform,minipigs,sub-03,sub-03_ses-01_task-AcousStim_acq-LH_desc-raw,0.0015,0,pretrained,phase4d-transfer-lr-warmup__minipigs__sub-03_ses-01_task-AcousStim_acq-LH_desc-raw__fullpool-minipigs-sub-03-sel42-model42-step500__transfer_uniform__lr0p0015__f1__t42,f87b7581,phase4d-transfer-lr-warmup__minipigs__sub-03_ses-01_task-AcousStim_acq-LH_desc-raw__fullpool-minipigs-sub-03-sel42-model42-step500__transfer_uniform__lr0p0015__f1__t42,finished,0.5471234321594238,0.7181620001792908,True,,2239.0,False
transfer_discriminative,minipigs,sub-03,sub-03_ses-01_task-AcousStim_acq-LH_desc-raw,0.0003,0,pretrained,phase4d-transfer-lr-warmup__minipigs__sub-03_ses-01_task-AcousStim_acq-LH_desc-raw__fullpool-minipigs-sub-03-sel42-model42-step500__transfer_discriminative__lr0p0003__f1__t42,645e1ad9,phase4d-transfer-lr-warmup__minipigs__sub-03_ses-01_task-AcousStim_acq-LH_desc-raw__fullpool-minipigs-sub-03-sel42-model42-step500__transfer_discriminative__lr0p0003__f1__t42,finished,0.46027302742004395,0.5322116017341614,True,,6463.0,False
transfer_uniform,minipigs,sub-03,sub-03_ses-01_task-AcousStim_acq-LH_desc-raw,0.0003,0,pretrained,phase4d-transfer-lr-warmup__minipigs__sub-03_ses-01_task-AcousStim_acq-LH_desc-raw__fullpool-minipigs-sub-03-sel42-model42-step500__transfer_uniform__lr0p0003__f1__t42,3a152534,phase4d-transfer-lr-warmup__minipigs__sub-03_ses-01_task-AcousStim_acq-LH_desc-raw__fullpool-minipigs-sub-03-sel42-model42-step500__transfer_uniform__lr0p0003__f1__t42,finished,0.5256350636482239,0.6842052936553955,True,,3391.0,False
transfer_discriminative,minipigs,sub-03,sub-03_ses-01_task-AcousStim_acq-LH_desc-raw,0.0015,0,pretrained,phase4d-transfer-lr-warmup__minipigs__sub-03_ses-01_task-AcousStim_acq-LH_desc-raw__fullpool-minipigs-sub-03-sel42-model42-step500__transfer_discriminative__lr0p0015__f1__t42,5c896e4b,phase4d-transfer-lr-warmup__minipigs__sub-03_ses-01_task-AcousStim_acq-LH_desc-raw__fullpool-minipigs-sub-03-sel42-model42-step500__transfer_discriminative__lr0p0015__f1__t42,finished,0.5198860168457031,0.6645678281784058,True,,3263.0,False
transfer_discriminative,minipigs,sub-03,sub-03_ses-01_task-AcousStim_acq-LH_desc-raw,0.003,0,pretrained,phase4d-transfer-lr-warmup__minipigs__sub-03_ses-01_task-AcousStim_acq-LH_desc-raw__fullpool-minipigs-sub-03-sel42-model42-step500__transfer_discriminative__lr0p003__f1__t42,ac80f3d3,phase4d-transfer-lr-warmup__minipigs__sub-03_ses-01_task-AcousStim_acq-LH_desc-raw__fullpool-minipigs-sub-03-sel42-model42-step500__transfer_discriminative__lr0p003__f1__t42,finished,0.5329131484031677,0.6834757924079895,True,,2175.0,False
transfer_adapter_warmup_uniform,minipigs,sub-03,sub-03_ses-01_task-AcousStim_acq-LH_desc-raw,0.0003,500,pretrained,phase4d-transfer-lr-warmup__minipigs__sub-03_ses-01_task-AcousStim_acq-LH_desc-raw__fullpool-minipigs-sub-03-sel42-model42-step500__transfer_adapter_warmup_uniform__lr0p0003__f1__t42,e7b73653,phase4d-transfer-lr-warmup__minipigs__sub-03_ses-01_task-AcousStim_acq-LH_desc-raw__fullpool-minipigs-sub-03-sel42-model42-step500__transfer_adapter_warmup_uniform__lr0p0003__f1__t42,finished,0.4800705313682556,0.6397607326507568,True,,3199.0,False
transfer_adapter_warmup_uniform,minipigs,sub-03,sub-03_ses-01_task-AcousStim_acq-LH_desc-raw,0.0015,500,pretrained,phase4d-transfer-lr-warmup__minipigs__sub-03_ses-01_task-AcousStim_acq-LH_desc-raw__fullpool-minipigs-sub-03-sel42-model42-step500__transfer_adapter_warmup_uniform__lr0p0015__f1__t42,aa58e3cf,phase4d-transfer-lr-warmup__minipigs__sub-03_ses-01_task-AcousStim_acq-LH_desc-raw__fullpool-minipigs-sub-03-sel42-model42-step500__transfer_adapter_warmup_uniform__lr0p0015__f1__t42,finished,0.4733201861381531,0.64735347032547,True,,1855.0,False
transfer_adapter_warmup_discriminative,minipigs,sub-03,sub-03_ses-01_task-AcousStim_acq-LH_desc-raw,0.0003,500,pretrained,phase4d-transfer-lr-warmup__minipigs__sub-03_ses-01_task-AcousStim_acq-LH_desc-raw__fullpool-minipigs-sub-03-sel42-model42-step500__transfer_adapter_warmup_discriminative__lr0p0003__f1__t42,a2e61d24,phase4d-transfer-lr-warmup__minipigs__sub-03_ses-01_task-AcousStim_acq-LH_desc-raw__fullpool-minipigs-sub-03-sel42-model42-step500__transfer_adapter_warmup_discriminative__lr0p0003__f1__t42,finished,0.4740608036518097,0.5679721832275391,True,,5823.0,False
transfer_adapter_warmup_uniform,minipigs,sub-03,sub-03_ses-01_task-AcousStim_acq-LH_desc-raw,0.003,500,pretrained,phase4d-transfer-lr-warmup__minipigs__sub-03_ses-01_task-AcousStim_acq-LH_desc-raw__fullpool-minipigs-sub-03-sel42-model42-step500__transfer_adapter_warmup_uniform__lr0p003__f1__t42,4f203f4c,phase4d-transfer-lr-warmup__minipigs__sub-03_ses-01_task-AcousStim_acq-LH_desc-raw__fullpool-minipigs-sub-03-sel42-model42-step500__transfer_adapter_warmup_uniform__lr0p003__f1__t42,finished,0.5184839963912964,0.6799909472465515,True,,1407.0,False
transfer_adapter_warmup_discriminative,minipigs,sub-03,sub-03_ses-01_task-AcousStim_acq-LH_desc-raw,0.003,500,pretrained,phase4d-transfer-lr-warmup__minipigs__sub-03_ses-01_task-AcousStim_acq-LH_desc-raw__fullpool-minipigs-sub-03-sel42-model42-step500__transfer_adapter_warmup_discriminative__lr0p003__f1__t42,b1c6e508,phase4d-transfer-lr-warmup__minipigs__sub-03_ses-01_task-AcousStim_acq-LH_desc-raw__fullpool-minipigs-sub-03-sel42-model42-step500__transfer_adapter_warmup_discriminative__lr0p003__f1__t42,finished,0.5487885475158691,0.6611276865005493,True,,2303.0,False
transfer_uniform,minipigs,sub-03,sub-03_ses-01_task-AcousStim_acq-RH_desc-raw,0.0015,0,pretrained,phase4d-transfer-lr-warmup__minipigs__sub-03_ses-01_task-AcousStim_acq-RH_desc-raw__fullpool-minipigs-sub-03-sel42-model42-step500__transfer_uniform__lr0p0015__f1__t42,a434ea2b,phase4d-transfer-lr-warmup__minipigs__sub-03_ses-01_task-AcousStim_acq-RH_desc-raw__fullpool-minipigs-sub-03-sel42-model42-step500__transfer_uniform__lr0p0015__f1__t42,finished,0.5424586534500122,0.6514432430267334,True,,1177.0,False
transfer_uniform,minipigs,sub-03,sub-03_ses-01_task-AcousStim_acq-RH_desc-raw,0.003,0,pretrained,phase4d-transfer-lr-warmup__minipigs__sub-03_ses-01_task-AcousStim_acq-RH_desc-raw__fullpool-minipigs-sub-03-sel42-model42-step500__transfer_uniform__lr0p003__f1__t42,717ce457,phase4d-transfer-lr-warmup__minipigs__sub-03_ses-01_task-AcousStim_acq-RH_desc-raw__fullpool-minipigs-sub-03-sel42-model42-step500__transfer_uniform__lr0p003__f1__t42,finished,0.5974791646003723,0.6538305282592773,True,,2107.0,False
transfer_adapter_warmup_discriminative,minipigs,sub-03,sub-03_ses-01_task-AcousStim_acq-LH_desc-raw,0.0015,500,pretrained,phase4d-transfer-lr-warmup__minipigs__sub-03_ses-01_task-AcousStim_acq-LH_desc-raw__fullpool-minipigs-sub-03-sel42-model42-step500__transfer_adapter_warmup_discriminative__lr0p0015__f1__t42,a575cd40,phase4d-transfer-lr-warmup__minipigs__sub-03_ses-01_task-AcousStim_acq-LH_desc-raw__fullpool-minipigs-sub-03-sel42-model42-step500__transfer_adapter_warmup_discriminative__lr0p0015__f1__t42,finished,0.511825680732727,0.6786769032478333,True,,3967.0,False
transfer_adapter_warmup_uniform,minipigs,sub-03,sub-03_ses-01_task-AcousStim_acq-RH_desc-raw,0.0015,500,pretrained,phase4d-transfer-lr-warmup__minipigs__sub-03_ses-01_task-AcousStim_acq-RH_desc-raw__fullpool-minipigs-sub-03-sel42-model42-step500__transfer_adapter_warmup_uniform__lr0p0015__f1__t42,60267262,phase4d-transfer-lr-warmup__minipigs__sub-03_ses-01_task-AcousStim_acq-RH_desc-raw__fullpool-minipigs-sub-03-sel42-model42-step500__transfer_adapter_warmup_uniform__lr0p0015__f1__t42,finished,0.5716121196746826,0.6826772093772888,True,,3099.0,False
transfer_uniform,minipigs,sub-03,sub-03_ses-01_task-AcousStim_acq-RH_desc-raw,0.0003,0,pretrained,phase4d-transfer-lr-warmup__minipigs__sub-03_ses-01_task-AcousStim_acq-RH_desc-raw__fullpool-minipigs-sub-03-sel42-model42-step500__transfer_uniform__lr0p0003__f1__t42,af682972,phase4d-transfer-lr-warmup__minipigs__sub-03_ses-01_task-AcousStim_acq-RH_desc-raw__fullpool-minipigs-sub-03-sel42-model42-step500__transfer_uniform__lr0p0003__f1__t42,finished,0.5469972491264343,0.6866472959518433,True,,1487.0,False
transfer_discriminative,minipigs,sub-03,sub-03_ses-01_task-AcousStim_acq-RH_desc-raw,0.003,0,pretrained,phase4d-transfer-lr-warmup__minipigs__sub-03_ses-01_task-AcousStim_acq-RH_desc-raw__fullpool-minipigs-sub-03-sel42-model42-step500__transfer_discriminative__lr0p003__f1__t42,6a3e9b6d,phase4d-transfer-lr-warmup__minipigs__sub-03_ses-01_task-AcousStim_acq-RH_desc-raw__fullpool-minipigs-sub-03-sel42-model42-step500__transfer_discriminative__lr0p003__f1__t42,finished,0.5760560035705566,0.6749317646026611,True,,1487.0,False
transfer_discriminative,minipigs,sub-03,sub-03_ses-01_task-AcousStim_acq-RH_desc-raw,0.0003,0,pretrained,phase4d-transfer-lr-warmup__minipigs__sub-03_ses-01_task-AcousStim_acq-RH_desc-raw__fullpool-minipigs-sub-03-sel42-model42-step500__transfer_discriminative__lr0p0003__f1__t42,93361226,phase4d-transfer-lr-warmup__minipigs__sub-03_ses-01_task-AcousStim_acq-RH_desc-raw__fullpool-minipigs-sub-03-sel42-model42-step500__transfer_discriminative__lr0p0003__f1__t42,finished,0.5509173274040222,0.5252237319946289,True,,6447.0,False
transfer_adapter_warmup_uniform,minipigs,sub-03,sub-03_ses-01_task-AcousStim_acq-RH_desc-raw,0.0003,500,pretrained,phase4d-transfer-lr-warmup__minipigs__sub-03_ses-01_task-AcousStim_acq-RH_desc-raw__fullpool-minipigs-sub-03-sel42-model42-step500__transfer_adapter_warmup_uniform__lr0p0003__f1__t42,f03360ff,phase4d-transfer-lr-warmup__minipigs__sub-03_ses-01_task-AcousStim_acq-RH_desc-raw__fullpool-minipigs-sub-03-sel42-model42-step500__transfer_adapter_warmup_uniform__lr0p0003__f1__t42,finished,0.5457807183265686,0.6543375253677368,True,,2231.0,False
transfer_discriminative,minipigs,sub-03,sub-03_ses-01_task-AcousStim_acq-RH_desc-raw,0.0015,0,pretrained,phase4d-transfer-lr-warmup__minipigs__sub-03_ses-01_task-AcousStim_acq-RH_desc-raw__fullpool-minipigs-sub-03-sel42-model42-step500__transfer_discriminative__lr0p0015__f1__t42,75b67c37,phase4d-transfer-lr-warmup__minipigs__sub-03_ses-01_task-AcousStim_acq-RH_desc-raw__fullpool-minipigs-sub-03-sel42-model42-step500__transfer_discriminative__lr0p0015__f1__t42,finished,0.5524848699569702,0.3991975486278534,True,,3285.0,False
transfer_adapter_warmup_discriminative,minipigs,sub-03,sub-03_ses-01_task-AcousStim_acq-RH_desc-raw,0.0003,500,pretrained,phase4d-transfer-lr-warmup__minipigs__sub-03_ses-01_task-AcousStim_acq-RH_desc-raw__fullpool-minipigs-sub-03-sel42-model42-step500__transfer_adapter_warmup_discriminative__lr0p0003__f1__t42,05d46894,phase4d-transfer-lr-warmup__minipigs__sub-03_ses-01_task-AcousStim_acq-RH_desc-raw__fullpool-minipigs-sub-03-sel42-model42-step500__transfer_adapter_warmup_discriminative__lr0p0003__f1__t42,finished,0.5344015955924988,0.5796244144439697,True,,6509.0,False
transfer_adapter_warmup_uniform,minipigs,sub-03,sub-03_ses-01_task-AcousStim_acq-RH_desc-raw,0.003,500,pretrained,phase4d-transfer-lr-warmup__minipigs__sub-03_ses-01_task-AcousStim_acq-RH_desc-raw__fullpool-minipigs-sub-03-sel42-model42-step500__transfer_adapter_warmup_uniform__lr0p003__f1__t42,0f8c21a8,phase4d-transfer-lr-warmup__minipigs__sub-03_ses-01_task-AcousStim_acq-RH_desc-raw__fullpool-minipigs-sub-03-sel42-model42-step500__transfer_adapter_warmup_uniform__lr0p003__f1__t42,finished,0.5260289311408997,0.6692277789115906,True,,1673.0,False
transfer_adapter_warmup_discriminative,minipigs,sub-03,sub-03_ses-01_task-AcousStim_acq-RH_desc-raw,0.0015,500,pretrained,phase4d-transfer-lr-warmup__minipigs__sub-03_ses-01_task-AcousStim_acq-RH_desc-raw__fullpool-minipigs-sub-03-sel42-model42-step500__transfer_adapter_warmup_discriminative__lr0p0015__f1__t42,da4cb8e7,phase4d-transfer-lr-warmup__minipigs__sub-03_ses-01_task-AcousStim_acq-RH_desc-raw__fullpool-minipigs-sub-03-sel42-model42-step500__transfer_adapter_warmup_discriminative__lr0p0015__f1__t42,finished,0.5474783182144165,0.6115847826004028,True,,2293.0,False
transfer_adapter_warmup_discriminative,minipigs,sub-03,sub-03_ses-01_task-AcousStim_acq-RH_desc-raw,0.003,500,pretrained,phase4d-transfer-lr-warmup__minipigs__sub-03_ses-01_task-AcousStim_acq-RH_desc-raw__fullpool-minipigs-sub-03-sel42-model42-step500__transfer_adapter_warmup_discriminative__lr0p003__f1__t42,8ce0111c,phase4d-transfer-lr-warmup__minipigs__sub-03_ses-01_task-AcousStim_acq-RH_desc-raw__fullpool-minipigs-sub-03-sel42-model42-step500__transfer_adapter_warmup_discriminative__lr0p003__f1__t42,finished,0.5474886894226074,0.7406873106956482,True,,2169.0,False
transfer_uniform,minipigs,sub-03,sub-03_ses-03_task-AcousStim_acq-LHanest_desc-raw,0.003,0,pretrained,phase4d-transfer-lr-warmup__minipigs__sub-03_ses-03_task-AcousStim_acq-LHanest_desc-raw__fullpool-minipigs-sub-03-sel42-model42-step500__transfer_uniform__lr0p003__f1__t42,f826e1d9,phase4d-transfer-lr-warmup__minipigs__sub-03_ses-03_task-AcousStim_acq-LHanest_desc-raw__fullpool-minipigs-sub-03-sel42-model42-step500__transfer_uniform__lr0p003__f1__t42,finished,0.7227611541748047,0.7620854377746582,True,,4453.0,False
transfer_uniform,minipigs,sub-03,sub-03_ses-03_task-AcousStim_acq-LHanest_desc-raw,0.0003,0,pretrained,phase4d-transfer-lr-warmup__minipigs__sub-03_ses-03_task-AcousStim_acq-LHanest_desc-raw__fullpool-minipigs-sub-03-sel42-model42-step500__transfer_uniform__lr0p0003__f1__t42,da34ccdf,phase4d-transfer-lr-warmup__minipigs__sub-03_ses-03_task-AcousStim_acq-LHanest_desc-raw__fullpool-minipigs-sub-03-sel42-model42-step500__transfer_uniform__lr0p0003__f1__t42,finished,0.6642148494720459,0.665876030921936,True,,5501.0,False
transfer_discriminative,minipigs,sub-03,sub-03_ses-03_task-AcousStim_acq-LHanest_desc-raw,0.0003,0,pretrained,phase4d-transfer-lr-warmup__minipigs__sub-03_ses-03_task-AcousStim_acq-LHanest_desc-raw__fullpool-minipigs-sub-03-sel42-model42-step500__transfer_discriminative__lr0p0003__f1__t42,c5f7edf8,phase4d-transfer-lr-warmup__minipigs__sub-03_ses-03_task-AcousStim_acq-LHanest_desc-raw__fullpool-minipigs-sub-03-sel42-model42-step500__transfer_discriminative__lr0p0003__f1__t42,finished,0.5670530200004578,0.24492114782333377,True,,16898.0,False
transfer_uniform,minipigs,sub-03,sub-03_ses-03_task-AcousStim_acq-LHanest_desc-raw,0.0015,0,pretrained,phase4d-transfer-lr-warmup__minipigs__sub-03_ses-03_task-AcousStim_acq-LHanest_desc-raw__fullpool-minipigs-sub-03-sel42-model42-step500__transfer_uniform__lr0p0015__f1__t42,e37d82f9,phase4d-transfer-lr-warmup__minipigs__sub-03_ses-03_task-AcousStim_acq-LHanest_desc-raw__fullpool-minipigs-sub-03-sel42-model42-step500__transfer_uniform__lr0p0015__f1__t42,finished,0.7233706712722778,0.7671626806259155,True,,4060.0,False
transfer_adapter_warmup_uniform,minipigs,sub-03,sub-03_ses-03_task-AcousStim_acq-LHanest_desc-raw,0.003,500,pretrained,phase4d-transfer-lr-warmup__minipigs__sub-03_ses-03_task-AcousStim_acq-LHanest_desc-raw__fullpool-minipigs-sub-03-sel42-model42-step500__transfer_adapter_warmup_uniform__lr0p003__f1__t42,1f7bd63e,phase4d-transfer-lr-warmup__minipigs__sub-03_ses-03_task-AcousStim_acq-LHanest_desc-raw__fullpool-minipigs-sub-03-sel42-model42-step500__transfer_adapter_warmup_uniform__lr0p003__f1__t42,finished,0.7271676659584045,0.7933312058448792,True,,4322.0,False
transfer_discriminative,minipigs,sub-03,sub-03_ses-03_task-AcousStim_acq-LHanest_desc-raw,0.003,0,pretrained,phase4d-transfer-lr-warmup__minipigs__sub-03_ses-03_task-AcousStim_acq-LHanest_desc-raw__fullpool-minipigs-sub-03-sel42-model42-step500__transfer_discriminative__lr0p003__f1__t42,0fddd464,phase4d-transfer-lr-warmup__minipigs__sub-03_ses-03_task-AcousStim_acq-LHanest_desc-raw__fullpool-minipigs-sub-03-sel42-model42-step500__transfer_discriminative__lr0p003__f1__t42,finished,0.7300288677215576,0.8090970516204834,True,,5894.0,False
transfer_adapter_warmup_uniform,minipigs,sub-03,sub-03_ses-03_task-AcousStim_acq-LHanest_desc-raw,0.0015,500,pretrained,phase4d-transfer-lr-warmup__minipigs__sub-03_ses-03_task-AcousStim_acq-LHanest_desc-raw__fullpool-minipigs-sub-03-sel42-model42-step500__transfer_adapter_warmup_uniform__lr0p0015__f1__t42,5c24fba8,phase4d-transfer-lr-warmup__minipigs__sub-03_ses-03_task-AcousStim_acq-LHanest_desc-raw__fullpool-minipigs-sub-03-sel42-model42-step500__transfer_adapter_warmup_uniform__lr0p0015__f1__t42,finished,0.7453879117965698,0.8040567636489868,True,,4191.0,False
transfer_adapter_warmup_uniform,minipigs,sub-03,sub-03_ses-03_task-AcousStim_acq-LHanest_desc-raw,0.0003,500,pretrained,phase4d-transfer-lr-warmup__minipigs__sub-03_ses-03_task-AcousStim_acq-LHanest_desc-raw__fullpool-minipigs-sub-03-sel42-model42-step500__transfer_adapter_warmup_uniform__lr0p0003__f1__t42,7b0215b7,phase4d-transfer-lr-warmup__minipigs__sub-03_ses-03_task-AcousStim_acq-LHanest_desc-raw__fullpool-minipigs-sub-03-sel42-model42-step500__transfer_adapter_warmup_uniform__lr0p0003__f1__t42,finished,0.6777335405349731,0.7509473562240601,True,,5894.0,False
transfer_discriminative,minipigs,sub-03,sub-03_ses-03_task-AcousStim_acq-LHanest_desc-raw,0.0015,0,pretrained,phase4d-transfer-lr-warmup__minipigs__sub-03_ses-03_task-AcousStim_acq-LHanest_desc-raw__fullpool-minipigs-sub-03-sel42-model42-step500__transfer_discriminative__lr0p0015__f1__t42,80b2a152,phase4d-transfer-lr-warmup__minipigs__sub-03_ses-03_task-AcousStim_acq-LHanest_desc-raw__fullpool-minipigs-sub-03-sel42-model42-step500__transfer_discriminative__lr0p0015__f1__t42,finished,0.734948456287384,0.7703266143798828,True,,7597.0,False
transfer_adapter_warmup_discriminative,minipigs,sub-03,sub-03_ses-03_task-AcousStim_acq-LHanest_desc-raw,0.0003,500,pretrained,phase4d-transfer-lr-warmup__minipigs__sub-03_ses-03_task-AcousStim_acq-LHanest_desc-raw__fullpool-minipigs-sub-03-sel42-model42-step500__transfer_adapter_warmup_discriminative__lr0p0003__f1__t42,5fd476e5,phase4d-transfer-lr-warmup__minipigs__sub-03_ses-03_task-AcousStim_acq-LHanest_desc-raw__fullpool-minipigs-sub-03-sel42-model42-step500__transfer_adapter_warmup_discriminative__lr0p0003__f1__t42,finished,0.5699066519737244,0.25808072090148926,True,,16112.0,False
transfer_adapter_warmup_discriminative,minipigs,sub-03,sub-03_ses-03_task-AcousStim_acq-LHanest_desc-raw,0.0015,500,pretrained,phase4d-transfer-lr-warmup__minipigs__sub-03_ses-03_task-AcousStim_acq-LHanest_desc-raw__fullpool-minipigs-sub-03-sel42-model42-step500__transfer_adapter_warmup_discriminative__lr0p0015__f1__t42,b3ffded3,phase4d-transfer-lr-warmup__minipigs__sub-03_ses-03_task-AcousStim_acq-LHanest_desc-raw__fullpool-minipigs-sub-03-sel42-model42-step500__transfer_adapter_warmup_discriminative__lr0p0015__f1__t42,finished,0.719175398349762,0.804389238357544,True,,7990.0,False
transfer_uniform,minipigs,sub-03,sub-03_ses-03_task-AcousStim_acq-RHanest_desc-raw,0.0015,0,pretrained,phase4d-transfer-lr-warmup__minipigs__sub-03_ses-03_task-AcousStim_acq-RHanest_desc-raw__fullpool-minipigs-sub-03-sel42-model42-step500__transfer_uniform__lr0p0015__f1__t42,fa777eb2,phase4d-transfer-lr-warmup__minipigs__sub-03_ses-03_task-AcousStim_acq-RHanest_desc-raw__fullpool-minipigs-sub-03-sel42-model42-step500__transfer_uniform__lr0p0015__f1__t42,finished,0.6489408016204834,0.5941909551620483,True,,5108.0,False
transfer_adapter_warmup_discriminative,minipigs,sub-03,sub-03_ses-03_task-AcousStim_acq-LHanest_desc-raw,0.003,500,pretrained,phase4d-transfer-lr-warmup__minipigs__sub-03_ses-03_task-AcousStim_acq-LHanest_desc-raw__fullpool-minipigs-sub-03-sel42-model42-step500__transfer_adapter_warmup_discriminative__lr0p003__f1__t42,a98ffe85,phase4d-transfer-lr-warmup__minipigs__sub-03_ses-03_task-AcousStim_acq-LHanest_desc-raw__fullpool-minipigs-sub-03-sel42-model42-step500__transfer_adapter_warmup_discriminative__lr0p003__f1__t42,finished,0.7109525799751282,0.804816722869873,True,,5370.0,False
transfer_uniform,minipigs,sub-03,sub-03_ses-03_task-AcousStim_acq-RHanest_desc-raw,0.0003,0,pretrained,phase4d-transfer-lr-warmup__minipigs__sub-03_ses-03_task-AcousStim_acq-RHanest_desc-raw__fullpool-minipigs-sub-03-sel42-model42-step500__transfer_uniform__lr0p0003__f1__t42,d151f646,phase4d-transfer-lr-warmup__minipigs__sub-03_ses-03_task-AcousStim_acq-RHanest_desc-raw__fullpool-minipigs-sub-03-sel42-model42-step500__transfer_uniform__lr0p0003__f1__t42,finished,0.6246906518936157,0.4847850203514099,True,,5894.0,False
transfer_uniform,minipigs,sub-03,sub-03_ses-03_task-AcousStim_acq-RHanest_desc-raw,0.003,0,pretrained,phase4d-transfer-lr-warmup__minipigs__sub-03_ses-03_task-AcousStim_acq-RHanest_desc-raw__fullpool-minipigs-sub-03-sel42-model42-step500__transfer_uniform__lr0p003__f1__t42,17d0f100,phase4d-transfer-lr-warmup__minipigs__sub-03_ses-03_task-AcousStim_acq-RHanest_desc-raw__fullpool-minipigs-sub-03-sel42-model42-step500__transfer_uniform__lr0p003__f1__t42,finished,0.6556227207183838,0.638702392578125,True,,4977.0,False
transfer_discriminative,minipigs,sub-03,sub-03_ses-03_task-AcousStim_acq-RHanest_desc-raw,0.0003,0,pretrained,phase4d-transfer-lr-warmup__minipigs__sub-03_ses-03_task-AcousStim_acq-RHanest_desc-raw__fullpool-minipigs-sub-03-sel42-model42-step500__transfer_discriminative__lr0p0003__f1__t42,16283bd1,phase4d-transfer-lr-warmup__minipigs__sub-03_ses-03_task-AcousStim_acq-RHanest_desc-raw__fullpool-minipigs-sub-03-sel42-model42-step500__transfer_discriminative__lr0p0003__f1__t42,finished,0.5636957883834839,0.25157415866851807,True,,21221.0,False
transfer_discriminative,minipigs,sub-03,sub-03_ses-03_task-AcousStim_acq-RHanest_desc-raw,0.0015,0,pretrained,phase4d-transfer-lr-warmup__minipigs__sub-03_ses-03_task-AcousStim_acq-RHanest_desc-raw__fullpool-minipigs-sub-03-sel42-model42-step500__transfer_discriminative__lr0p0015__f1__t42,52917761,phase4d-transfer-lr-warmup__minipigs__sub-03_ses-03_task-AcousStim_acq-RHanest_desc-raw__fullpool-minipigs-sub-03-sel42-model42-step500__transfer_discriminative__lr0p0015__f1__t42,finished,0.6756340861320496,0.7699136137962341,True,,7335.0,False
transfer_adapter_warmup_uniform,minipigs,sub-03,sub-03_ses-03_task-AcousStim_acq-RHanest_desc-raw,0.003,500,pretrained,phase4d-transfer-lr-warmup__minipigs__sub-03_ses-03_task-AcousStim_acq-RHanest_desc-raw__fullpool-minipigs-sub-03-sel42-model42-step500__transfer_adapter_warmup_uniform__lr0p003__f1__t42,6fc0bd3d,phase4d-transfer-lr-warmup__minipigs__sub-03_ses-03_task-AcousStim_acq-RHanest_desc-raw__fullpool-minipigs-sub-03-sel42-model42-step500__transfer_adapter_warmup_uniform__lr0p003__f1__t42,finished,0.6757410168647766,0.7678763270378113,True,,3667.0,False
transfer_adapter_warmup_uniform,minipigs,sub-03,sub-03_ses-03_task-AcousStim_acq-RHanest_desc-raw,0.0003,500,pretrained,phase4d-transfer-lr-warmup__minipigs__sub-03_ses-03_task-AcousStim_acq-RHanest_desc-raw__fullpool-minipigs-sub-03-sel42-model42-step500__transfer_adapter_warmup_uniform__lr0p0003__f1__t42,28bfbf9f,phase4d-transfer-lr-warmup__minipigs__sub-03_ses-03_task-AcousStim_acq-RHanest_desc-raw__fullpool-minipigs-sub-03-sel42-model42-step500__transfer_adapter_warmup_uniform__lr0p0003__f1__t42,finished,0.6214470863342285,0.3606202006340027,True,,6418.0,False
transfer_adapter_warmup_discriminative,minipigs,sub-03,sub-03_ses-03_task-AcousStim_acq-RHanest_desc-raw,0.0015,500,pretrained,phase4d-transfer-lr-warmup__minipigs__sub-03_ses-03_task-AcousStim_acq-RHanest_desc-raw__fullpool-minipigs-sub-03-sel42-model42-step500__transfer_adapter_warmup_discriminative__lr0p0015__f1__t42,8fe30bef,phase4d-transfer-lr-warmup__minipigs__sub-03_ses-03_task-AcousStim_acq-RHanest_desc-raw__fullpool-minipigs-sub-03-sel42-model42-step500__transfer_adapter_warmup_discriminative__lr0p0015__f1__t42,finished,0.6675792932510376,0.7354244589805603,True,,8121.0,False
transfer_adapter_warmup_uniform,minipigs,sub-03,sub-03_ses-03_task-AcousStim_acq-RHanest_desc-raw,0.0015,500,pretrained,phase4d-transfer-lr-warmup__minipigs__sub-03_ses-03_task-AcousStim_acq-RHanest_desc-raw__fullpool-minipigs-sub-03-sel42-model42-step500__transfer_adapter_warmup_uniform__lr0p0015__f1__t42,655f61af,phase4d-transfer-lr-warmup__minipigs__sub-03_ses-03_task-AcousStim_acq-RHanest_desc-raw__fullpool-minipigs-sub-03-sel42-model42-step500__transfer_adapter_warmup_uniform__lr0p0015__f1__t42,finished,0.657926082611084,0.7444157600402832,True,,4453.0,False
transfer_adapter_warmup_discriminative,minipigs,sub-03,sub-03_ses-03_task-AcousStim_acq-RHanest_desc-raw,0.0003,500,pretrained,phase4d-transfer-lr-warmup__minipigs__sub-03_ses-03_task-AcousStim_acq-RHanest_desc-raw__fullpool-minipigs-sub-03-sel42-model42-step500__transfer_adapter_warmup_discriminative__lr0p0003__f1__t42,c15509ce,phase4d-transfer-lr-warmup__minipigs__sub-03_ses-03_task-AcousStim_acq-RHanest_desc-raw__fullpool-minipigs-sub-03-sel42-model42-step500__transfer_adapter_warmup_discriminative__lr0p0003__f1__t42,finished,0.5747300982475281,0.591163158416748,True,,17160.0,False
transfer_discriminative,minipigs,sub-03,sub-03_ses-04_task-AcousStim_acq-LHanest_desc-raw,0.0015,0,pretrained,phase4d-transfer-lr-warmup__minipigs__sub-03_ses-04_task-AcousStim_acq-LHanest_desc-raw__fullpool-minipigs-sub-03-sel42-model42-step500__transfer_discriminative__lr0p0015__f1__t42,281ec4b3,phase4d-transfer-lr-warmup__minipigs__sub-03_ses-04_task-AcousStim_acq-LHanest_desc-raw__fullpool-minipigs-sub-03-sel42-model42-step500__transfer_discriminative__lr0p0015__f1__t42,finished,0.7864168882369995,0.8506619930267334,True,,1511.0,False
transfer_discriminative,minipigs,sub-03,sub-03_ses-03_task-AcousStim_acq-RHanest_desc-raw,0.003,0,pretrained,phase4d-transfer-lr-warmup__minipigs__sub-03_ses-03_task-AcousStim_acq-RHanest_desc-raw__fullpool-minipigs-sub-03-sel42-model42-step500__transfer_discriminative__lr0p003__f1__t42,383566de,phase4d-transfer-lr-warmup__minipigs__sub-03_ses-03_task-AcousStim_acq-RHanest_desc-raw__fullpool-minipigs-sub-03-sel42-model42-step500__transfer_discriminative__lr0p003__f1__t42,finished,0.6475234031677246,0.786029577255249,True,,6680.0,False
transfer_uniform,minipigs,sub-03,sub-03_ses-04_task-AcousStim_acq-LHanest_desc-raw,0.0015,0,pretrained,phase4d-transfer-lr-warmup__minipigs__sub-03_ses-04_task-AcousStim_acq-LHanest_desc-raw__fullpool-minipigs-sub-03-sel42-model42-step500__transfer_uniform__lr0p0015__f1__t42,0d32c64b,phase4d-transfer-lr-warmup__minipigs__sub-03_ses-04_task-AcousStim_acq-LHanest_desc-raw__fullpool-minipigs-sub-03-sel42-model42-step500__transfer_uniform__lr0p0015__f1__t42,finished,0.7835618853569031,0.8784048557281494,True,,755.0,False
transfer_uniform,minipigs,sub-03,sub-03_ses-04_task-AcousStim_acq-LHanest_desc-raw,0.003,0,pretrained,phase4d-transfer-lr-warmup__minipigs__sub-03_ses-04_task-AcousStim_acq-LHanest_desc-raw__fullpool-minipigs-sub-03-sel42-model42-step500__transfer_uniform__lr0p003__f1__t42,a4dbd997,phase4d-transfer-lr-warmup__minipigs__sub-03_ses-04_task-AcousStim_acq-LHanest_desc-raw__fullpool-minipigs-sub-03-sel42-model42-step500__transfer_uniform__lr0p003__f1__t42,finished,0.8529545068740845,0.8913476467132568,True,,881.0,False
transfer_uniform,minipigs,sub-03,sub-03_ses-04_task-AcousStim_acq-LHanest_desc-raw,0.0003,0,pretrained,phase4d-transfer-lr-warmup__minipigs__sub-03_ses-04_task-AcousStim_acq-LHanest_desc-raw__fullpool-minipigs-sub-03-sel42-model42-step500__transfer_uniform__lr0p0003__f1__t42,fa13353f,phase4d-transfer-lr-warmup__minipigs__sub-03_ses-04_task-AcousStim_acq-LHanest_desc-raw__fullpool-minipigs-sub-03-sel42-model42-step500__transfer_uniform__lr0p0003__f1__t42,finished,0.8179177641868591,0.8653850555419922,True,,1511.0,False
transfer_adapter_warmup_discriminative,minipigs,sub-03,sub-03_ses-03_task-AcousStim_acq-RHanest_desc-raw,0.003,500,pretrained,phase4d-transfer-lr-warmup__minipigs__sub-03_ses-03_task-AcousStim_acq-RHanest_desc-raw__fullpool-minipigs-sub-03-sel42-model42-step500__transfer_adapter_warmup_discriminative__lr0p003__f1__t42,65a0599e,phase4d-transfer-lr-warmup__minipigs__sub-03_ses-03_task-AcousStim_acq-RHanest_desc-raw__fullpool-minipigs-sub-03-sel42-model42-step500__transfer_adapter_warmup_discriminative__lr0p003__f1__t42,finished,0.6457103490829468,0.7511113286018372,True,,6025.0,False
transfer_adapter_warmup_uniform,minipigs,sub-03,sub-03_ses-04_task-AcousStim_acq-LHanest_desc-raw,0.0003,500,pretrained,phase4d-transfer-lr-warmup__minipigs__sub-03_ses-04_task-AcousStim_acq-LHanest_desc-raw__fullpool-minipigs-sub-03-sel42-model42-step500__transfer_adapter_warmup_uniform__lr0p0003__f1__t42,2a49f28d,phase4d-transfer-lr-warmup__minipigs__sub-03_ses-04_task-AcousStim_acq-LHanest_desc-raw__fullpool-minipigs-sub-03-sel42-model42-step500__transfer_adapter_warmup_uniform__lr0p0003__f1__t42,finished,0.778364896774292,0.06816726922988892,True,,1385.0,False
transfer_discriminative,minipigs,sub-03,sub-03_ses-04_task-AcousStim_acq-LHanest_desc-raw,0.0003,0,pretrained,phase4d-transfer-lr-warmup__minipigs__sub-03_ses-04_task-AcousStim_acq-LHanest_desc-raw__fullpool-minipigs-sub-03-sel42-model42-step500__transfer_discriminative__lr0p0003__f1__t42,4aa865e8,phase4d-transfer-lr-warmup__minipigs__sub-03_ses-04_task-AcousStim_acq-LHanest_desc-raw__fullpool-minipigs-sub-03-sel42-model42-step500__transfer_discriminative__lr0p0003__f1__t42,finished,0.7240925431251526,0.4378187656402588,True,,5417.0,False
transfer_discriminative,minipigs,sub-03,sub-03_ses-04_task-AcousStim_acq-LHanest_desc-raw,0.003,0,pretrained,phase4d-transfer-lr-warmup__minipigs__sub-03_ses-04_task-AcousStim_acq-LHanest_desc-raw__fullpool-minipigs-sub-03-sel42-model42-step500__transfer_discriminative__lr0p003__f1__t42,5762e10e,phase4d-transfer-lr-warmup__minipigs__sub-03_ses-04_task-AcousStim_acq-LHanest_desc-raw__fullpool-minipigs-sub-03-sel42-model42-step500__transfer_discriminative__lr0p003__f1__t42,finished,0.7794026136398315,0.8689086437225342,True,,1007.0,False
transfer_adapter_warmup_discriminative,minipigs,sub-03,sub-03_ses-04_task-AcousStim_acq-LHanest_desc-raw,0.0015,500,pretrained,phase4d-transfer-lr-warmup__minipigs__sub-03_ses-04_task-AcousStim_acq-LHanest_desc-raw__fullpool-minipigs-sub-03-sel42-model42-step500__transfer_adapter_warmup_discriminative__lr0p0015__f1__t42,24650564,phase4d-transfer-lr-warmup__minipigs__sub-03_ses-04_task-AcousStim_acq-LHanest_desc-raw__fullpool-minipigs-sub-03-sel42-model42-step500__transfer_adapter_warmup_discriminative__lr0p0015__f1__t42,finished,0.8331264853477478,0.11081275343894958,True,,1553.0,False
transfer_adapter_warmup_uniform,minipigs,sub-03,sub-03_ses-04_task-AcousStim_acq-LHanest_desc-raw,0.0015,500,pretrained,phase4d-transfer-lr-warmup__minipigs__sub-03_ses-04_task-AcousStim_acq-LHanest_desc-raw__fullpool-minipigs-sub-03-sel42-model42-step500__transfer_adapter_warmup_uniform__lr0p0015__f1__t42,bdaf1a1d,phase4d-transfer-lr-warmup__minipigs__sub-03_ses-04_task-AcousStim_acq-LHanest_desc-raw__fullpool-minipigs-sub-03-sel42-model42-step500__transfer_adapter_warmup_uniform__lr0p0015__f1__t42,finished,0.8556845784187317,0.904596209526062,True,,1511.0,False
transfer_adapter_warmup_discriminative,minipigs,sub-03,sub-03_ses-04_task-AcousStim_acq-LHanest_desc-raw,0.0003,500,pretrained,phase4d-transfer-lr-warmup__minipigs__sub-03_ses-04_task-AcousStim_acq-LHanest_desc-raw__fullpool-minipigs-sub-03-sel42-model42-step500__transfer_adapter_warmup_discriminative__lr0p0003__f1__t42,78012485,phase4d-transfer-lr-warmup__minipigs__sub-03_ses-04_task-AcousStim_acq-LHanest_desc-raw__fullpool-minipigs-sub-03-sel42-model42-step500__transfer_adapter_warmup_discriminative__lr0p0003__f1__t42,finished,0.7385691404342651,0.7874570488929749,True,,5795.0,False
transfer_adapter_warmup_discriminative,minipigs,sub-03,sub-03_ses-04_task-AcousStim_acq-LHanest_desc-raw,0.003,500,pretrained,phase4d-transfer-lr-warmup__minipigs__sub-03_ses-04_task-AcousStim_acq-LHanest_desc-raw__fullpool-minipigs-sub-03-sel42-model42-step500__transfer_adapter_warmup_discriminative__lr0p003__f1__t42,697c03a3,phase4d-transfer-lr-warmup__minipigs__sub-03_ses-04_task-AcousStim_acq-LHanest_desc-raw__fullpool-minipigs-sub-03-sel42-model42-step500__transfer_adapter_warmup_discriminative__lr0p003__f1__t42,finished,0.8287939429283142,0.90733802318573,True,,1553.0,False
transfer_adapter_warmup_uniform,minipigs,sub-03,sub-03_ses-04_task-AcousStim_acq-LHanest_desc-raw,0.003,500,pretrained,phase4d-transfer-lr-warmup__minipigs__sub-03_ses-04_task-AcousStim_acq-LHanest_desc-raw__fullpool-minipigs-sub-03-sel42-model42-step500__transfer_adapter_warmup_uniform__lr0p003__f1__t42,293e050d,phase4d-transfer-lr-warmup__minipigs__sub-03_ses-04_task-AcousStim_acq-LHanest_desc-raw__fullpool-minipigs-sub-03-sel42-model42-step500__transfer_adapter_warmup_uniform__lr0p003__f1__t42,finished,0.8665940761566162,0.9039599895477296,True,,1763.0,False
transfer_adapter_warmup_uniform,minipigs,sub-03,sub-03_ses-04_task-AcousStim_acq-RHanest_desc-raw,0.0003,500,pretrained,phase4d-transfer-lr-warmup__minipigs__sub-03_ses-04_task-AcousStim_acq-RHanest_desc-raw__fullpool-minipigs-sub-03-sel42-model42-step500__transfer_adapter_warmup_uniform__lr0p0003__f1__t42,61c2ebe1,phase4d-transfer-lr-warmup__minipigs__sub-03_ses-04_task-AcousStim_acq-RHanest_desc-raw__fullpool-minipigs-sub-03-sel42-model42-step500__transfer_adapter_warmup_uniform__lr0p0003__f1__t42,finished,0.4047994017601013,0.49342504143714905,True,,1931.0,False
transfer_discriminative,minipigs,sub-03,sub-03_ses-04_task-AcousStim_acq-RHanest_desc-raw,0.003,0,pretrained,phase4d-transfer-lr-warmup__minipigs__sub-03_ses-04_task-AcousStim_acq-RHanest_desc-raw__fullpool-minipigs-sub-03-sel42-model42-step500__transfer_discriminative__lr0p003__f1__t42,23306695,phase4d-transfer-lr-warmup__minipigs__sub-03_ses-04_task-AcousStim_acq-RHanest_desc-raw__fullpool-minipigs-sub-03-sel42-model42-step500__transfer_discriminative__lr0p003__f1__t42,finished,0.5274592638015747,0.6401895880699158,True,,2813.0,False
transfer_uniform,minipigs,sub-03,sub-03_ses-04_task-AcousStim_acq-RHanest_desc-raw,0.0015,0,pretrained,phase4d-transfer-lr-warmup__minipigs__sub-03_ses-04_task-AcousStim_acq-RHanest_desc-raw__fullpool-minipigs-sub-03-sel42-model42-step500__transfer_uniform__lr0p0015__f1__t42,b91e2940,phase4d-transfer-lr-warmup__minipigs__sub-03_ses-04_task-AcousStim_acq-RHanest_desc-raw__fullpool-minipigs-sub-03-sel42-model42-step500__transfer_uniform__lr0p0015__f1__t42,finished,0.5468717813491821,0.6581028699874878,True,,1637.0,False
transfer_discriminative,minipigs,sub-03,sub-03_ses-04_task-AcousStim_acq-RHanest_desc-raw,0.0003,0,pretrained,phase4d-transfer-lr-warmup__minipigs__sub-03_ses-04_task-AcousStim_acq-RHanest_desc-raw__fullpool-minipigs-sub-03-sel42-model42-step500__transfer_discriminative__lr0p0003__f1__t42,4dd6afa4,phase4d-transfer-lr-warmup__minipigs__sub-03_ses-04_task-AcousStim_acq-RHanest_desc-raw__fullpool-minipigs-sub-03-sel42-model42-step500__transfer_discriminative__lr0p0003__f1__t42,finished,0.3914038836956024,0.4540631175041199,True,,5627.0,False
transfer_adapter_warmup_uniform,minipigs,sub-03,sub-03_ses-04_task-AcousStim_acq-RHanest_desc-raw,0.003,500,pretrained,phase4d-transfer-lr-warmup__minipigs__sub-03_ses-04_task-AcousStim_acq-RHanest_desc-raw__fullpool-minipigs-sub-03-sel42-model42-step500__transfer_adapter_warmup_uniform__lr0p003__f1__t42,4bafc43c,phase4d-transfer-lr-warmup__minipigs__sub-03_ses-04_task-AcousStim_acq-RHanest_desc-raw__fullpool-minipigs-sub-03-sel42-model42-step500__transfer_adapter_warmup_uniform__lr0p003__f1__t42,finished,0.3898484408855438,0.6281632781028748,True,,1763.0,False
transfer_adapter_warmup_uniform,minipigs,sub-03,sub-03_ses-04_task-AcousStim_acq-RHanest_desc-raw,0.0015,500,pretrained,phase4d-transfer-lr-warmup__minipigs__sub-03_ses-04_task-AcousStim_acq-RHanest_desc-raw__fullpool-minipigs-sub-03-sel42-model42-step500__transfer_adapter_warmup_uniform__lr0p0015__f1__t42,de409093,phase4d-transfer-lr-warmup__minipigs__sub-03_ses-04_task-AcousStim_acq-RHanest_desc-raw__fullpool-minipigs-sub-03-sel42-model42-step500__transfer_adapter_warmup_uniform__lr0p0015__f1__t42,finished,0.5756123661994934,0.6835697889328003,True,,2267.0,False
transfer_discriminative,minipigs,sub-03,sub-03_ses-04_task-AcousStim_acq-RHanest_desc-raw,0.0015,0,pretrained,phase4d-transfer-lr-warmup__minipigs__sub-03_ses-04_task-AcousStim_acq-RHanest_desc-raw__fullpool-minipigs-sub-03-sel42-model42-step500__transfer_discriminative__lr0p0015__f1__t42,6d97c994,phase4d-transfer-lr-warmup__minipigs__sub-03_ses-04_task-AcousStim_acq-RHanest_desc-raw__fullpool-minipigs-sub-03-sel42-model42-step500__transfer_discriminative__lr0p0015__f1__t42,finished,0.4484013319015503,0.6190651655197144,True,,3149.0,False
transfer_uniform,minipigs,sub-03,sub-03_ses-04_task-AcousStim_acq-RHanest_desc-raw,0.0003,0,pretrained,phase4d-transfer-lr-warmup__minipigs__sub-03_ses-04_task-AcousStim_acq-RHanest_desc-raw__fullpool-minipigs-sub-03-sel42-model42-step500__transfer_uniform__lr0p0003__f1__t42,9d6577a7,phase4d-transfer-lr-warmup__minipigs__sub-03_ses-04_task-AcousStim_acq-RHanest_desc-raw__fullpool-minipigs-sub-03-sel42-model42-step500__transfer_uniform__lr0p0003__f1__t42,finished,0.49394741654396057,0.6142224073410034,True,,1847.0,False
transfer_uniform,minipigs,sub-03,sub-03_ses-04_task-AcousStim_acq-RHanest_desc-raw,0.003,0,pretrained,phase4d-transfer-lr-warmup__minipigs__sub-03_ses-04_task-AcousStim_acq-RHanest_desc-raw__fullpool-minipigs-sub-03-sel42-model42-step500__transfer_uniform__lr0p003__f1__t42,fa3eddab,phase4d-transfer-lr-warmup__minipigs__sub-03_ses-04_task-AcousStim_acq-RHanest_desc-raw__fullpool-minipigs-sub-03-sel42-model42-step500__transfer_uniform__lr0p003__f1__t42,finished,0.5270596146583557,0.6131616830825806,True,,1763.0,False
transfer_adapter_warmup_discriminative,minipigs,sub-03,sub-03_ses-04_task-AcousStim_acq-RHanest_desc-raw,0.0015,500,pretrained,phase4d-transfer-lr-warmup__minipigs__sub-03_ses-04_task-AcousStim_acq-RHanest_desc-raw__fullpool-minipigs-sub-03-sel42-model42-step500__transfer_adapter_warmup_discriminative__lr0p0015__f1__t42,fc16906f,phase4d-transfer-lr-warmup__minipigs__sub-03_ses-04_task-AcousStim_acq-RHanest_desc-raw__fullpool-minipigs-sub-03-sel42-model42-step500__transfer_adapter_warmup_discriminative__lr0p0015__f1__t42,finished,0.4738181233406067,0.5589063167572021,True,,4871.0,False
transfer_adapter_warmup_discriminative,minipigs,sub-03,sub-03_ses-04_task-AcousStim_acq-RHanest_desc-raw,0.0003,500,pretrained,phase4d-transfer-lr-warmup__minipigs__sub-03_ses-04_task-AcousStim_acq-RHanest_desc-raw__fullpool-minipigs-sub-03-sel42-model42-step500__transfer_adapter_warmup_discriminative__lr0p0003__f1__t42,868ee376,phase4d-transfer-lr-warmup__minipigs__sub-03_ses-04_task-AcousStim_acq-RHanest_desc-raw__fullpool-minipigs-sub-03-sel42-model42-step500__transfer_adapter_warmup_discriminative__lr0p0003__f1__t42,finished,0.2829069495201111,0.03333333879709244,True,,1889.0,False
transfer_uniform,minipigs,sub-03,sub-03_ses-06_task-AcousStim_acq-LH_desc-raw,0.0003,0,pretrained,phase4d-transfer-lr-warmup__minipigs__sub-03_ses-06_task-AcousStim_acq-LH_desc-raw__fullpool-minipigs-sub-03-sel42-model42-step500__transfer_uniform__lr0p0003__f1__t42,cdf45cfc,phase4d-transfer-lr-warmup__minipigs__sub-03_ses-06_task-AcousStim_acq-LH_desc-raw__fullpool-minipigs-sub-03-sel42-model42-step500__transfer_uniform__lr0p0003__f1__t42,finished,0.5507603883743286,0.5492424964904785,True,,2543.0,False
transfer_adapter_warmup_discriminative,minipigs,sub-03,sub-03_ses-04_task-AcousStim_acq-RHanest_desc-raw,0.003,500,pretrained,phase4d-transfer-lr-warmup__minipigs__sub-03_ses-04_task-AcousStim_acq-RHanest_desc-raw__fullpool-minipigs-sub-03-sel42-model42-step500__transfer_adapter_warmup_discriminative__lr0p003__f1__t42,9ef0f2f8,phase4d-transfer-lr-warmup__minipigs__sub-03_ses-04_task-AcousStim_acq-RHanest_desc-raw__fullpool-minipigs-sub-03-sel42-model42-step500__transfer_adapter_warmup_discriminative__lr0p003__f1__t42,finished,0.4655855894088745,0.6323626637458801,True,,2435.0,False
transfer_uniform,minipigs,sub-03,sub-03_ses-06_task-AcousStim_acq-LH_desc-raw,0.0015,0,pretrained,phase4d-transfer-lr-warmup__minipigs__sub-03_ses-06_task-AcousStim_acq-LH_desc-raw__fullpool-minipigs-sub-03-sel42-model42-step500__transfer_uniform__lr0p0015__f1__t42,580bc7d1,phase4d-transfer-lr-warmup__minipigs__sub-03_ses-06_task-AcousStim_acq-LH_desc-raw__fullpool-minipigs-sub-03-sel42-model42-step500__transfer_uniform__lr0p0015__f1__t42,finished,0.5239191055297852,0.7448186874389648,True,,1727.0,False
transfer_discriminative,minipigs,sub-03,sub-03_ses-06_task-AcousStim_acq-LH_desc-raw,0.0003,0,pretrained,phase4d-transfer-lr-warmup__minipigs__sub-03_ses-06_task-AcousStim_acq-LH_desc-raw__fullpool-minipigs-sub-03-sel42-model42-step500__transfer_discriminative__lr0p0003__f1__t42,0861e221,phase4d-transfer-lr-warmup__minipigs__sub-03_ses-06_task-AcousStim_acq-LH_desc-raw__fullpool-minipigs-sub-03-sel42-model42-step500__transfer_discriminative__lr0p0003__f1__t42,finished,0.4489246606826782,0.6380044221878052,True,,5423.0,False
transfer_uniform,minipigs,sub-03,sub-03_ses-06_task-AcousStim_acq-LH_desc-raw,0.003,0,pretrained,phase4d-transfer-lr-warmup__minipigs__sub-03_ses-06_task-AcousStim_acq-LH_desc-raw__fullpool-minipigs-sub-03-sel42-model42-step500__transfer_uniform__lr0p003__f1__t42,1387524b,phase4d-transfer-lr-warmup__minipigs__sub-03_ses-06_task-AcousStim_acq-LH_desc-raw__fullpool-minipigs-sub-03-sel42-model42-step500__transfer_uniform__lr0p003__f1__t42,finished,0.5857868194580078,0.44713830947875977,True,,1535.0,False
transfer_discriminative,minipigs,sub-03,sub-03_ses-06_task-AcousStim_acq-LH_desc-raw,0.003,0,pretrained,phase4d-transfer-lr-warmup__minipigs__sub-03_ses-06_task-AcousStim_acq-LH_desc-raw__fullpool-minipigs-sub-03-sel42-model42-step500__transfer_discriminative__lr0p003__f1__t42,2dfc31fe,phase4d-transfer-lr-warmup__minipigs__sub-03_ses-06_task-AcousStim_acq-LH_desc-raw__fullpool-minipigs-sub-03-sel42-model42-step500__transfer_discriminative__lr0p003__f1__t42,finished,0.5843709111213684,0.7623234391212463,True,,1919.0,False
transfer_adapter_warmup_uniform,minipigs,sub-03,sub-03_ses-06_task-AcousStim_acq-LH_desc-raw,0.0003,500,pretrained,phase4d-transfer-lr-warmup__minipigs__sub-03_ses-06_task-AcousStim_acq-LH_desc-raw__fullpool-minipigs-sub-03-sel42-model42-step500__transfer_adapter_warmup_uniform__lr0p0003__f1__t42,846b92aa,phase4d-transfer-lr-warmup__minipigs__sub-03_ses-06_task-AcousStim_acq-LH_desc-raw__fullpool-minipigs-sub-03-sel42-model42-step500__transfer_adapter_warmup_uniform__lr0p0003__f1__t42,finished,0.5883339047431946,0.753487229347229,True,,3167.0,False
transfer_discriminative,minipigs,sub-03,sub-03_ses-06_task-AcousStim_acq-LH_desc-raw,0.0015,0,pretrained,phase4d-transfer-lr-warmup__minipigs__sub-03_ses-06_task-AcousStim_acq-LH_desc-raw__fullpool-minipigs-sub-03-sel42-model42-step500__transfer_discriminative__lr0p0015__f1__t42,28fcf958,phase4d-transfer-lr-warmup__minipigs__sub-03_ses-06_task-AcousStim_acq-LH_desc-raw__fullpool-minipigs-sub-03-sel42-model42-step500__transfer_discriminative__lr0p0015__f1__t42,finished,0.5624024868011475,0.7569720149040222,True,,2735.0,False
transfer_adapter_warmup_discriminative,minipigs,sub-03,sub-03_ses-06_task-AcousStim_acq-LH_desc-raw,0.0003,500,pretrained,phase4d-transfer-lr-warmup__minipigs__sub-03_ses-06_task-AcousStim_acq-LH_desc-raw__fullpool-minipigs-sub-03-sel42-model42-step500__transfer_adapter_warmup_discriminative__lr0p0003__f1__t42,77a2065e,phase4d-transfer-lr-warmup__minipigs__sub-03_ses-06_task-AcousStim_acq-LH_desc-raw__fullpool-minipigs-sub-03-sel42-model42-step500__transfer_adapter_warmup_discriminative__lr0p0003__f1__t42,finished,0.38147902488708496,0.5348836183547974,True,,2063.0,False
transfer_adapter_warmup_uniform,minipigs,sub-03,sub-03_ses-06_task-AcousStim_acq-LH_desc-raw,0.003,500,pretrained,phase4d-transfer-lr-warmup__minipigs__sub-03_ses-06_task-AcousStim_acq-LH_desc-raw__fullpool-minipigs-sub-03-sel42-model42-step500__transfer_adapter_warmup_uniform__lr0p003__f1__t42,57bc18a2,phase4d-transfer-lr-warmup__minipigs__sub-03_ses-06_task-AcousStim_acq-LH_desc-raw__fullpool-minipigs-sub-03-sel42-model42-step500__transfer_adapter_warmup_uniform__lr0p003__f1__t42,finished,0.5745252966880798,0.7739840745925903,True,,2543.0,False
transfer_adapter_warmup_uniform,minipigs,sub-03,sub-03_ses-06_task-AcousStim_acq-LH_desc-raw,0.0015,500,pretrained,phase4d-transfer-lr-warmup__minipigs__sub-03_ses-06_task-AcousStim_acq-LH_desc-raw__fullpool-minipigs-sub-03-sel42-model42-step500__transfer_adapter_warmup_uniform__lr0p0015__f1__t42,65d519b7,phase4d-transfer-lr-warmup__minipigs__sub-03_ses-06_task-AcousStim_acq-LH_desc-raw__fullpool-minipigs-sub-03-sel42-model42-step500__transfer_adapter_warmup_uniform__lr0p0015__f1__t42,finished,0.5922225713729858,0.7506586313247681,True,,2495.0,False
transfer_adapter_warmup_discriminative,minipigs,sub-03,sub-03_ses-06_task-AcousStim_acq-LH_desc-raw,0.0015,500,pretrained,phase4d-transfer-lr-warmup__minipigs__sub-03_ses-06_task-AcousStim_acq-LH_desc-raw__fullpool-minipigs-sub-03-sel42-model42-step500__transfer_adapter_warmup_discriminative__lr0p0015__f1__t42,5a7bf914,phase4d-transfer-lr-warmup__minipigs__sub-03_ses-06_task-AcousStim_acq-LH_desc-raw__fullpool-minipigs-sub-03-sel42-model42-step500__transfer_adapter_warmup_discriminative__lr0p0015__f1__t42,finished,0.5262734889984131,0.7425771355628967,True,,2687.0,False
transfer_adapter_warmup_discriminative,minipigs,sub-03,sub-03_ses-06_task-AcousStim_acq-LH_desc-raw,0.003,500,pretrained,phase4d-transfer-lr-warmup__minipigs__sub-03_ses-06_task-AcousStim_acq-LH_desc-raw__fullpool-minipigs-sub-03-sel42-model42-step500__transfer_adapter_warmup_discriminative__lr0p003__f1__t42,1d8573b8,phase4d-transfer-lr-warmup__minipigs__sub-03_ses-06_task-AcousStim_acq-LH_desc-raw__fullpool-minipigs-sub-03-sel42-model42-step500__transfer_adapter_warmup_discriminative__lr0p003__f1__t42,finished,0.5404711961746216,0.7715246677398682,True,,3119.0,False
transfer_uniform,minipigs,sub-03,sub-03_ses-06_task-AcousStim_acq-RH_desc-raw,0.0015,0,pretrained,phase4d-transfer-lr-warmup__minipigs__sub-03_ses-06_task-AcousStim_acq-RH_desc-raw__fullpool-minipigs-sub-03-sel42-model42-step500__transfer_uniform__lr0p0015__f1__t42,1a52b2d8,phase4d-transfer-lr-warmup__minipigs__sub-03_ses-06_task-AcousStim_acq-RH_desc-raw__fullpool-minipigs-sub-03-sel42-model42-step500__transfer_uniform__lr0p0015__f1__t42,finished,0.5874186754226685,0.7572757005691528,True,,3167.0,False
transfer_uniform,minipigs,sub-03,sub-03_ses-06_task-AcousStim_acq-RH_desc-raw,0.0003,0,pretrained,phase4d-transfer-lr-warmup__minipigs__sub-03_ses-06_task-AcousStim_acq-RH_desc-raw__fullpool-minipigs-sub-03-sel42-model42-step500__transfer_uniform__lr0p0003__f1__t42,52439fa0,phase4d-transfer-lr-warmup__minipigs__sub-03_ses-06_task-AcousStim_acq-RH_desc-raw__fullpool-minipigs-sub-03-sel42-model42-step500__transfer_uniform__lr0p0003__f1__t42,finished,0.4987146854400635,0.47193771600723267,True,,2783.0,False
transfer_uniform,minipigs,sub-03,sub-03_ses-06_task-AcousStim_acq-RH_desc-raw,0.003,0,pretrained,phase4d-transfer-lr-warmup__minipigs__sub-03_ses-06_task-AcousStim_acq-RH_desc-raw__fullpool-minipigs-sub-03-sel42-model42-step500__transfer_uniform__lr0p003__f1__t42,346255fb,phase4d-transfer-lr-warmup__minipigs__sub-03_ses-06_task-AcousStim_acq-RH_desc-raw__fullpool-minipigs-sub-03-sel42-model42-step500__transfer_uniform__lr0p003__f1__t42,finished,0.5852642059326172,0.7941347360610962,True,,2543.0,False
transfer_discriminative,minipigs,sub-03,sub-03_ses-06_task-AcousStim_acq-RH_desc-raw,0.0015,0,pretrained,phase4d-transfer-lr-warmup__minipigs__sub-03_ses-06_task-AcousStim_acq-RH_desc-raw__fullpool-minipigs-sub-03-sel42-model42-step500__transfer_discriminative__lr0p0015__f1__t42,3dc467ba,phase4d-transfer-lr-warmup__minipigs__sub-03_ses-06_task-AcousStim_acq-RH_desc-raw__fullpool-minipigs-sub-03-sel42-model42-step500__transfer_discriminative__lr0p0015__f1__t42,finished,0.575300395488739,0.7550230026245117,True,,2831.0,False
transfer_adapter_warmup_uniform,minipigs,sub-03,sub-03_ses-06_task-AcousStim_acq-RH_desc-raw,0.0003,500,pretrained,phase4d-transfer-lr-warmup__minipigs__sub-03_ses-06_task-AcousStim_acq-RH_desc-raw__fullpool-minipigs-sub-03-sel42-model42-step500__transfer_adapter_warmup_uniform__lr0p0003__f1__t42,be7fa2dd,phase4d-transfer-lr-warmup__minipigs__sub-03_ses-06_task-AcousStim_acq-RH_desc-raw__fullpool-minipigs-sub-03-sel42-model42-step500__transfer_adapter_warmup_uniform__lr0p0003__f1__t42,finished,0.5235302448272705,0.6469451189041138,True,,3359.0,False
transfer_discriminative,minipigs,sub-03,sub-03_ses-06_task-AcousStim_acq-RH_desc-raw,0.0003,0,pretrained,phase4d-transfer-lr-warmup__minipigs__sub-03_ses-06_task-AcousStim_acq-RH_desc-raw__fullpool-minipigs-sub-03-sel42-model42-step500__transfer_discriminative__lr0p0003__f1__t42,c915aa79,phase4d-transfer-lr-warmup__minipigs__sub-03_ses-06_task-AcousStim_acq-RH_desc-raw__fullpool-minipigs-sub-03-sel42-model42-step500__transfer_discriminative__lr0p0003__f1__t42,finished,0.5555001497268677,0.6313221454620361,True,,8159.0,False
transfer_discriminative,minipigs,sub-03,sub-03_ses-06_task-AcousStim_acq-RH_desc-raw,0.003,0,pretrained,phase4d-transfer-lr-warmup__minipigs__sub-03_ses-06_task-AcousStim_acq-RH_desc-raw__fullpool-minipigs-sub-03-sel42-model42-step500__transfer_discriminative__lr0p003__f1__t42,c2217aa1,phase4d-transfer-lr-warmup__minipigs__sub-03_ses-06_task-AcousStim_acq-RH_desc-raw__fullpool-minipigs-sub-03-sel42-model42-step500__transfer_discriminative__lr0p003__f1__t42,finished,0.55230712890625,0.7066777348518372,True,,2879.0,False
transfer_adapter_warmup_discriminative,minipigs,sub-03,sub-03_ses-06_task-AcousStim_acq-RH_desc-raw,0.0015,500,pretrained,phase4d-transfer-lr-warmup__minipigs__sub-03_ses-06_task-AcousStim_acq-RH_desc-raw__fullpool-minipigs-sub-03-sel42-model42-step500__transfer_adapter_warmup_discriminative__lr0p0015__f1__t42,e37aac5a,phase4d-transfer-lr-warmup__minipigs__sub-03_ses-06_task-AcousStim_acq-RH_desc-raw__fullpool-minipigs-sub-03-sel42-model42-step500__transfer_adapter_warmup_discriminative__lr0p0015__f1__t42,finished,0.5941616296768188,0.757785439491272,True,,3119.0,False
transfer_adapter_warmup_uniform,minipigs,sub-03,sub-03_ses-06_task-AcousStim_acq-RH_desc-raw,0.0015,500,pretrained,phase4d-transfer-lr-warmup__minipigs__sub-03_ses-06_task-AcousStim_acq-RH_desc-raw__fullpool-minipigs-sub-03-sel42-model42-step500__transfer_adapter_warmup_uniform__lr0p0015__f1__t42,60811674,phase4d-transfer-lr-warmup__minipigs__sub-03_ses-06_task-AcousStim_acq-RH_desc-raw__fullpool-minipigs-sub-03-sel42-model42-step500__transfer_adapter_warmup_uniform__lr0p0015__f1__t42,finished,0.6083328723907471,0.7691870331764221,True,,3935.0,False
transfer_adapter_warmup_uniform,minipigs,sub-03,sub-03_ses-06_task-AcousStim_acq-RH_desc-raw,0.003,500,pretrained,phase4d-transfer-lr-warmup__minipigs__sub-03_ses-06_task-AcousStim_acq-RH_desc-raw__fullpool-minipigs-sub-03-sel42-model42-step500__transfer_adapter_warmup_uniform__lr0p003__f1__t42,2750ad02,phase4d-transfer-lr-warmup__minipigs__sub-03_ses-06_task-AcousStim_acq-RH_desc-raw__fullpool-minipigs-sub-03-sel42-model42-step500__transfer_adapter_warmup_uniform__lr0p003__f1__t42,finished,0.6394503116607666,0.29517844319343567,True,,2543.0,False
transfer_adapter_warmup_discriminative,minipigs,sub-03,sub-03_ses-06_task-AcousStim_acq-RH_desc-raw,0.0003,500,pretrained,phase4d-transfer-lr-warmup__minipigs__sub-03_ses-06_task-AcousStim_acq-RH_desc-raw__fullpool-minipigs-sub-03-sel42-model42-step500__transfer_adapter_warmup_discriminative__lr0p0003__f1__t42,d73f501b,phase4d-transfer-lr-warmup__minipigs__sub-03_ses-06_task-AcousStim_acq-RH_desc-raw__fullpool-minipigs-sub-03-sel42-model42-step500__transfer_adapter_warmup_discriminative__lr0p0003__f1__t42,finished,0.5108622908592224,0.5334972143173218,True,,6815.0,False
transfer_uniform,minipigs,sub-03,sub-03_ses-07_task-AcousStim_acq-LHanest_desc-raw,0.0015,0,pretrained,phase4d-transfer-lr-warmup__minipigs__sub-03_ses-07_task-AcousStim_acq-LHanest_desc-raw__fullpool-minipigs-sub-03-sel42-model42-step500__transfer_uniform__lr0p0015__f1__t42,644b7440,phase4d-transfer-lr-warmup__minipigs__sub-03_ses-07_task-AcousStim_acq-LHanest_desc-raw__fullpool-minipigs-sub-03-sel42-model42-step500__transfer_uniform__lr0p0015__f1__t42,finished,0.4930494725704193,0.7407446503639221,True,,1055.0,False
transfer_uniform,minipigs,sub-03,sub-03_ses-07_task-AcousStim_acq-LHanest_desc-raw,0.0003,0,pretrained,phase4d-transfer-lr-warmup__minipigs__sub-03_ses-07_task-AcousStim_acq-LHanest_desc-raw__fullpool-minipigs-sub-03-sel42-model42-step500__transfer_uniform__lr0p0003__f1__t42,5f301255,phase4d-transfer-lr-warmup__minipigs__sub-03_ses-07_task-AcousStim_acq-LHanest_desc-raw__fullpool-minipigs-sub-03-sel42-model42-step500__transfer_uniform__lr0p0003__f1__t42,finished,0.5320836901664734,0.7371288537979126,True,,1583.0,False
transfer_discriminative,minipigs,sub-03,sub-03_ses-07_task-AcousStim_acq-LHanest_desc-raw,0.0015,0,pretrained,phase4d-transfer-lr-warmup__minipigs__sub-03_ses-07_task-AcousStim_acq-LHanest_desc-raw__fullpool-minipigs-sub-03-sel42-model42-step500__transfer_discriminative__lr0p0015__f1__t42,b693de35,phase4d-transfer-lr-warmup__minipigs__sub-03_ses-07_task-AcousStim_acq-LHanest_desc-raw__fullpool-minipigs-sub-03-sel42-model42-step500__transfer_discriminative__lr0p0015__f1__t42,finished,0.5454107522964478,0.712852418422699,True,,2419.0,False
transfer_adapter_warmup_discriminative,minipigs,sub-03,sub-03_ses-06_task-AcousStim_acq-RH_desc-raw,0.003,500,pretrained,phase4d-transfer-lr-warmup__minipigs__sub-03_ses-06_task-AcousStim_acq-RH_desc-raw__fullpool-minipigs-sub-03-sel42-model42-step500__transfer_adapter_warmup_discriminative__lr0p003__f1__t42,5a925ef2,phase4d-transfer-lr-warmup__minipigs__sub-03_ses-06_task-AcousStim_acq-RH_desc-raw__fullpool-minipigs-sub-03-sel42-model42-step500__transfer_adapter_warmup_discriminative__lr0p003__f1__t42,finished,0.609096109867096,0.6881967186927795,True,,1727.0,False
transfer_uniform,minipigs,sub-03,sub-03_ses-07_task-AcousStim_acq-LHanest_desc-raw,0.003,0,pretrained,phase4d-transfer-lr-warmup__minipigs__sub-03_ses-07_task-AcousStim_acq-LHanest_desc-raw__fullpool-minipigs-sub-03-sel42-model42-step500__transfer_uniform__lr0p003__f1__t42,3f0c503c,phase4d-transfer-lr-warmup__minipigs__sub-03_ses-07_task-AcousStim_acq-LHanest_desc-raw__fullpool-minipigs-sub-03-sel42-model42-step500__transfer_uniform__lr0p003__f1__t42,finished,0.4280943274497986,0.7495542764663696,True,,1231.0,False
transfer_discriminative,minipigs,sub-03,sub-03_ses-07_task-AcousStim_acq-LHanest_desc-raw,0.0003,0,pretrained,phase4d-transfer-lr-warmup__minipigs__sub-03_ses-07_task-AcousStim_acq-LHanest_desc-raw__fullpool-minipigs-sub-03-sel42-model42-step500__transfer_discriminative__lr0p0003__f1__t42,9924e324,phase4d-transfer-lr-warmup__minipigs__sub-03_ses-07_task-AcousStim_acq-LHanest_desc-raw__fullpool-minipigs-sub-03-sel42-model42-step500__transfer_discriminative__lr0p0003__f1__t42,finished,0.5415620803833008,0.7007498741149902,True,,4047.0,False
transfer_adapter_warmup_uniform,minipigs,sub-03,sub-03_ses-07_task-AcousStim_acq-LHanest_desc-raw,0.0003,500,pretrained,phase4d-transfer-lr-warmup__minipigs__sub-03_ses-07_task-AcousStim_acq-LHanest_desc-raw__fullpool-minipigs-sub-03-sel42-model42-step500__transfer_adapter_warmup_uniform__lr0p0003__f1__t42,7e3b832c,phase4d-transfer-lr-warmup__minipigs__sub-03_ses-07_task-AcousStim_acq-LHanest_desc-raw__fullpool-minipigs-sub-03-sel42-model42-step500__transfer_adapter_warmup_uniform__lr0p0003__f1__t42,finished,0.4960172176361084,0.7133944034576416,True,,1847.0,False
transfer_discriminative,minipigs,sub-03,sub-03_ses-07_task-AcousStim_acq-LHanest_desc-raw,0.003,0,pretrained,phase4d-transfer-lr-warmup__minipigs__sub-03_ses-07_task-AcousStim_acq-LHanest_desc-raw__fullpool-minipigs-sub-03-sel42-model42-step500__transfer_discriminative__lr0p003__f1__t42,c21c39b9,phase4d-transfer-lr-warmup__minipigs__sub-03_ses-07_task-AcousStim_acq-LHanest_desc-raw__fullpool-minipigs-sub-03-sel42-model42-step500__transfer_discriminative__lr0p003__f1__t42,finished,0.49204573035240173,0.6958101987838745,True,,967.0,False
transfer_adapter_warmup_uniform,minipigs,sub-03,sub-03_ses-07_task-AcousStim_acq-LHanest_desc-raw,0.0015,500,pretrained,phase4d-transfer-lr-warmup__minipigs__sub-03_ses-07_task-AcousStim_acq-LHanest_desc-raw__fullpool-minipigs-sub-03-sel42-model42-step500__transfer_adapter_warmup_uniform__lr0p0015__f1__t42,5c0188f2,phase4d-transfer-lr-warmup__minipigs__sub-03_ses-07_task-AcousStim_acq-LHanest_desc-raw__fullpool-minipigs-sub-03-sel42-model42-step500__transfer_adapter_warmup_uniform__lr0p0015__f1__t42,finished,0.5098161697387695,0.699993908405304,True,,1847.0,False
transfer_adapter_warmup_discriminative,minipigs,sub-03,sub-03_ses-07_task-AcousStim_acq-LHanest_desc-raw,0.0015,500,pretrained,phase4d-transfer-lr-warmup__minipigs__sub-03_ses-07_task-AcousStim_acq-LHanest_desc-raw__fullpool-minipigs-sub-03-sel42-model42-step500__transfer_adapter_warmup_discriminative__lr0p0015__f1__t42,b86a030b,phase4d-transfer-lr-warmup__minipigs__sub-03_ses-07_task-AcousStim_acq-LHanest_desc-raw__fullpool-minipigs-sub-03-sel42-model42-step500__transfer_adapter_warmup_discriminative__lr0p0015__f1__t42,finished,0.5441163778305054,0.695732831954956,True,,1583.0,False
transfer_adapter_warmup_uniform,minipigs,sub-03,sub-03_ses-07_task-AcousStim_acq-LHanest_desc-raw,0.003,500,pretrained,phase4d-transfer-lr-warmup__minipigs__sub-03_ses-07_task-AcousStim_acq-LHanest_desc-raw__fullpool-minipigs-sub-03-sel42-model42-step500__transfer_adapter_warmup_uniform__lr0p003__f1__t42,5fe65b26,phase4d-transfer-lr-warmup__minipigs__sub-03_ses-07_task-AcousStim_acq-LHanest_desc-raw__fullpool-minipigs-sub-03-sel42-model42-step500__transfer_adapter_warmup_uniform__lr0p003__f1__t42,finished,0.4722856879234314,0.7188658714294434,True,,1363.0,False
transfer_uniform,minipigs,sub-03,sub-03_ses-07_task-AcousStim_acq-RH_desc-raw,0.0003,0,pretrained,phase4d-transfer-lr-warmup__minipigs__sub-03_ses-07_task-AcousStim_acq-RH_desc-raw__fullpool-minipigs-sub-03-sel42-model42-step500__transfer_uniform__lr0p0003__f1__t42,fa083aca,phase4d-transfer-lr-warmup__minipigs__sub-03_ses-07_task-AcousStim_acq-RH_desc-raw__fullpool-minipigs-sub-03-sel42-model42-step500__transfer_uniform__lr0p0003__f1__t42,finished,0.3145149350166321,0.3864179849624634,True,,1147.0,False
transfer_uniform,minipigs,sub-03,sub-03_ses-07_task-AcousStim_acq-RH_desc-raw,0.003,0,pretrained,phase4d-transfer-lr-warmup__minipigs__sub-03_ses-07_task-AcousStim_acq-RH_desc-raw__fullpool-minipigs-sub-03-sel42-model42-step500__transfer_uniform__lr0p003__f1__t42,1548bb76,phase4d-transfer-lr-warmup__minipigs__sub-03_ses-07_task-AcousStim_acq-RH_desc-raw__fullpool-minipigs-sub-03-sel42-model42-step500__transfer_uniform__lr0p003__f1__t42,finished,0.30387014150619507,0.2601698040962219,True,,3033.0,False
transfer_adapter_warmup_discriminative,minipigs,sub-03,sub-03_ses-07_task-AcousStim_acq-LHanest_desc-raw,0.0003,500,pretrained,phase4d-transfer-lr-warmup__minipigs__sub-03_ses-07_task-AcousStim_acq-LHanest_desc-raw__fullpool-minipigs-sub-03-sel42-model42-step500__transfer_adapter_warmup_discriminative__lr0p0003__f1__t42,6a5d8ca0,phase4d-transfer-lr-warmup__minipigs__sub-03_ses-07_task-AcousStim_acq-LHanest_desc-raw__fullpool-minipigs-sub-03-sel42-model42-step500__transfer_adapter_warmup_discriminative__lr0p0003__f1__t42,finished,0.5433652400970459,0.7036672830581665,True,,5279.0,False
transfer_adapter_warmup_discriminative,minipigs,sub-03,sub-03_ses-07_task-AcousStim_acq-LHanest_desc-raw,0.003,500,pretrained,phase4d-transfer-lr-warmup__minipigs__sub-03_ses-07_task-AcousStim_acq-LHanest_desc-raw__fullpool-minipigs-sub-03-sel42-model42-step500__transfer_adapter_warmup_discriminative__lr0p003__f1__t42,ee37be40,phase4d-transfer-lr-warmup__minipigs__sub-03_ses-07_task-AcousStim_acq-LHanest_desc-raw__fullpool-minipigs-sub-03-sel42-model42-step500__transfer_adapter_warmup_discriminative__lr0p003__f1__t42,finished,0.4664061367511749,0.7100003957748413,True,,1363.0,False
transfer_discriminative,minipigs,sub-03,sub-03_ses-07_task-AcousStim_acq-RH_desc-raw,0.0015,0,pretrained,phase4d-transfer-lr-warmup__minipigs__sub-03_ses-07_task-AcousStim_acq-RH_desc-raw__fullpool-minipigs-sub-03-sel42-model42-step500__transfer_discriminative__lr0p0015__f1__t42,373b2973,phase4d-transfer-lr-warmup__minipigs__sub-03_ses-07_task-AcousStim_acq-RH_desc-raw__fullpool-minipigs-sub-03-sel42-model42-step500__transfer_discriminative__lr0p0015__f1__t42,finished,0.3911094665527344,0.4051772058010102,True,,1270.0,False
transfer_discriminative,minipigs,sub-03,sub-03_ses-07_task-AcousStim_acq-RH_desc-raw,0.0003,0,pretrained,phase4d-transfer-lr-warmup__minipigs__sub-03_ses-07_task-AcousStim_acq-RH_desc-raw__fullpool-minipigs-sub-03-sel42-model42-step500__transfer_discriminative__lr0p0003__f1__t42,03e9329f,phase4d-transfer-lr-warmup__minipigs__sub-03_ses-07_task-AcousStim_acq-RH_desc-raw__fullpool-minipigs-sub-03-sel42-model42-step500__transfer_discriminative__lr0p0003__f1__t42,finished,0.3970049023628235,0.408119261264801,True,,2295.0,False
transfer_discriminative,minipigs,sub-03,sub-03_ses-07_task-AcousStim_acq-RH_desc-raw,0.003,0,pretrained,phase4d-transfer-lr-warmup__minipigs__sub-03_ses-07_task-AcousStim_acq-RH_desc-raw__fullpool-minipigs-sub-03-sel42-model42-step500__transfer_discriminative__lr0p003__f1__t42,ce74c20a,phase4d-transfer-lr-warmup__minipigs__sub-03_ses-07_task-AcousStim_acq-RH_desc-raw__fullpool-minipigs-sub-03-sel42-model42-step500__transfer_discriminative__lr0p003__f1__t42,finished,0.3470395505428314,0.35920223593711853,True,,1762.0,False
transfer_adapter_warmup_uniform,minipigs,sub-03,sub-03_ses-07_task-AcousStim_acq-RH_desc-raw,0.0003,500,pretrained,phase4d-transfer-lr-warmup__minipigs__sub-03_ses-07_task-AcousStim_acq-RH_desc-raw__fullpool-minipigs-sub-03-sel42-model42-step500__transfer_adapter_warmup_uniform__lr0p0003__f1__t42,5fe57006,phase4d-transfer-lr-warmup__minipigs__sub-03_ses-07_task-AcousStim_acq-RH_desc-raw__fullpool-minipigs-sub-03-sel42-model42-step500__transfer_adapter_warmup_uniform__lr0p0003__f1__t42,finished,0.2918738126754761,0.468330979347229,True,,4509.0,False
transfer_uniform,minipigs,sub-03,sub-03_ses-07_task-AcousStim_acq-RH_desc-raw,0.0015,0,pretrained,phase4d-transfer-lr-warmup__minipigs__sub-03_ses-07_task-AcousStim_acq-RH_desc-raw__fullpool-minipigs-sub-03-sel42-model42-step500__transfer_uniform__lr0p0015__f1__t42,df48298e,phase4d-transfer-lr-warmup__minipigs__sub-03_ses-07_task-AcousStim_acq-RH_desc-raw__fullpool-minipigs-sub-03-sel42-model42-step500__transfer_uniform__lr0p0015__f1__t42,finished,0.31481534242630005,0.5200899839401245,True,,1885.0,False
transfer_adapter_warmup_uniform,minipigs,sub-03,sub-03_ses-07_task-AcousStim_acq-RH_desc-raw,0.0015,500,pretrained,phase4d-transfer-lr-warmup__minipigs__sub-03_ses-07_task-AcousStim_acq-RH_desc-raw__fullpool-minipigs-sub-03-sel42-model42-step500__transfer_adapter_warmup_uniform__lr0p0015__f1__t42,a8b2402e,phase4d-transfer-lr-warmup__minipigs__sub-03_ses-07_task-AcousStim_acq-RH_desc-raw__fullpool-minipigs-sub-03-sel42-model42-step500__transfer_adapter_warmup_uniform__lr0p0015__f1__t42,finished,0.29627951979637146,0.4459635019302368,True,,1844.0,False
transfer_adapter_warmup_uniform,minipigs,sub-03,sub-03_ses-07_task-AcousStim_acq-RH_desc-raw,0.003,500,pretrained,phase4d-transfer-lr-warmup__minipigs__sub-03_ses-07_task-AcousStim_acq-RH_desc-raw__fullpool-minipigs-sub-03-sel42-model42-step500__transfer_adapter_warmup_uniform__lr0p003__f1__t42,e55ca10a,phase4d-transfer-lr-warmup__minipigs__sub-03_ses-07_task-AcousStim_acq-RH_desc-raw__fullpool-minipigs-sub-03-sel42-model42-step500__transfer_adapter_warmup_uniform__lr0p003__f1__t42,finished,0.36026811599731445,0.37814754247665405,True,,1393.0,False
transfer_adapter_warmup_discriminative,minipigs,sub-03,sub-03_ses-07_task-AcousStim_acq-RH_desc-raw,0.0015,500,pretrained,phase4d-transfer-lr-warmup__minipigs__sub-03_ses-07_task-AcousStim_acq-RH_desc-raw__fullpool-minipigs-sub-03-sel42-model42-step500__transfer_adapter_warmup_discriminative__lr0p0015__f1__t42,710531c8,phase4d-transfer-lr-warmup__minipigs__sub-03_ses-07_task-AcousStim_acq-RH_desc-raw__fullpool-minipigs-sub-03-sel42-model42-step500__transfer_adapter_warmup_discriminative__lr0p0015__f1__t42,finished,0.3599076271057129,0.4056193828582764,True,,1270.0,False
transfer_adapter_warmup_discriminative,minipigs,sub-03,sub-03_ses-07_task-AcousStim_acq-RH_desc-raw,0.003,500,pretrained,phase4d-transfer-lr-warmup__minipigs__sub-03_ses-07_task-AcousStim_acq-RH_desc-raw__fullpool-minipigs-sub-03-sel42-model42-step500__transfer_adapter_warmup_discriminative__lr0p003__f1__t42,0a7ad519,phase4d-transfer-lr-warmup__minipigs__sub-03_ses-07_task-AcousStim_acq-RH_desc-raw__fullpool-minipigs-sub-03-sel42-model42-step500__transfer_adapter_warmup_discriminative__lr0p003__f1__t42,finished,0.38934525847435,0.13272398710250854,True,,1147.0,False
transfer_adapter_warmup_discriminative,minipigs,sub-03,sub-03_ses-07_task-AcousStim_acq-RH_desc-raw,0.0003,500,pretrained,phase4d-transfer-lr-warmup__minipigs__sub-03_ses-07_task-AcousStim_acq-RH_desc-raw__fullpool-minipigs-sub-03-sel42-model42-step500__transfer_adapter_warmup_discriminative__lr0p0003__f1__t42,6f379bec,phase4d-transfer-lr-warmup__minipigs__sub-03_ses-07_task-AcousStim_acq-RH_desc-raw__fullpool-minipigs-sub-03-sel42-model42-step500__transfer_adapter_warmup_discriminative__lr0p0003__f1__t42,finished,0.3912755846977234,0.2773641347885132,True,,2746.0,False
transfer_uniform,minipigs,sub-03,sub-03_ses-07_task-AcousStim_acq-RHanest_desc-raw,0.003,0,pretrained,phase4d-transfer-lr-warmup__minipigs__sub-03_ses-07_task-AcousStim_acq-RHanest_desc-raw__fullpool-minipigs-sub-03-sel42-model42-step500__transfer_uniform__lr0p003__f1__t42,a5303177,phase4d-transfer-lr-warmup__minipigs__sub-03_ses-07_task-AcousStim_acq-RHanest_desc-raw__fullpool-minipigs-sub-03-sel42-model42-step500__transfer_uniform__lr0p003__f1__t42,finished,0.3794312477111816,0.5911728143692017,True,,1363.0,False
transfer_discriminative,minipigs,sub-03,sub-03_ses-07_task-AcousStim_acq-RHanest_desc-raw,0.003,0,pretrained,phase4d-transfer-lr-warmup__minipigs__sub-03_ses-07_task-AcousStim_acq-RHanest_desc-raw__fullpool-minipigs-sub-03-sel42-model42-step500__transfer_discriminative__lr0p003__f1__t42,11805da8,phase4d-transfer-lr-warmup__minipigs__sub-03_ses-07_task-AcousStim_acq-RHanest_desc-raw__fullpool-minipigs-sub-03-sel42-model42-step500__transfer_discriminative__lr0p003__f1__t42,finished,0.4035499095916748,0.4903920888900757,True,,2243.0,False
transfer_discriminative,minipigs,sub-03,sub-03_ses-07_task-AcousStim_acq-RHanest_desc-raw,0.0003,0,pretrained,phase4d-transfer-lr-warmup__minipigs__sub-03_ses-07_task-AcousStim_acq-RHanest_desc-raw__fullpool-minipigs-sub-03-sel42-model42-step500__transfer_discriminative__lr0p0003__f1__t42,f051f8f3,phase4d-transfer-lr-warmup__minipigs__sub-03_ses-07_task-AcousStim_acq-RHanest_desc-raw__fullpool-minipigs-sub-03-sel42-model42-step500__transfer_discriminative__lr0p0003__f1__t42,finished,0.3793759346008301,0.5307735204696655,True,,3695.0,False
transfer_adapter_warmup_uniform,minipigs,sub-03,sub-03_ses-07_task-AcousStim_acq-RHanest_desc-raw,0.0003,500,pretrained,phase4d-transfer-lr-warmup__minipigs__sub-03_ses-07_task-AcousStim_acq-RHanest_desc-raw__fullpool-minipigs-sub-03-sel42-model42-step500__transfer_adapter_warmup_uniform__lr0p0003__f1__t42,fb8a146a,phase4d-transfer-lr-warmup__minipigs__sub-03_ses-07_task-AcousStim_acq-RHanest_desc-raw__fullpool-minipigs-sub-03-sel42-model42-step500__transfer_adapter_warmup_uniform__lr0p0003__f1__t42,finished,0.3906326293945313,0.5048553347587585,True,,3299.0,False
transfer_uniform,minipigs,sub-03,sub-03_ses-07_task-AcousStim_acq-RHanest_desc-raw,0.0003,0,pretrained,phase4d-transfer-lr-warmup__minipigs__sub-03_ses-07_task-AcousStim_acq-RHanest_desc-raw__fullpool-minipigs-sub-03-sel42-model42-step500__transfer_uniform__lr0p0003__f1__t42,73ec6370,phase4d-transfer-lr-warmup__minipigs__sub-03_ses-07_task-AcousStim_acq-RHanest_desc-raw__fullpool-minipigs-sub-03-sel42-model42-step500__transfer_uniform__lr0p0003__f1__t42,finished,0.3491581082344055,0.5355193018913269,True,,2067.0,False
transfer_discriminative,minipigs,sub-03,sub-03_ses-07_task-AcousStim_acq-RHanest_desc-raw,0.0015,0,pretrained,phase4d-transfer-lr-warmup__minipigs__sub-03_ses-07_task-AcousStim_acq-RHanest_desc-raw__fullpool-minipigs-sub-03-sel42-model42-step500__transfer_discriminative__lr0p0015__f1__t42,31c25619,phase4d-transfer-lr-warmup__minipigs__sub-03_ses-07_task-AcousStim_acq-RHanest_desc-raw__fullpool-minipigs-sub-03-sel42-model42-step500__transfer_discriminative__lr0p0015__f1__t42,finished,0.4125117063522339,0.524231493473053,True,,2507.0,False
transfer_uniform,minipigs,sub-03,sub-03_ses-07_task-AcousStim_acq-RHanest_desc-raw,0.0015,0,pretrained,phase4d-transfer-lr-warmup__minipigs__sub-03_ses-07_task-AcousStim_acq-RHanest_desc-raw__fullpool-minipigs-sub-03-sel42-model42-step500__transfer_uniform__lr0p0015__f1__t42,73935f3e,phase4d-transfer-lr-warmup__minipigs__sub-03_ses-07_task-AcousStim_acq-RHanest_desc-raw__fullpool-minipigs-sub-03-sel42-model42-step500__transfer_uniform__lr0p0015__f1__t42,finished,0.40080854296684265,0.5022529363632202,True,,1055.0,False
transfer_adapter_warmup_uniform,minipigs,sub-03,sub-03_ses-07_task-AcousStim_acq-RHanest_desc-raw,0.0015,500,pretrained,phase4d-transfer-lr-warmup__minipigs__sub-03_ses-07_task-AcousStim_acq-RHanest_desc-raw__fullpool-minipigs-sub-03-sel42-model42-step500__transfer_adapter_warmup_uniform__lr0p0015__f1__t42,5a4efb97,phase4d-transfer-lr-warmup__minipigs__sub-03_ses-07_task-AcousStim_acq-RHanest_desc-raw__fullpool-minipigs-sub-03-sel42-model42-step500__transfer_adapter_warmup_uniform__lr0p0015__f1__t42,finished,0.4065166115760803,0.1556013524532318,True,,2155.0,False
transfer_adapter_warmup_discriminative,minipigs,sub-03,sub-03_ses-07_task-AcousStim_acq-RHanest_desc-raw,0.0003,500,pretrained,phase4d-transfer-lr-warmup__minipigs__sub-03_ses-07_task-AcousStim_acq-RHanest_desc-raw__fullpool-minipigs-sub-03-sel42-model42-step500__transfer_adapter_warmup_discriminative__lr0p0003__f1__t42,1ffd1117,phase4d-transfer-lr-warmup__minipigs__sub-03_ses-07_task-AcousStim_acq-RHanest_desc-raw__fullpool-minipigs-sub-03-sel42-model42-step500__transfer_adapter_warmup_discriminative__lr0p0003__f1__t42,finished,0.33985817432403564,0.1622411608695984,True,,4267.0,False
transfer_adapter_warmup_uniform,minipigs,sub-03,sub-03_ses-07_task-AcousStim_acq-RHanest_desc-raw,0.003,500,pretrained,phase4d-transfer-lr-warmup__minipigs__sub-03_ses-07_task-AcousStim_acq-RHanest_desc-raw__fullpool-minipigs-sub-03-sel42-model42-step500__transfer_adapter_warmup_uniform__lr0p003__f1__t42,24b5a3c8,phase4d-transfer-lr-warmup__minipigs__sub-03_ses-07_task-AcousStim_acq-RHanest_desc-raw__fullpool-minipigs-sub-03-sel42-model42-step500__transfer_adapter_warmup_uniform__lr0p003__f1__t42,finished,0.3750570714473725,0.5726464986801147,True,,2419.0,False
transfer_adapter_warmup_discriminative,minipigs,sub-03,sub-03_ses-07_task-AcousStim_acq-RHanest_desc-raw,0.0015,500,pretrained,phase4d-transfer-lr-warmup__minipigs__sub-03_ses-07_task-AcousStim_acq-RHanest_desc-raw__fullpool-minipigs-sub-03-sel42-model42-step500__transfer_adapter_warmup_discriminative__lr0p0015__f1__t42,f7b1493e,phase4d-transfer-lr-warmup__minipigs__sub-03_ses-07_task-AcousStim_acq-RHanest_desc-raw__fullpool-minipigs-sub-03-sel42-model42-step500__transfer_adapter_warmup_discriminative__lr0p0015__f1__t42,finished,0.44145745038986206,0.4226791858673096,True,,2683.0,False
transfer_adapter_warmup_discriminative,minipigs,sub-03,sub-03_ses-07_task-AcousStim_acq-RHanest_desc-raw,0.003,500,pretrained,phase4d-transfer-lr-warmup__minipigs__sub-03_ses-07_task-AcousStim_acq-RHanest_desc-raw__fullpool-minipigs-sub-03-sel42-model42-step500__transfer_adapter_warmup_discriminative__lr0p003__f1__t42,c73ff661,phase4d-transfer-lr-warmup__minipigs__sub-03_ses-07_task-AcousStim_acq-RHanest_desc-raw__fullpool-minipigs-sub-03-sel42-model42-step500__transfer_adapter_warmup_discriminative__lr0p003__f1__t42,finished,0.430974543094635,0.5793176889419556,True,,2243.0,False
transfer_uniform,minipigs,sub-04,sub-04_ses-01_task-AcousStim_acq-LH_desc-raw,0.003,0,pretrained,phase4d-transfer-lr-warmup__minipigs__sub-04_ses-01_task-AcousStim_acq-LH_desc-raw__fullpool-minipigs-sub-04-sel42-model42-step500__transfer_uniform__lr0p003__f1__t42,3e26ec24,phase4d-transfer-lr-warmup__minipigs__sub-04_ses-01_task-AcousStim_acq-LH_desc-raw__fullpool-minipigs-sub-04-sel42-model42-step500__transfer_uniform__lr0p003__f1__t42,finished,0.8630668520927429,0.9082805514335632,True,,1469.0,False
transfer_uniform,minipigs,sub-04,sub-04_ses-01_task-AcousStim_acq-LH_desc-raw,0.0015,0,pretrained,phase4d-transfer-lr-warmup__minipigs__sub-04_ses-01_task-AcousStim_acq-LH_desc-raw__fullpool-minipigs-sub-04-sel42-model42-step500__transfer_uniform__lr0p0015__f1__t42,0b41e727,phase4d-transfer-lr-warmup__minipigs__sub-04_ses-01_task-AcousStim_acq-LH_desc-raw__fullpool-minipigs-sub-04-sel42-model42-step500__transfer_uniform__lr0p0015__f1__t42,finished,0.8523439168930054,0.9290944933891296,True,,1154.0,False
transfer_discriminative,minipigs,sub-04,sub-04_ses-01_task-AcousStim_acq-LH_desc-raw,0.0003,0,pretrained,phase4d-transfer-lr-warmup__minipigs__sub-04_ses-01_task-AcousStim_acq-LH_desc-raw__fullpool-minipigs-sub-04-sel42-model42-step500__transfer_discriminative__lr0p0003__f1__t42,769ba243,phase4d-transfer-lr-warmup__minipigs__sub-04_ses-01_task-AcousStim_acq-LH_desc-raw__fullpool-minipigs-sub-04-sel42-model42-step500__transfer_discriminative__lr0p0003__f1__t42,finished,0.9015145301818848,0.9328571557998656,True,,4724.0,False
transfer_uniform,minipigs,sub-04,sub-04_ses-01_task-AcousStim_acq-LH_desc-raw,0.0003,0,pretrained,phase4d-transfer-lr-warmup__minipigs__sub-04_ses-01_task-AcousStim_acq-LH_desc-raw__fullpool-minipigs-sub-04-sel42-model42-step500__transfer_uniform__lr0p0003__f1__t42,ab9374e9,phase4d-transfer-lr-warmup__minipigs__sub-04_ses-01_task-AcousStim_acq-LH_desc-raw__fullpool-minipigs-sub-04-sel42-model42-step500__transfer_uniform__lr0p0003__f1__t42,finished,0.9126240015029908,0.95634925365448,True,,1539.0,False
transfer_discriminative,minipigs,sub-04,sub-04_ses-01_task-AcousStim_acq-LH_desc-raw,0.003,0,pretrained,phase4d-transfer-lr-warmup__minipigs__sub-04_ses-01_task-AcousStim_acq-LH_desc-raw__fullpool-minipigs-sub-04-sel42-model42-step500__transfer_discriminative__lr0p003__f1__t42,88fe58ad,phase4d-transfer-lr-warmup__minipigs__sub-04_ses-01_task-AcousStim_acq-LH_desc-raw__fullpool-minipigs-sub-04-sel42-model42-step500__transfer_discriminative__lr0p003__f1__t42,finished,0.9476949572563172,0.9472085237503052,True,,979.0,False
transfer_adapter_warmup_uniform,minipigs,sub-04,sub-04_ses-01_task-AcousStim_acq-LH_desc-raw,0.0003,500,pretrained,phase4d-transfer-lr-warmup__minipigs__sub-04_ses-01_task-AcousStim_acq-LH_desc-raw__fullpool-minipigs-sub-04-sel42-model42-step500__transfer_adapter_warmup_uniform__lr0p0003__f1__t42,d6afa383,phase4d-transfer-lr-warmup__minipigs__sub-04_ses-01_task-AcousStim_acq-LH_desc-raw__fullpool-minipigs-sub-04-sel42-model42-step500__transfer_adapter_warmup_uniform__lr0p0003__f1__t42,finished,0.960212230682373,0.9540070295333862,True,,1784.0,False
transfer_discriminative,minipigs,sub-04,sub-04_ses-01_task-AcousStim_acq-LH_desc-raw,0.0015,0,pretrained,phase4d-transfer-lr-warmup__minipigs__sub-04_ses-01_task-AcousStim_acq-LH_desc-raw__fullpool-minipigs-sub-04-sel42-model42-step500__transfer_discriminative__lr0p0015__f1__t42,3b7bb8b3,phase4d-transfer-lr-warmup__minipigs__sub-04_ses-01_task-AcousStim_acq-LH_desc-raw__fullpool-minipigs-sub-04-sel42-model42-step500__transfer_discriminative__lr0p0015__f1__t42,finished,0.9146814942359924,0.9472085237503052,True,,1539.0,False
transfer_adapter_warmup_discriminative,minipigs,sub-04,sub-04_ses-01_task-AcousStim_acq-LH_desc-raw,0.0015,500,pretrained,phase4d-transfer-lr-warmup__minipigs__sub-04_ses-01_task-AcousStim_acq-LH_desc-raw__fullpool-minipigs-sub-04-sel42-model42-step500__transfer_adapter_warmup_discriminative__lr0p0015__f1__t42,13b23bd4,phase4d-transfer-lr-warmup__minipigs__sub-04_ses-01_task-AcousStim_acq-LH_desc-raw__fullpool-minipigs-sub-04-sel42-model42-step500__transfer_adapter_warmup_discriminative__lr0p0015__f1__t42,finished,0.9820701479911804,0.94560444355011,True,,1644.0,False
transfer_adapter_warmup_uniform,minipigs,sub-04,sub-04_ses-01_task-AcousStim_acq-LH_desc-raw,0.0015,500,pretrained,phase4d-transfer-lr-warmup__minipigs__sub-04_ses-01_task-AcousStim_acq-LH_desc-raw__fullpool-minipigs-sub-04-sel42-model42-step500__transfer_adapter_warmup_uniform__lr0p0015__f1__t42,a77bb21d,phase4d-transfer-lr-warmup__minipigs__sub-04_ses-01_task-AcousStim_acq-LH_desc-raw__fullpool-minipigs-sub-04-sel42-model42-step500__transfer_adapter_warmup_uniform__lr0p0015__f1__t42,finished,0.8560190796852112,0.9303994178771972,True,,1609.0,False
transfer_adapter_warmup_discriminative,minipigs,sub-04,sub-04_ses-01_task-AcousStim_acq-LH_desc-raw,0.003,500,pretrained,phase4d-transfer-lr-warmup__minipigs__sub-04_ses-01_task-AcousStim_acq-LH_desc-raw__fullpool-minipigs-sub-04-sel42-model42-step500__transfer_adapter_warmup_discriminative__lr0p003__f1__t42,097c4872,phase4d-transfer-lr-warmup__minipigs__sub-04_ses-01_task-AcousStim_acq-LH_desc-raw__fullpool-minipigs-sub-04-sel42-model42-step500__transfer_adapter_warmup_discriminative__lr0p003__f1__t42,finished,0.9812944531440736,0.9625850915908812,True,,1084.0,False
transfer_adapter_warmup_uniform,minipigs,sub-04,sub-04_ses-01_task-AcousStim_acq-LH_desc-raw,0.003,500,pretrained,phase4d-transfer-lr-warmup__minipigs__sub-04_ses-01_task-AcousStim_acq-LH_desc-raw__fullpool-minipigs-sub-04-sel42-model42-step500__transfer_adapter_warmup_uniform__lr0p003__f1__t42,b54f8b01,phase4d-transfer-lr-warmup__minipigs__sub-04_ses-01_task-AcousStim_acq-LH_desc-raw__fullpool-minipigs-sub-04-sel42-model42-step500__transfer_adapter_warmup_uniform__lr0p003__f1__t42,finished,0.8447424173355103,0.8945702314376831,True,,2239.0,False
transfer_uniform,minipigs,sub-04,sub-04_ses-01_task-AcousStim_acq-RH_desc-raw,0.0003,0,pretrained,phase4d-transfer-lr-warmup__minipigs__sub-04_ses-01_task-AcousStim_acq-RH_desc-raw__fullpool-minipigs-sub-04-sel42-model42-step500__transfer_uniform__lr0p0003__f1__t42,2899eb62,phase4d-transfer-lr-warmup__minipigs__sub-04_ses-01_task-AcousStim_acq-RH_desc-raw__fullpool-minipigs-sub-04-sel42-model42-step500__transfer_uniform__lr0p0003__f1__t42,finished,0.5216851234436035,0.8118259310722351,True,,1014.0,False
transfer_adapter_warmup_discriminative,minipigs,sub-04,sub-04_ses-01_task-AcousStim_acq-LH_desc-raw,0.0003,500,pretrained,phase4d-transfer-lr-warmup__minipigs__sub-04_ses-01_task-AcousStim_acq-LH_desc-raw__fullpool-minipigs-sub-04-sel42-model42-step500__transfer_adapter_warmup_discriminative__lr0p0003__f1__t42,79f218c7,phase4d-transfer-lr-warmup__minipigs__sub-04_ses-01_task-AcousStim_acq-LH_desc-raw__fullpool-minipigs-sub-04-sel42-model42-step500__transfer_adapter_warmup_discriminative__lr0p0003__f1__t42,finished,0.9258553981781006,0.6567599773406982,True,,4339.0,False
transfer_uniform,minipigs,sub-04,sub-04_ses-01_task-AcousStim_acq-RH_desc-raw,0.0015,0,pretrained,phase4d-transfer-lr-warmup__minipigs__sub-04_ses-01_task-AcousStim_acq-RH_desc-raw__fullpool-minipigs-sub-04-sel42-model42-step500__transfer_uniform__lr0p0015__f1__t42,dc95f106,phase4d-transfer-lr-warmup__minipigs__sub-04_ses-01_task-AcousStim_acq-RH_desc-raw__fullpool-minipigs-sub-04-sel42-model42-step500__transfer_uniform__lr0p0015__f1__t42,finished,0.5698833465576172,0.833143413066864,True,,734.0,False
transfer_discriminative,minipigs,sub-04,sub-04_ses-01_task-AcousStim_acq-RH_desc-raw,0.0003,0,pretrained,phase4d-transfer-lr-warmup__minipigs__sub-04_ses-01_task-AcousStim_acq-RH_desc-raw__fullpool-minipigs-sub-04-sel42-model42-step500__transfer_discriminative__lr0p0003__f1__t42,7ba3df62,phase4d-transfer-lr-warmup__minipigs__sub-04_ses-01_task-AcousStim_acq-RH_desc-raw__fullpool-minipigs-sub-04-sel42-model42-step500__transfer_discriminative__lr0p0003__f1__t42,finished,0.6070898175239563,0.7730764746665955,True,,3079.0,False
transfer_uniform,minipigs,sub-04,sub-04_ses-01_task-AcousStim_acq-RH_desc-raw,0.003,0,pretrained,phase4d-transfer-lr-warmup__minipigs__sub-04_ses-01_task-AcousStim_acq-RH_desc-raw__fullpool-minipigs-sub-04-sel42-model42-step500__transfer_uniform__lr0p003__f1__t42,9bce9579,phase4d-transfer-lr-warmup__minipigs__sub-04_ses-01_task-AcousStim_acq-RH_desc-raw__fullpool-minipigs-sub-04-sel42-model42-step500__transfer_uniform__lr0p003__f1__t42,finished,0.5520634055137634,0.829054594039917,True,,419.0,False
transfer_discriminative,minipigs,sub-04,sub-04_ses-01_task-AcousStim_acq-RH_desc-raw,0.0015,0,pretrained,phase4d-transfer-lr-warmup__minipigs__sub-04_ses-01_task-AcousStim_acq-RH_desc-raw__fullpool-minipigs-sub-04-sel42-model42-step500__transfer_discriminative__lr0p0015__f1__t42,20fe63fc,phase4d-transfer-lr-warmup__minipigs__sub-04_ses-01_task-AcousStim_acq-RH_desc-raw__fullpool-minipigs-sub-04-sel42-model42-step500__transfer_discriminative__lr0p0015__f1__t42,finished,0.6013950109481812,0.7927219271659851,True,,1294.0,False
transfer_adapter_warmup_uniform,minipigs,sub-04,sub-04_ses-01_task-AcousStim_acq-RH_desc-raw,0.0003,500,pretrained,phase4d-transfer-lr-warmup__minipigs__sub-04_ses-01_task-AcousStim_acq-RH_desc-raw__fullpool-minipigs-sub-04-sel42-model42-step500__transfer_adapter_warmup_uniform__lr0p0003__f1__t42,6e22bece,phase4d-transfer-lr-warmup__minipigs__sub-04_ses-01_task-AcousStim_acq-RH_desc-raw__fullpool-minipigs-sub-04-sel42-model42-step500__transfer_adapter_warmup_uniform__lr0p0003__f1__t42,finished,0.5448586344718933,0.8440549373626709,True,,1539.0,False
transfer_discriminative,minipigs,sub-04,sub-04_ses-01_task-AcousStim_acq-RH_desc-raw,0.003,0,pretrained,phase4d-transfer-lr-warmup__minipigs__sub-04_ses-01_task-AcousStim_acq-RH_desc-raw__fullpool-minipigs-sub-04-sel42-model42-step500__transfer_discriminative__lr0p003__f1__t42,ecad1b28,phase4d-transfer-lr-warmup__minipigs__sub-04_ses-01_task-AcousStim_acq-RH_desc-raw__fullpool-minipigs-sub-04-sel42-model42-step500__transfer_discriminative__lr0p003__f1__t42,finished,0.5959262847900391,0.8232513666152954,True,,1154.0,False
transfer_adapter_warmup_discriminative,minipigs,sub-04,sub-04_ses-01_task-AcousStim_acq-RH_desc-raw,0.0003,500,pretrained,phase4d-transfer-lr-warmup__minipigs__sub-04_ses-01_task-AcousStim_acq-RH_desc-raw__fullpool-minipigs-sub-04-sel42-model42-step500__transfer_adapter_warmup_discriminative__lr0p0003__f1__t42,b29603b0,phase4d-transfer-lr-warmup__minipigs__sub-04_ses-01_task-AcousStim_acq-RH_desc-raw__fullpool-minipigs-sub-04-sel42-model42-step500__transfer_adapter_warmup_discriminative__lr0p0003__f1__t42,finished,0.5324746966362,0.6449018716812134,True,,3254.0,False
transfer_adapter_warmup_uniform,minipigs,sub-04,sub-04_ses-01_task-AcousStim_acq-RH_desc-raw,0.0015,500,pretrained,phase4d-transfer-lr-warmup__minipigs__sub-04_ses-01_task-AcousStim_acq-RH_desc-raw__fullpool-minipigs-sub-04-sel42-model42-step500__transfer_adapter_warmup_uniform__lr0p0015__f1__t42,2d9f0544,phase4d-transfer-lr-warmup__minipigs__sub-04_ses-01_task-AcousStim_acq-RH_desc-raw__fullpool-minipigs-sub-04-sel42-model42-step500__transfer_adapter_warmup_uniform__lr0p0015__f1__t42,finished,0.533620297908783,0.8169568777084351,True,,839.0,False
transfer_adapter_warmup_discriminative,minipigs,sub-04,sub-04_ses-01_task-AcousStim_acq-RH_desc-raw,0.0015,500,pretrained,phase4d-transfer-lr-warmup__minipigs__sub-04_ses-01_task-AcousStim_acq-RH_desc-raw__fullpool-minipigs-sub-04-sel42-model42-step500__transfer_adapter_warmup_discriminative__lr0p0015__f1__t42,0c53d401,phase4d-transfer-lr-warmup__minipigs__sub-04_ses-01_task-AcousStim_acq-RH_desc-raw__fullpool-minipigs-sub-04-sel42-model42-step500__transfer_adapter_warmup_discriminative__lr0p0015__f1__t42,finished,0.5959380269050598,0.7933002710342407,True,,1504.0,False
transfer_adapter_warmup_discriminative,minipigs,sub-04,sub-04_ses-01_task-AcousStim_acq-RH_desc-raw,0.003,500,pretrained,phase4d-transfer-lr-warmup__minipigs__sub-04_ses-01_task-AcousStim_acq-RH_desc-raw__fullpool-minipigs-sub-04-sel42-model42-step500__transfer_adapter_warmup_discriminative__lr0p003__f1__t42,33b0db0c,phase4d-transfer-lr-warmup__minipigs__sub-04_ses-01_task-AcousStim_acq-RH_desc-raw__fullpool-minipigs-sub-04-sel42-model42-step500__transfer_adapter_warmup_discriminative__lr0p003__f1__t42,finished,0.5480207800865173,0.8429586291313171,True,,1014.0,False
transfer_adapter_warmup_uniform,minipigs,sub-04,sub-04_ses-01_task-AcousStim_acq-RH_desc-raw,0.003,500,pretrained,phase4d-transfer-lr-warmup__minipigs__sub-04_ses-01_task-AcousStim_acq-RH_desc-raw__fullpool-minipigs-sub-04-sel42-model42-step500__transfer_adapter_warmup_uniform__lr0p003__f1__t42,05f7c687,phase4d-transfer-lr-warmup__minipigs__sub-04_ses-01_task-AcousStim_acq-RH_desc-raw__fullpool-minipigs-sub-04-sel42-model42-step500__transfer_adapter_warmup_uniform__lr0p003__f1__t42,finished,0.6640899181365967,0.8306326270103455,True,,839.0,False
transfer_uniform,minipigs,sub-04,sub-04_ses-02_task-AcousStim_acq-LH_desc-raw,0.0015,0,pretrained,phase4d-transfer-lr-warmup__minipigs__sub-04_ses-02_task-AcousStim_acq-LH_desc-raw__fullpool-minipigs-sub-04-sel42-model42-step500__transfer_uniform__lr0p0015__f1__t42,988f9538,phase4d-transfer-lr-warmup__minipigs__sub-04_ses-02_task-AcousStim_acq-LH_desc-raw__fullpool-minipigs-sub-04-sel42-model42-step500__transfer_uniform__lr0p0015__f1__t42,finished,0.25921350717544556,0.3296518623828888,True,,1910.0,False
transfer_uniform,minipigs,sub-04,sub-04_ses-02_task-AcousStim_acq-LH_desc-raw,0.003,0,pretrained,phase4d-transfer-lr-warmup__minipigs__sub-04_ses-02_task-AcousStim_acq-LH_desc-raw__fullpool-minipigs-sub-04-sel42-model42-step500__transfer_uniform__lr0p003__f1__t42,8c8aaa49,phase4d-transfer-lr-warmup__minipigs__sub-04_ses-02_task-AcousStim_acq-LH_desc-raw__fullpool-minipigs-sub-04-sel42-model42-step500__transfer_uniform__lr0p003__f1__t42,finished,0.27002930641174316,0.32395654916763306,True,,1420.0,False
transfer_discriminative,minipigs,sub-04,sub-04_ses-02_task-AcousStim_acq-LH_desc-raw,0.0003,0,pretrained,phase4d-transfer-lr-warmup__minipigs__sub-04_ses-02_task-AcousStim_acq-LH_desc-raw__fullpool-minipigs-sub-04-sel42-model42-step500__transfer_discriminative__lr0p0003__f1__t42,67eef832,phase4d-transfer-lr-warmup__minipigs__sub-04_ses-02_task-AcousStim_acq-LH_desc-raw__fullpool-minipigs-sub-04-sel42-model42-step500__transfer_discriminative__lr0p0003__f1__t42,finished,0.21708957850933075,0.2998538017272949,True,,7790.0,False
transfer_uniform,minipigs,sub-04,sub-04_ses-02_task-AcousStim_acq-LH_desc-raw,0.0003,0,pretrained,phase4d-transfer-lr-warmup__minipigs__sub-04_ses-02_task-AcousStim_acq-LH_desc-raw__fullpool-minipigs-sub-04-sel42-model42-step500__transfer_uniform__lr0p0003__f1__t42,31c4eb93,phase4d-transfer-lr-warmup__minipigs__sub-04_ses-02_task-AcousStim_acq-LH_desc-raw__fullpool-minipigs-sub-04-sel42-model42-step500__transfer_uniform__lr0p0003__f1__t42,finished,0.2413581609725952,0.3536708950996399,True,,2939.0,False
transfer_discriminative,minipigs,sub-04,sub-04_ses-02_task-AcousStim_acq-LH_desc-raw,0.0015,0,pretrained,phase4d-transfer-lr-warmup__minipigs__sub-04_ses-02_task-AcousStim_acq-LH_desc-raw__fullpool-minipigs-sub-04-sel42-model42-step500__transfer_discriminative__lr0p0015__f1__t42,7aec4cd3,phase4d-transfer-lr-warmup__minipigs__sub-04_ses-02_task-AcousStim_acq-LH_desc-raw__fullpool-minipigs-sub-04-sel42-model42-step500__transfer_discriminative__lr0p0015__f1__t42,finished,0.24902594089508057,0.35462021827697754,True,,3380.0,False
transfer_adapter_warmup_uniform,minipigs,sub-04,sub-04_ses-02_task-AcousStim_acq-LH_desc-raw,0.0003,500,pretrained,phase4d-transfer-lr-warmup__minipigs__sub-04_ses-02_task-AcousStim_acq-LH_desc-raw__fullpool-minipigs-sub-04-sel42-model42-step500__transfer_adapter_warmup_uniform__lr0p0003__f1__t42,aeb2caf6,phase4d-transfer-lr-warmup__minipigs__sub-04_ses-02_task-AcousStim_acq-LH_desc-raw__fullpool-minipigs-sub-04-sel42-model42-step500__transfer_adapter_warmup_uniform__lr0p0003__f1__t42,finished,0.25223463773727417,0.35115063190460205,True,,3527.0,False
transfer_discriminative,minipigs,sub-04,sub-04_ses-02_task-AcousStim_acq-LH_desc-raw,0.003,0,pretrained,phase4d-transfer-lr-warmup__minipigs__sub-04_ses-02_task-AcousStim_acq-LH_desc-raw__fullpool-minipigs-sub-04-sel42-model42-step500__transfer_discriminative__lr0p003__f1__t42,44a1d526,phase4d-transfer-lr-warmup__minipigs__sub-04_ses-02_task-AcousStim_acq-LH_desc-raw__fullpool-minipigs-sub-04-sel42-model42-step500__transfer_discriminative__lr0p003__f1__t42,finished,0.2499835044145584,0.34305697679519653,True,,2547.0,False
transfer_adapter_warmup_uniform,minipigs,sub-04,sub-04_ses-02_task-AcousStim_acq-LH_desc-raw,0.0015,500,pretrained,phase4d-transfer-lr-warmup__minipigs__sub-04_ses-02_task-AcousStim_acq-LH_desc-raw__fullpool-minipigs-sub-04-sel42-model42-step500__transfer_adapter_warmup_uniform__lr0p0015__f1__t42,35b70bb7,phase4d-transfer-lr-warmup__minipigs__sub-04_ses-02_task-AcousStim_acq-LH_desc-raw__fullpool-minipigs-sub-04-sel42-model42-step500__transfer_adapter_warmup_uniform__lr0p0015__f1__t42,finished,0.23718172311782837,0.32102349400520325,True,,4507.0,False
transfer_adapter_warmup_discriminative,minipigs,sub-04,sub-04_ses-02_task-AcousStim_acq-LH_desc-raw,0.0003,500,pretrained,phase4d-transfer-lr-warmup__minipigs__sub-04_ses-02_task-AcousStim_acq-LH_desc-raw__fullpool-minipigs-sub-04-sel42-model42-step500__transfer_adapter_warmup_discriminative__lr0p0003__f1__t42,e3c81cdd,phase4d-transfer-lr-warmup__minipigs__sub-04_ses-02_task-AcousStim_acq-LH_desc-raw__fullpool-minipigs-sub-04-sel42-model42-step500__transfer_adapter_warmup_discriminative__lr0p0003__f1__t42,finished,0.21799246966838837,0.3011177182197571,True,,7300.0,False
transfer_adapter_warmup_discriminative,minipigs,sub-04,sub-04_ses-02_task-AcousStim_acq-LH_desc-raw,0.0015,500,pretrained,phase4d-transfer-lr-warmup__minipigs__sub-04_ses-02_task-AcousStim_acq-LH_desc-raw__fullpool-minipigs-sub-04-sel42-model42-step500__transfer_adapter_warmup_discriminative__lr0p0015__f1__t42,9c01ae13,phase4d-transfer-lr-warmup__minipigs__sub-04_ses-02_task-AcousStim_acq-LH_desc-raw__fullpool-minipigs-sub-04-sel42-model42-step500__transfer_adapter_warmup_discriminative__lr0p0015__f1__t42,finished,0.27293917536735535,0.3457045555114746,True,,3282.0,False
transfer_adapter_warmup_uniform,minipigs,sub-04,sub-04_ses-02_task-AcousStim_acq-LH_desc-raw,0.003,500,pretrained,phase4d-transfer-lr-warmup__minipigs__sub-04_ses-02_task-AcousStim_acq-LH_desc-raw__fullpool-minipigs-sub-04-sel42-model42-step500__transfer_adapter_warmup_uniform__lr0p003__f1__t42,53b3bd40,phase4d-transfer-lr-warmup__minipigs__sub-04_ses-02_task-AcousStim_acq-LH_desc-raw__fullpool-minipigs-sub-04-sel42-model42-step500__transfer_adapter_warmup_uniform__lr0p003__f1__t42,finished,0.2379433512687683,0.29672861099243164,True,,2792.0,False
transfer_uniform,minipigs,sub-04,sub-04_ses-02_task-AcousStim_acq-RH_desc-raw,0.0015,0,pretrained,phase4d-transfer-lr-warmup__minipigs__sub-04_ses-02_task-AcousStim_acq-RH_desc-raw__fullpool-minipigs-sub-04-sel42-model42-step500__transfer_uniform__lr0p0015__f1__t42,68e08875,phase4d-transfer-lr-warmup__minipigs__sub-04_ses-02_task-AcousStim_acq-RH_desc-raw__fullpool-minipigs-sub-04-sel42-model42-step500__transfer_uniform__lr0p0015__f1__t42,finished,0.2786606550216675,0.37134307622909546,True,,3478.0,True
transfer_uniform,minipigs,sub-04,sub-04_ses-02_task-AcousStim_acq-RH_desc-raw,0.003,0,pretrained,phase4d-transfer-lr-warmup__minipigs__sub-04_ses-02_task-AcousStim_acq-RH_desc-raw__fullpool-minipigs-sub-04-sel42-model42-step500__transfer_uniform__lr0p003__f1__t42,3e96d2b3,phase4d-transfer-lr-warmup__minipigs__sub-04_ses-02_task-AcousStim_acq-RH_desc-raw__fullpool-minipigs-sub-04-sel42-model42-step500__transfer_uniform__lr0p003__f1__t42,finished,0.2748875021934509,0.32545050978660583,True,,783.0,False
transfer_discriminative,minipigs,sub-04,sub-04_ses-02_task-AcousStim_acq-RH_desc-raw,0.0003,0,pretrained,phase4d-transfer-lr-warmup__minipigs__sub-04_ses-02_task-AcousStim_acq-RH_desc-raw__fullpool-minipigs-sub-04-sel42-model42-step500__transfer_discriminative__lr0p0003__f1__t42,dd779e51,phase4d-transfer-lr-warmup__minipigs__sub-04_ses-02_task-AcousStim_acq-RH_desc-raw__fullpool-minipigs-sub-04-sel42-model42-step500__transfer_discriminative__lr0p0003__f1__t42,finished,0.2815857529640198,0.3274664878845215,True,,6614.0,False
transfer_discriminative,minipigs,sub-04,sub-04_ses-02_task-AcousStim_acq-RH_desc-raw,0.0015,0,pretrained,phase4d-transfer-lr-warmup__minipigs__sub-04_ses-02_task-AcousStim_acq-RH_desc-raw__fullpool-minipigs-sub-04-sel42-model42-step500__transfer_discriminative__lr0p0015__f1__t42,bb976097,phase4d-transfer-lr-warmup__minipigs__sub-04_ses-02_task-AcousStim_acq-RH_desc-raw__fullpool-minipigs-sub-04-sel42-model42-step500__transfer_discriminative__lr0p0015__f1__t42,finished,0.3132982850074768,0.360195130109787,True,,2498.0,False
transfer_uniform,minipigs,sub-04,sub-04_ses-02_task-AcousStim_acq-RH_desc-raw,0.0003,0,pretrained,phase4d-transfer-lr-warmup__minipigs__sub-04_ses-02_task-AcousStim_acq-RH_desc-raw__fullpool-minipigs-sub-04-sel42-model42-step500__transfer_uniform__lr0p0003__f1__t42,1dce0d8b,phase4d-transfer-lr-warmup__minipigs__sub-04_ses-02_task-AcousStim_acq-RH_desc-raw__fullpool-minipigs-sub-04-sel42-model42-step500__transfer_uniform__lr0p0003__f1__t42,finished,0.29617154598236084,0.3507169485092163,True,,1763.0,False
transfer_discriminative,minipigs,sub-04,sub-04_ses-02_task-AcousStim_acq-RH_desc-raw,0.003,0,pretrained,phase4d-transfer-lr-warmup__minipigs__sub-04_ses-02_task-AcousStim_acq-RH_desc-raw__fullpool-minipigs-sub-04-sel42-model42-step500__transfer_discriminative__lr0p003__f1__t42,bb547b26,phase4d-transfer-lr-warmup__minipigs__sub-04_ses-02_task-AcousStim_acq-RH_desc-raw__fullpool-minipigs-sub-04-sel42-model42-step500__transfer_discriminative__lr0p003__f1__t42,finished,0.3274935483932495,0.34938162565231323,True,,1469.0,False
transfer_adapter_warmup_discriminative,minipigs,sub-04,sub-04_ses-02_task-AcousStim_acq-LH_desc-raw,0.003,500,pretrained,phase4d-transfer-lr-warmup__minipigs__sub-04_ses-02_task-AcousStim_acq-LH_desc-raw__fullpool-minipigs-sub-04-sel42-model42-step500__transfer_adapter_warmup_discriminative__lr0p003__f1__t42,3fa19483,phase4d-transfer-lr-warmup__minipigs__sub-04_ses-02_task-AcousStim_acq-LH_desc-raw__fullpool-minipigs-sub-04-sel42-model42-step500__transfer_adapter_warmup_discriminative__lr0p003__f1__t42,finished,0.2787376046180725,0.3296637535095215,True,,1812.0,False
transfer_adapter_warmup_uniform,minipigs,sub-04,sub-04_ses-02_task-AcousStim_acq-RH_desc-raw,0.0003,500,pretrained,phase4d-transfer-lr-warmup__minipigs__sub-04_ses-02_task-AcousStim_acq-RH_desc-raw__fullpool-minipigs-sub-04-sel42-model42-step500__transfer_adapter_warmup_uniform__lr0p0003__f1__t42,c277af1c,phase4d-transfer-lr-warmup__minipigs__sub-04_ses-02_task-AcousStim_acq-RH_desc-raw__fullpool-minipigs-sub-04-sel42-model42-step500__transfer_adapter_warmup_uniform__lr0p0003__f1__t42,finished,0.2764241397380829,0.09122017025947572,True,,2253.0,False
transfer_adapter_warmup_uniform,minipigs,sub-04,sub-04_ses-02_task-AcousStim_acq-RH_desc-raw,0.003,500,pretrained,phase4d-transfer-lr-warmup__minipigs__sub-04_ses-02_task-AcousStim_acq-RH_desc-raw__fullpool-minipigs-sub-04-sel42-model42-step500__transfer_adapter_warmup_uniform__lr0p003__f1__t42,99fe120e,phase4d-transfer-lr-warmup__minipigs__sub-04_ses-02_task-AcousStim_acq-RH_desc-raw__fullpool-minipigs-sub-04-sel42-model42-step500__transfer_adapter_warmup_uniform__lr0p003__f1__t42,finished,0.3161031901836395,0.3677995800971985,True,,3331.0,False
transfer_adapter_warmup_uniform,minipigs,sub-04,sub-04_ses-02_task-AcousStim_acq-RH_desc-raw,0.0015,500,pretrained,phase4d-transfer-lr-warmup__minipigs__sub-04_ses-02_task-AcousStim_acq-RH_desc-raw__fullpool-minipigs-sub-04-sel42-model42-step500__transfer_adapter_warmup_uniform__lr0p0015__f1__t42,fe892167,phase4d-transfer-lr-warmup__minipigs__sub-04_ses-02_task-AcousStim_acq-RH_desc-raw__fullpool-minipigs-sub-04-sel42-model42-step500__transfer_adapter_warmup_uniform__lr0p0015__f1__t42,finished,0.28553420305252075,0.33891332149505615,True,,1567.0,False
transfer_adapter_warmup_discriminative,minipigs,sub-04,sub-04_ses-02_task-AcousStim_acq-RH_desc-raw,0.0003,500,pretrained,phase4d-transfer-lr-warmup__minipigs__sub-04_ses-02_task-AcousStim_acq-RH_desc-raw__fullpool-minipigs-sub-04-sel42-model42-step500__transfer_adapter_warmup_discriminative__lr0p0003__f1__t42,35e54256,phase4d-transfer-lr-warmup__minipigs__sub-04_ses-02_task-AcousStim_acq-RH_desc-raw__fullpool-minipigs-sub-04-sel42-model42-step500__transfer_adapter_warmup_discriminative__lr0p0003__f1__t42,finished,0.29651719331741333,0.15529882907867432,True,,8231.0,False
transfer_adapter_warmup_discriminative,minipigs,sub-04,sub-04_ses-02_task-AcousStim_acq-RH_desc-raw,0.0015,500,pretrained,phase4d-transfer-lr-warmup__minipigs__sub-04_ses-02_task-AcousStim_acq-RH_desc-raw__fullpool-minipigs-sub-04-sel42-model42-step500__transfer_adapter_warmup_discriminative__lr0p0015__f1__t42,104ea78e,phase4d-transfer-lr-warmup__minipigs__sub-04_ses-02_task-AcousStim_acq-RH_desc-raw__fullpool-minipigs-sub-04-sel42-model42-step500__transfer_adapter_warmup_discriminative__lr0p0015__f1__t42,finished,0.3016813397407532,0.3913767039775848,True,,4605.0,False
transfer_adapter_warmup_discriminative,minipigs,sub-04,sub-04_ses-02_task-AcousStim_acq-RH_desc-raw,0.003,500,pretrained,phase4d-transfer-lr-warmup__minipigs__sub-04_ses-02_task-AcousStim_acq-RH_desc-raw__fullpool-minipigs-sub-04-sel42-model42-step500__transfer_adapter_warmup_discriminative__lr0p003__f1__t42,eba829be,phase4d-transfer-lr-warmup__minipigs__sub-04_ses-02_task-AcousStim_acq-RH_desc-raw__fullpool-minipigs-sub-04-sel42-model42-step500__transfer_adapter_warmup_discriminative__lr0p003__f1__t42,finished,0.3190564513206482,0.3788309395313263,True,,2498.0,False
transfer_uniform,minipigs,sub-04,sub-04_ses-03_task-AcousStim_acq-LH_desc-raw,0.0003,0,pretrained,phase4d-transfer-lr-warmup__minipigs__sub-04_ses-03_task-AcousStim_acq-LH_desc-raw__fullpool-minipigs-sub-04-sel42-model42-step500__transfer_uniform__lr0p0003__f1__t42,2390d1ad,phase4d-transfer-lr-warmup__minipigs__sub-04_ses-03_task-AcousStim_acq-LH_desc-raw__fullpool-minipigs-sub-04-sel42-model42-step500__transfer_uniform__lr0p0003__f1__t42,finished,0.21316811442375183,0.35596808791160583,True,,3379.0,False
transfer_discriminative,minipigs,sub-04,sub-04_ses-03_task-AcousStim_acq-LH_desc-raw,0.0003,0,pretrained,phase4d-transfer-lr-warmup__minipigs__sub-04_ses-03_task-AcousStim_acq-LH_desc-raw__fullpool-minipigs-sub-04-sel42-model42-step500__transfer_discriminative__lr0p0003__f1__t42,79e40a81,phase4d-transfer-lr-warmup__minipigs__sub-04_ses-03_task-AcousStim_acq-LH_desc-raw__fullpool-minipigs-sub-04-sel42-model42-step500__transfer_discriminative__lr0p0003__f1__t42,finished,0.16302165389060974,0.2646832764148712,True,,2287.0,False
transfer_uniform,minipigs,sub-04,sub-04_ses-03_task-AcousStim_acq-LH_desc-raw,0.003,0,pretrained,phase4d-transfer-lr-warmup__minipigs__sub-04_ses-03_task-AcousStim_acq-LH_desc-raw__fullpool-minipigs-sub-04-sel42-model42-step500__transfer_uniform__lr0p003__f1__t42,fa7927a0,phase4d-transfer-lr-warmup__minipigs__sub-04_ses-03_task-AcousStim_acq-LH_desc-raw__fullpool-minipigs-sub-04-sel42-model42-step500__transfer_uniform__lr0p003__f1__t42,finished,0.24054306745529175,0.3974720239639282,True,,1559.0,False
transfer_uniform,minipigs,sub-04,sub-04_ses-03_task-AcousStim_acq-LH_desc-raw,0.0015,0,pretrained,phase4d-transfer-lr-warmup__minipigs__sub-04_ses-03_task-AcousStim_acq-LH_desc-raw__fullpool-minipigs-sub-04-sel42-model42-step500__transfer_uniform__lr0p0015__f1__t42,dff37d83,phase4d-transfer-lr-warmup__minipigs__sub-04_ses-03_task-AcousStim_acq-LH_desc-raw__fullpool-minipigs-sub-04-sel42-model42-step500__transfer_uniform__lr0p0015__f1__t42,finished,0.22802802920341492,0.357870489358902,True,,1559.0,False
transfer_adapter_warmup_uniform,minipigs,sub-04,sub-04_ses-03_task-AcousStim_acq-LH_desc-raw,0.0003,500,pretrained,phase4d-transfer-lr-warmup__minipigs__sub-04_ses-03_task-AcousStim_acq-LH_desc-raw__fullpool-minipigs-sub-04-sel42-model42-step500__transfer_adapter_warmup_uniform__lr0p0003__f1__t42,be5ba229,phase4d-transfer-lr-warmup__minipigs__sub-04_ses-03_task-AcousStim_acq-LH_desc-raw__fullpool-minipigs-sub-04-sel42-model42-step500__transfer_adapter_warmup_uniform__lr0p0003__f1__t42,finished,0.1999860554933548,0.30715644359588623,True,,3379.0,False
transfer_adapter_warmup_uniform,minipigs,sub-04,sub-04_ses-03_task-AcousStim_acq-LH_desc-raw,0.003,500,pretrained,phase4d-transfer-lr-warmup__minipigs__sub-04_ses-03_task-AcousStim_acq-LH_desc-raw__fullpool-minipigs-sub-04-sel42-model42-step500__transfer_adapter_warmup_uniform__lr0p003__f1__t42,23d75102,phase4d-transfer-lr-warmup__minipigs__sub-04_ses-03_task-AcousStim_acq-LH_desc-raw__fullpool-minipigs-sub-04-sel42-model42-step500__transfer_adapter_warmup_uniform__lr0p003__f1__t42,finished,0.19430415332317352,0.10728402435779572,True,,1715.0,False
transfer_discriminative,minipigs,sub-04,sub-04_ses-03_task-AcousStim_acq-LH_desc-raw,0.0015,0,pretrained,phase4d-transfer-lr-warmup__minipigs__sub-04_ses-03_task-AcousStim_acq-LH_desc-raw__fullpool-minipigs-sub-04-sel42-model42-step500__transfer_discriminative__lr0p0015__f1__t42,b960b967,phase4d-transfer-lr-warmup__minipigs__sub-04_ses-03_task-AcousStim_acq-LH_desc-raw__fullpool-minipigs-sub-04-sel42-model42-step500__transfer_discriminative__lr0p0015__f1__t42,finished,0.1923212856054306,0.15465186536312103,True,,2079.0,False
transfer_discriminative,minipigs,sub-04,sub-04_ses-03_task-AcousStim_acq-LH_desc-raw,0.003,0,pretrained,phase4d-transfer-lr-warmup__minipigs__sub-04_ses-03_task-AcousStim_acq-LH_desc-raw__fullpool-minipigs-sub-04-sel42-model42-step500__transfer_discriminative__lr0p003__f1__t42,8a67aa69,phase4d-transfer-lr-warmup__minipigs__sub-04_ses-03_task-AcousStim_acq-LH_desc-raw__fullpool-minipigs-sub-04-sel42-model42-step500__transfer_discriminative__lr0p003__f1__t42,finished,0.18809853494167328,0.32398951053619385,True,,1351.0,False
transfer_adapter_warmup_uniform,minipigs,sub-04,sub-04_ses-03_task-AcousStim_acq-LH_desc-raw,0.0015,500,pretrained,phase4d-transfer-lr-warmup__minipigs__sub-04_ses-03_task-AcousStim_acq-LH_desc-raw__fullpool-minipigs-sub-04-sel42-model42-step500__transfer_adapter_warmup_uniform__lr0p0015__f1__t42,edf589bd,phase4d-transfer-lr-warmup__minipigs__sub-04_ses-03_task-AcousStim_acq-LH_desc-raw__fullpool-minipigs-sub-04-sel42-model42-step500__transfer_adapter_warmup_uniform__lr0p0015__f1__t42,finished,0.2099948078393936,0.34099119901657104,True,,1507.0,False
transfer_adapter_warmup_discriminative,minipigs,sub-04,sub-04_ses-03_task-AcousStim_acq-LH_desc-raw,0.0003,500,pretrained,phase4d-transfer-lr-warmup__minipigs__sub-04_ses-03_task-AcousStim_acq-LH_desc-raw__fullpool-minipigs-sub-04-sel42-model42-step500__transfer_adapter_warmup_discriminative__lr0p0003__f1__t42,305ba931,phase4d-transfer-lr-warmup__minipigs__sub-04_ses-03_task-AcousStim_acq-LH_desc-raw__fullpool-minipigs-sub-04-sel42-model42-step500__transfer_adapter_warmup_discriminative__lr0p0003__f1__t42,finished,0.21002869307994845,0.11269952356815338,True,,7383.0,False
transfer_adapter_warmup_discriminative,minipigs,sub-04,sub-04_ses-03_task-AcousStim_acq-LH_desc-raw,0.0015,500,pretrained,phase4d-transfer-lr-warmup__minipigs__sub-04_ses-03_task-AcousStim_acq-LH_desc-raw__fullpool-minipigs-sub-04-sel42-model42-step500__transfer_adapter_warmup_discriminative__lr0p0015__f1__t42,b559cc8d,phase4d-transfer-lr-warmup__minipigs__sub-04_ses-03_task-AcousStim_acq-LH_desc-raw__fullpool-minipigs-sub-04-sel42-model42-step500__transfer_adapter_warmup_discriminative__lr0p0015__f1__t42,finished,0.2172488272190094,0.30759406089782715,True,,5459.0,False
transfer_adapter_warmup_discriminative,minipigs,sub-04,sub-04_ses-03_task-AcousStim_acq-LH_desc-raw,0.003,500,pretrained,phase4d-transfer-lr-warmup__minipigs__sub-04_ses-03_task-AcousStim_acq-LH_desc-raw__fullpool-minipigs-sub-04-sel42-model42-step500__transfer_adapter_warmup_discriminative__lr0p003__f1__t42,89d9ed8d,phase4d-transfer-lr-warmup__minipigs__sub-04_ses-03_task-AcousStim_acq-LH_desc-raw__fullpool-minipigs-sub-04-sel42-model42-step500__transfer_adapter_warmup_discriminative__lr0p003__f1__t42,finished,0.21951791644096377,0.30068179965019226,True,,1663.0,False
transfer_uniform,minipigs,sub-04,sub-04_ses-03_task-AcousStim_acq-RH_desc-raw,0.003,0,pretrained,phase4d-transfer-lr-warmup__minipigs__sub-04_ses-03_task-AcousStim_acq-RH_desc-raw__fullpool-minipigs-sub-04-sel42-model42-step500__transfer_uniform__lr0p003__f1__t42,ebba15c3,phase4d-transfer-lr-warmup__minipigs__sub-04_ses-03_task-AcousStim_acq-RH_desc-raw__fullpool-minipigs-sub-04-sel42-model42-step500__transfer_uniform__lr0p003__f1__t42,finished,0.2061283439397812,0.35144251585006714,True,,1819.0,False
transfer_uniform,minipigs,sub-04,sub-04_ses-03_task-AcousStim_acq-RH_desc-raw,0.0003,0,pretrained,phase4d-transfer-lr-warmup__minipigs__sub-04_ses-03_task-AcousStim_acq-RH_desc-raw__fullpool-minipigs-sub-04-sel42-model42-step500__transfer_uniform__lr0p0003__f1__t42,7d2646b1,phase4d-transfer-lr-warmup__minipigs__sub-04_ses-03_task-AcousStim_acq-RH_desc-raw__fullpool-minipigs-sub-04-sel42-model42-step500__transfer_uniform__lr0p0003__f1__t42,finished,0.2004082351922989,0.3435138463973999,True,,6499.0,False
transfer_uniform,minipigs,sub-04,sub-04_ses-03_task-AcousStim_acq-RH_desc-raw,0.0015,0,pretrained,phase4d-transfer-lr-warmup__minipigs__sub-04_ses-03_task-AcousStim_acq-RH_desc-raw__fullpool-minipigs-sub-04-sel42-model42-step500__transfer_uniform__lr0p0015__f1__t42,d361a4dd,phase4d-transfer-lr-warmup__minipigs__sub-04_ses-03_task-AcousStim_acq-RH_desc-raw__fullpool-minipigs-sub-04-sel42-model42-step500__transfer_uniform__lr0p0015__f1__t42,finished,0.1976895034313202,0.37855586409568787,True,,4159.0,False
transfer_adapter_warmup_uniform,minipigs,sub-04,sub-04_ses-03_task-AcousStim_acq-RH_desc-raw,0.0003,500,pretrained,phase4d-transfer-lr-warmup__minipigs__sub-04_ses-03_task-AcousStim_acq-RH_desc-raw__fullpool-minipigs-sub-04-sel42-model42-step500__transfer_adapter_warmup_uniform__lr0p0003__f1__t42,f8a88bb9,phase4d-transfer-lr-warmup__minipigs__sub-04_ses-03_task-AcousStim_acq-RH_desc-raw__fullpool-minipigs-sub-04-sel42-model42-step500__transfer_adapter_warmup_uniform__lr0p0003__f1__t42,finished,0.1753411442041397,0.34872546792030334,True,,6395.0,False
transfer_discriminative,minipigs,sub-04,sub-04_ses-03_task-AcousStim_acq-RH_desc-raw,0.0003,0,pretrained,phase4d-transfer-lr-warmup__minipigs__sub-04_ses-03_task-AcousStim_acq-RH_desc-raw__fullpool-minipigs-sub-04-sel42-model42-step500__transfer_discriminative__lr0p0003__f1__t42,e0ffc80d,phase4d-transfer-lr-warmup__minipigs__sub-04_ses-03_task-AcousStim_acq-RH_desc-raw__fullpool-minipigs-sub-04-sel42-model42-step500__transfer_discriminative__lr0p0003__f1__t42,finished,0.2036074995994568,0.2026643306016922,True,,5875.0,False
transfer_adapter_warmup_discriminative,minipigs,sub-04,sub-04_ses-03_task-AcousStim_acq-RH_desc-raw,0.0003,500,pretrained,phase4d-transfer-lr-warmup__minipigs__sub-04_ses-03_task-AcousStim_acq-RH_desc-raw__fullpool-minipigs-sub-04-sel42-model42-step500__transfer_adapter_warmup_discriminative__lr0p0003__f1__t42,49fd479f,phase4d-transfer-lr-warmup__minipigs__sub-04_ses-03_task-AcousStim_acq-RH_desc-raw__fullpool-minipigs-sub-04-sel42-model42-step500__transfer_adapter_warmup_discriminative__lr0p0003__f1__t42,finished,0.08573783189058304,0.12008973956108092,True,,779.0,False
transfer_discriminative,minipigs,sub-04,sub-04_ses-03_task-AcousStim_acq-RH_desc-raw,0.0015,0,pretrained,phase4d-transfer-lr-warmup__minipigs__sub-04_ses-03_task-AcousStim_acq-RH_desc-raw__fullpool-minipigs-sub-04-sel42-model42-step500__transfer_discriminative__lr0p0015__f1__t42,bfd5ecaf,phase4d-transfer-lr-warmup__minipigs__sub-04_ses-03_task-AcousStim_acq-RH_desc-raw__fullpool-minipigs-sub-04-sel42-model42-step500__transfer_discriminative__lr0p0015__f1__t42,finished,0.20415395498275757,0.21573364734649655,True,,7435.0,False
transfer_adapter_warmup_uniform,minipigs,sub-04,sub-04_ses-03_task-AcousStim_acq-RH_desc-raw,0.003,500,pretrained,phase4d-transfer-lr-warmup__minipigs__sub-04_ses-03_task-AcousStim_acq-RH_desc-raw__fullpool-minipigs-sub-04-sel42-model42-step500__transfer_adapter_warmup_uniform__lr0p003__f1__t42,22fcee07,phase4d-transfer-lr-warmup__minipigs__sub-04_ses-03_task-AcousStim_acq-RH_desc-raw__fullpool-minipigs-sub-04-sel42-model42-step500__transfer_adapter_warmup_uniform__lr0p003__f1__t42,finished,0.21456532180309296,0.3518178164958954,True,,2131.0,False
transfer_discriminative,minipigs,sub-04,sub-04_ses-03_task-AcousStim_acq-RH_desc-raw,0.003,0,pretrained,phase4d-transfer-lr-warmup__minipigs__sub-04_ses-03_task-AcousStim_acq-RH_desc-raw__fullpool-minipigs-sub-04-sel42-model42-step500__transfer_discriminative__lr0p003__f1__t42,61655d74,phase4d-transfer-lr-warmup__minipigs__sub-04_ses-03_task-AcousStim_acq-RH_desc-raw__fullpool-minipigs-sub-04-sel42-model42-step500__transfer_discriminative__lr0p003__f1__t42,finished,0.18746083974838257,0.3126177191734314,True,,5719.0,False
transfer_adapter_warmup_uniform,minipigs,sub-04,sub-04_ses-03_task-AcousStim_acq-RH_desc-raw,0.0015,500,pretrained,phase4d-transfer-lr-warmup__minipigs__sub-04_ses-03_task-AcousStim_acq-RH_desc-raw__fullpool-minipigs-sub-04-sel42-model42-step500__transfer_adapter_warmup_uniform__lr0p0015__f1__t42,f7780097,phase4d-transfer-lr-warmup__minipigs__sub-04_ses-03_task-AcousStim_acq-RH_desc-raw__fullpool-minipigs-sub-04-sel42-model42-step500__transfer_adapter_warmup_uniform__lr0p0015__f1__t42,finished,0.1749916523694992,0.32915931940078735,True,,5875.0,False
transfer_adapter_warmup_discriminative,minipigs,sub-04,sub-04_ses-03_task-AcousStim_acq-RH_desc-raw,0.0015,500,pretrained,phase4d-transfer-lr-warmup__minipigs__sub-04_ses-03_task-AcousStim_acq-RH_desc-raw__fullpool-minipigs-sub-04-sel42-model42-step500__transfer_adapter_warmup_discriminative__lr0p0015__f1__t42,c434ec9c,phase4d-transfer-lr-warmup__minipigs__sub-04_ses-03_task-AcousStim_acq-RH_desc-raw__fullpool-minipigs-sub-04-sel42-model42-step500__transfer_adapter_warmup_discriminative__lr0p0015__f1__t42,finished,0.17817214131355286,0.2449256330728531,True,,7955.0,False
transfer_adapter_warmup_discriminative,minipigs,sub-04,sub-04_ses-03_task-AcousStim_acq-RH_desc-raw,0.003,500,pretrained,phase4d-transfer-lr-warmup__minipigs__sub-04_ses-03_task-AcousStim_acq-RH_desc-raw__fullpool-minipigs-sub-04-sel42-model42-step500__transfer_adapter_warmup_discriminative__lr0p003__f1__t42,b9621dac,phase4d-transfer-lr-warmup__minipigs__sub-04_ses-03_task-AcousStim_acq-RH_desc-raw__fullpool-minipigs-sub-04-sel42-model42-step500__transfer_adapter_warmup_discriminative__lr0p003__f1__t42,finished,0.1925724595785141,0.25255557894706726,True,,3275.0,False
transfer_uniform,minipigs,sub-04,sub-04_ses-04_task-AcousStim_acq-LH_desc-raw,0.0015,0,pretrained,phase4d-transfer-lr-warmup__minipigs__sub-04_ses-04_task-AcousStim_acq-LH_desc-raw__fullpool-minipigs-sub-04-sel42-model42-step500__transfer_uniform__lr0p0015__f1__t42,5e13ef90,phase4d-transfer-lr-warmup__minipigs__sub-04_ses-04_task-AcousStim_acq-LH_desc-raw__fullpool-minipigs-sub-04-sel42-model42-step500__transfer_uniform__lr0p0015__f1__t42,finished,0.4564541280269623,0.5877005457878113,True,,179.0,False
transfer_uniform,minipigs,sub-04,sub-04_ses-04_task-AcousStim_acq-LH_desc-raw,0.0003,0,pretrained,phase4d-transfer-lr-warmup__minipigs__sub-04_ses-04_task-AcousStim_acq-LH_desc-raw__fullpool-minipigs-sub-04-sel42-model42-step500__transfer_uniform__lr0p0003__f1__t42,d813e43a,phase4d-transfer-lr-warmup__minipigs__sub-04_ses-04_task-AcousStim_acq-LH_desc-raw__fullpool-minipigs-sub-04-sel42-model42-step500__transfer_uniform__lr0p0003__f1__t42,finished,0.4458881914615631,0.4964168071746826,True,,323.0,False
transfer_uniform,minipigs,sub-04,sub-04_ses-04_task-AcousStim_acq-LH_desc-raw,0.003,0,pretrained,phase4d-transfer-lr-warmup__minipigs__sub-04_ses-04_task-AcousStim_acq-LH_desc-raw__fullpool-minipigs-sub-04-sel42-model42-step500__transfer_uniform__lr0p003__f1__t42,1a8a4016,phase4d-transfer-lr-warmup__minipigs__sub-04_ses-04_task-AcousStim_acq-LH_desc-raw__fullpool-minipigs-sub-04-sel42-model42-step500__transfer_uniform__lr0p003__f1__t42,finished,0.4747956395149231,0.557539701461792,True,,2087.0,True
transfer_discriminative,minipigs,sub-04,sub-04_ses-04_task-AcousStim_acq-LH_desc-raw,0.0015,0,pretrained,phase4d-transfer-lr-warmup__minipigs__sub-04_ses-04_task-AcousStim_acq-LH_desc-raw__fullpool-minipigs-sub-04-sel42-model42-step500__transfer_discriminative__lr0p0015__f1__t42,b3d4b4d2,phase4d-transfer-lr-warmup__minipigs__sub-04_ses-04_task-AcousStim_acq-LH_desc-raw__fullpool-minipigs-sub-04-sel42-model42-step500__transfer_discriminative__lr0p0015__f1__t42,finished,0.34599632024765015,0.4979055523872375,True,,323.0,False
transfer_discriminative,minipigs,sub-04,sub-04_ses-04_task-AcousStim_acq-LH_desc-raw,0.003,0,pretrained,phase4d-transfer-lr-warmup__minipigs__sub-04_ses-04_task-AcousStim_acq-LH_desc-raw__fullpool-minipigs-sub-04-sel42-model42-step500__transfer_discriminative__lr0p003__f1__t42,a3758111,phase4d-transfer-lr-warmup__minipigs__sub-04_ses-04_task-AcousStim_acq-LH_desc-raw__fullpool-minipigs-sub-04-sel42-model42-step500__transfer_discriminative__lr0p003__f1__t42,finished,0.34062081575393677,0.5446553230285645,True,,2663.0,True
transfer_discriminative,minipigs,sub-04,sub-04_ses-04_task-AcousStim_acq-LH_desc-raw,0.0003,0,pretrained,phase4d-transfer-lr-warmup__minipigs__sub-04_ses-04_task-AcousStim_acq-LH_desc-raw__fullpool-minipigs-sub-04-sel42-model42-step500__transfer_discriminative__lr0p0003__f1__t42,0d97a424,phase4d-transfer-lr-warmup__minipigs__sub-04_ses-04_task-AcousStim_acq-LH_desc-raw__fullpool-minipigs-sub-04-sel42-model42-step500__transfer_discriminative__lr0p0003__f1__t42,finished,0.4118134379386902,0.5122672915458679,True,,791.0,False
transfer_adapter_warmup_uniform,minipigs,sub-04,sub-04_ses-04_task-AcousStim_acq-LH_desc-raw,0.0003,500,pretrained,phase4d-transfer-lr-warmup__minipigs__sub-04_ses-04_task-AcousStim_acq-LH_desc-raw__fullpool-minipigs-sub-04-sel42-model42-step500__transfer_adapter_warmup_uniform__lr0p0003__f1__t42,8b628959,phase4d-transfer-lr-warmup__minipigs__sub-04_ses-04_task-AcousStim_acq-LH_desc-raw__fullpool-minipigs-sub-04-sel42-model42-step500__transfer_adapter_warmup_uniform__lr0p0003__f1__t42,finished,0.4730070233345032,0.4931665360927582,True,,611.0,False
transfer_adapter_warmup_uniform,minipigs,sub-04,sub-04_ses-04_task-AcousStim_acq-LH_desc-raw,0.0015,500,pretrained,phase4d-transfer-lr-warmup__minipigs__sub-04_ses-04_task-AcousStim_acq-LH_desc-raw__fullpool-minipigs-sub-04-sel42-model42-step500__transfer_adapter_warmup_uniform__lr0p0015__f1__t42,88876568,phase4d-transfer-lr-warmup__minipigs__sub-04_ses-04_task-AcousStim_acq-LH_desc-raw__fullpool-minipigs-sub-04-sel42-model42-step500__transfer_adapter_warmup_uniform__lr0p0015__f1__t42,finished,0.42536818981170654,0.5723068118095398,True,,3059.0,True
transfer_adapter_warmup_discriminative,minipigs,sub-04,sub-04_ses-04_task-AcousStim_acq-LH_desc-raw,0.0003,500,pretrained,phase4d-transfer-lr-warmup__minipigs__sub-04_ses-04_task-AcousStim_acq-LH_desc-raw__fullpool-minipigs-sub-04-sel42-model42-step500__transfer_adapter_warmup_discriminative__lr0p0003__f1__t42,7939eedc,phase4d-transfer-lr-warmup__minipigs__sub-04_ses-04_task-AcousStim_acq-LH_desc-raw__fullpool-minipigs-sub-04-sel42-model42-step500__transfer_adapter_warmup_discriminative__lr0p0003__f1__t42,finished,0.4946310520172119,0.5155375599861145,True,,827.0,False
transfer_adapter_warmup_uniform,minipigs,sub-04,sub-04_ses-04_task-AcousStim_acq-LH_desc-raw,0.003,500,pretrained,phase4d-transfer-lr-warmup__minipigs__sub-04_ses-04_task-AcousStim_acq-LH_desc-raw__fullpool-minipigs-sub-04-sel42-model42-step500__transfer_adapter_warmup_uniform__lr0p003__f1__t42,89673dae,phase4d-transfer-lr-warmup__minipigs__sub-04_ses-04_task-AcousStim_acq-LH_desc-raw__fullpool-minipigs-sub-04-sel42-model42-step500__transfer_adapter_warmup_uniform__lr0p003__f1__t42,finished,0.43437397480010986,0.4849444627761841,True,,2735.0,False
transfer_adapter_warmup_discriminative,minipigs,sub-04,sub-04_ses-04_task-AcousStim_acq-LH_desc-raw,0.003,500,pretrained,phase4d-transfer-lr-warmup__minipigs__sub-04_ses-04_task-AcousStim_acq-LH_desc-raw__fullpool-minipigs-sub-04-sel42-model42-step500__transfer_adapter_warmup_discriminative__lr0p003__f1__t42,9ff1906e,phase4d-transfer-lr-warmup__minipigs__sub-04_ses-04_task-AcousStim_acq-LH_desc-raw__fullpool-minipigs-sub-04-sel42-model42-step500__transfer_adapter_warmup_discriminative__lr0p003__f1__t42,finished,0.4504912197589874,0.5772348642349243,True,,539.0,False
transfer_adapter_warmup_discriminative,minipigs,sub-04,sub-04_ses-04_task-AcousStim_acq-LH_desc-raw,0.0015,500,pretrained,phase4d-transfer-lr-warmup__minipigs__sub-04_ses-04_task-AcousStim_acq-LH_desc-raw__fullpool-minipigs-sub-04-sel42-model42-step500__transfer_adapter_warmup_discriminative__lr0p0015__f1__t42,dca51b59,phase4d-transfer-lr-warmup__minipigs__sub-04_ses-04_task-AcousStim_acq-LH_desc-raw__fullpool-minipigs-sub-04-sel42-model42-step500__transfer_adapter_warmup_discriminative__lr0p0015__f1__t42,finished,0.3461528718471527,0.5011566877365112,True,,539.0,False
transfer_uniform,minipigs,sub-04,sub-04_ses-04_task-AcousStim_acq-RH_desc-raw,0.0015,0,pretrained,phase4d-transfer-lr-warmup__minipigs__sub-04_ses-04_task-AcousStim_acq-RH_desc-raw__fullpool-minipigs-sub-04-sel42-model42-step500__transfer_uniform__lr0p0015__f1__t42,72077509,phase4d-transfer-lr-warmup__minipigs__sub-04_ses-04_task-AcousStim_acq-RH_desc-raw__fullpool-minipigs-sub-04-sel42-model42-step500__transfer_uniform__lr0p0015__f1__t42,finished,0.2987780272960663,0.4782935678958893,True,,1691.0,False
transfer_uniform,minipigs,sub-04,sub-04_ses-04_task-AcousStim_acq-RH_desc-raw,0.0003,0,pretrained,phase4d-transfer-lr-warmup__minipigs__sub-04_ses-04_task-AcousStim_acq-RH_desc-raw__fullpool-minipigs-sub-04-sel42-model42-step500__transfer_uniform__lr0p0003__f1__t42,5212556a,phase4d-transfer-lr-warmup__minipigs__sub-04_ses-04_task-AcousStim_acq-RH_desc-raw__fullpool-minipigs-sub-04-sel42-model42-step500__transfer_uniform__lr0p0003__f1__t42,finished,0.30268609523773193,0.5154348611831665,True,,2807.0,False
transfer_discriminative,minipigs,sub-04,sub-04_ses-04_task-AcousStim_acq-RH_desc-raw,0.0003,0,pretrained,phase4d-transfer-lr-warmup__minipigs__sub-04_ses-04_task-AcousStim_acq-RH_desc-raw__fullpool-minipigs-sub-04-sel42-model42-step500__transfer_discriminative__lr0p0003__f1__t42,4dc29991,phase4d-transfer-lr-warmup__minipigs__sub-04_ses-04_task-AcousStim_acq-RH_desc-raw__fullpool-minipigs-sub-04-sel42-model42-step500__transfer_discriminative__lr0p0003__f1__t42,finished,0.2931073307991028,0.32909664511680603,True,,1403.0,False
transfer_uniform,minipigs,sub-04,sub-04_ses-04_task-AcousStim_acq-RH_desc-raw,0.003,0,pretrained,phase4d-transfer-lr-warmup__minipigs__sub-04_ses-04_task-AcousStim_acq-RH_desc-raw__fullpool-minipigs-sub-04-sel42-model42-step500__transfer_uniform__lr0p003__f1__t42,8ddcb68f,phase4d-transfer-lr-warmup__minipigs__sub-04_ses-04_task-AcousStim_acq-RH_desc-raw__fullpool-minipigs-sub-04-sel42-model42-step500__transfer_uniform__lr0p003__f1__t42,finished,0.3050133287906647,0.48768502473831177,True,,3311.0,False
transfer_discriminative,minipigs,sub-04,sub-04_ses-04_task-AcousStim_acq-RH_desc-raw,0.0015,0,pretrained,phase4d-transfer-lr-warmup__minipigs__sub-04_ses-04_task-AcousStim_acq-RH_desc-raw__fullpool-minipigs-sub-04-sel42-model42-step500__transfer_discriminative__lr0p0015__f1__t42,b51ad8ee,phase4d-transfer-lr-warmup__minipigs__sub-04_ses-04_task-AcousStim_acq-RH_desc-raw__fullpool-minipigs-sub-04-sel42-model42-step500__transfer_discriminative__lr0p0015__f1__t42,finished,0.2993825674057007,0.3762378990650177,True,,1115.0,False
transfer_discriminative,minipigs,sub-04,sub-04_ses-04_task-AcousStim_acq-RH_desc-raw,0.003,0,pretrained,phase4d-transfer-lr-warmup__minipigs__sub-04_ses-04_task-AcousStim_acq-RH_desc-raw__fullpool-minipigs-sub-04-sel42-model42-step500__transfer_discriminative__lr0p003__f1__t42,da744207,phase4d-transfer-lr-warmup__minipigs__sub-04_ses-04_task-AcousStim_acq-RH_desc-raw__fullpool-minipigs-sub-04-sel42-model42-step500__transfer_discriminative__lr0p003__f1__t42,finished,0.3497391641139984,0.48934516310691833,True,,4499.0,False
transfer_adapter_warmup_discriminative,minipigs,sub-04,sub-04_ses-04_task-AcousStim_acq-RH_desc-raw,0.0003,500,pretrained,phase4d-transfer-lr-warmup__minipigs__sub-04_ses-04_task-AcousStim_acq-RH_desc-raw__fullpool-minipigs-sub-04-sel42-model42-step500__transfer_adapter_warmup_discriminative__lr0p0003__f1__t42,a6a03936,phase4d-transfer-lr-warmup__minipigs__sub-04_ses-04_task-AcousStim_acq-RH_desc-raw__fullpool-minipigs-sub-04-sel42-model42-step500__transfer_adapter_warmup_discriminative__lr0p0003__f1__t42,finished,0.2672888934612274,0.342272013425827,True,,1439.0,False
transfer_adapter_warmup_uniform,minipigs,sub-04,sub-04_ses-04_task-AcousStim_acq-RH_desc-raw,0.0015,500,pretrained,phase4d-transfer-lr-warmup__minipigs__sub-04_ses-04_task-AcousStim_acq-RH_desc-raw__fullpool-minipigs-sub-04-sel42-model42-step500__transfer_adapter_warmup_uniform__lr0p0015__f1__t42,57912e43,phase4d-transfer-lr-warmup__minipigs__sub-04_ses-04_task-AcousStim_acq-RH_desc-raw__fullpool-minipigs-sub-04-sel42-model42-step500__transfer_adapter_warmup_uniform__lr0p0015__f1__t42,finished,0.3053168058395386,0.4487948715686798,True,,3995.0,False
transfer_adapter_warmup_uniform,minipigs,sub-04,sub-04_ses-04_task-AcousStim_acq-RH_desc-raw,0.0003,500,pretrained,phase4d-transfer-lr-warmup__minipigs__sub-04_ses-04_task-AcousStim_acq-RH_desc-raw__fullpool-minipigs-sub-04-sel42-model42-step500__transfer_adapter_warmup_uniform__lr0p0003__f1__t42,81d9440f,phase4d-transfer-lr-warmup__minipigs__sub-04_ses-04_task-AcousStim_acq-RH_desc-raw__fullpool-minipigs-sub-04-sel42-model42-step500__transfer_adapter_warmup_uniform__lr0p0003__f1__t42,finished,0.3602105379104614,0.464087039232254,True,,3203.0,False
transfer_adapter_warmup_uniform,minipigs,sub-04,sub-04_ses-04_task-AcousStim_acq-RH_desc-raw,0.003,500,pretrained,phase4d-transfer-lr-warmup__minipigs__sub-04_ses-04_task-AcousStim_acq-RH_desc-raw__fullpool-minipigs-sub-04-sel42-model42-step500__transfer_adapter_warmup_uniform__lr0p003__f1__t42,45e3df30,phase4d-transfer-lr-warmup__minipigs__sub-04_ses-04_task-AcousStim_acq-RH_desc-raw__fullpool-minipigs-sub-04-sel42-model42-step500__transfer_adapter_warmup_uniform__lr0p003__f1__t42,finished,0.3391433358192444,0.48780375719070435,True,,2483.0,False
transfer_adapter_warmup_discriminative,minipigs,sub-04,sub-04_ses-04_task-AcousStim_acq-RH_desc-raw,0.0015,500,pretrained,phase4d-transfer-lr-warmup__minipigs__sub-04_ses-04_task-AcousStim_acq-RH_desc-raw__fullpool-minipigs-sub-04-sel42-model42-step500__transfer_adapter_warmup_discriminative__lr0p0015__f1__t42,710c3eaa,phase4d-transfer-lr-warmup__minipigs__sub-04_ses-04_task-AcousStim_acq-RH_desc-raw__fullpool-minipigs-sub-04-sel42-model42-step500__transfer_adapter_warmup_discriminative__lr0p0015__f1__t42,finished,0.30570775270462036,0.49565643072128296,True,,5507.0,False
transfer_adapter_warmup_discriminative,minipigs,sub-04,sub-04_ses-04_task-AcousStim_acq-RH_desc-raw,0.003,500,pretrained,phase4d-transfer-lr-warmup__minipigs__sub-04_ses-04_task-AcousStim_acq-RH_desc-raw__fullpool-minipigs-sub-04-sel42-model42-step500__transfer_adapter_warmup_discriminative__lr0p003__f1__t42,869683c7,phase4d-transfer-lr-warmup__minipigs__sub-04_ses-04_task-AcousStim_acq-RH_desc-raw__fullpool-minipigs-sub-04-sel42-model42-step500__transfer_adapter_warmup_discriminative__lr0p003__f1__t42,finished,0.2689897418022156,0.40409329533576965,True,,2231.0,False
transfer_uniform,minipigs,sub-05,sub-05_ses-01_task-AcousStim_acq-LH_desc-raw,0.0015,0,pretrained,phase4d-transfer-lr-warmup__minipigs__sub-05_ses-01_task-AcousStim_acq-LH_desc-raw__fullpool-minipigs-sub-05-sel42-model42-step500__transfer_uniform__lr0p0015__f1__t42,87c2b8c3,phase4d-transfer-lr-warmup__minipigs__sub-05_ses-01_task-AcousStim_acq-LH_desc-raw__fullpool-minipigs-sub-05-sel42-model42-step500__transfer_uniform__lr0p0015__f1__t42,finished,0.6000773906707764,0.7295969724655151,True,,987.0,False
transfer_uniform,minipigs,sub-05,sub-05_ses-01_task-AcousStim_acq-LH_desc-raw,0.0003,0,pretrained,phase4d-transfer-lr-warmup__minipigs__sub-05_ses-01_task-AcousStim_acq-LH_desc-raw__fullpool-minipigs-sub-05-sel42-model42-step500__transfer_uniform__lr0p0003__f1__t42,5476a3b5,phase4d-transfer-lr-warmup__minipigs__sub-05_ses-01_task-AcousStim_acq-LH_desc-raw__fullpool-minipigs-sub-05-sel42-model42-step500__transfer_uniform__lr0p0003__f1__t42,finished,0.6239647269248962,0.701012134552002,True,,2417.0,False
transfer_uniform,minipigs,sub-05,sub-05_ses-01_task-AcousStim_acq-LH_desc-raw,0.003,0,pretrained,phase4d-transfer-lr-warmup__minipigs__sub-05_ses-01_task-AcousStim_acq-LH_desc-raw__fullpool-minipigs-sub-05-sel42-model42-step500__transfer_uniform__lr0p003__f1__t42,bde3c4d7,phase4d-transfer-lr-warmup__minipigs__sub-05_ses-01_task-AcousStim_acq-LH_desc-raw__fullpool-minipigs-sub-05-sel42-model42-step500__transfer_uniform__lr0p003__f1__t42,finished,0.5540627837181091,0.7217307090759277,True,,467.0,False
transfer_discriminative,minipigs,sub-05,sub-05_ses-01_task-AcousStim_acq-LH_desc-raw,0.0003,0,pretrained,phase4d-transfer-lr-warmup__minipigs__sub-05_ses-01_task-AcousStim_acq-LH_desc-raw__fullpool-minipigs-sub-05-sel42-model42-step500__transfer_discriminative__lr0p0003__f1__t42,bd6acffe,phase4d-transfer-lr-warmup__minipigs__sub-05_ses-01_task-AcousStim_acq-LH_desc-raw__fullpool-minipigs-sub-05-sel42-model42-step500__transfer_discriminative__lr0p0003__f1__t42,finished,0.5205353498458862,0.5671363472938538,True,,1195.0,False
transfer_discriminative,minipigs,sub-05,sub-05_ses-01_task-AcousStim_acq-LH_desc-raw,0.003,0,pretrained,phase4d-transfer-lr-warmup__minipigs__sub-05_ses-01_task-AcousStim_acq-LH_desc-raw__fullpool-minipigs-sub-05-sel42-model42-step500__transfer_discriminative__lr0p003__f1__t42,ec89d4a8,phase4d-transfer-lr-warmup__minipigs__sub-05_ses-01_task-AcousStim_acq-LH_desc-raw__fullpool-minipigs-sub-05-sel42-model42-step500__transfer_discriminative__lr0p003__f1__t42,finished,0.6033824682235718,0.7030218839645386,True,,961.0,False
transfer_discriminative,minipigs,sub-05,sub-05_ses-01_task-AcousStim_acq-LH_desc-raw,0.0015,0,pretrained,phase4d-transfer-lr-warmup__minipigs__sub-05_ses-01_task-AcousStim_acq-LH_desc-raw__fullpool-minipigs-sub-05-sel42-model42-step500__transfer_discriminative__lr0p0015__f1__t42,b0911c33,phase4d-transfer-lr-warmup__minipigs__sub-05_ses-01_task-AcousStim_acq-LH_desc-raw__fullpool-minipigs-sub-05-sel42-model42-step500__transfer_discriminative__lr0p0015__f1__t42,finished,0.5995165705680847,0.7125033140182495,True,,1455.0,False
transfer_adapter_warmup_uniform,minipigs,sub-05,sub-05_ses-01_task-AcousStim_acq-LH_desc-raw,0.0003,500,pretrained,phase4d-transfer-lr-warmup__minipigs__sub-05_ses-01_task-AcousStim_acq-LH_desc-raw__fullpool-minipigs-sub-05-sel42-model42-step500__transfer_adapter_warmup_uniform__lr0p0003__f1__t42,ce9af6bc,phase4d-transfer-lr-warmup__minipigs__sub-05_ses-01_task-AcousStim_acq-LH_desc-raw__fullpool-minipigs-sub-05-sel42-model42-step500__transfer_adapter_warmup_uniform__lr0p0003__f1__t42,finished,0.6095150709152222,0.7331058382987976,True,,2885.0,False
transfer_adapter_warmup_uniform,minipigs,sub-05,sub-05_ses-01_task-AcousStim_acq-LH_desc-raw,0.0015,500,pretrained,phase4d-transfer-lr-warmup__minipigs__sub-05_ses-01_task-AcousStim_acq-LH_desc-raw__fullpool-minipigs-sub-05-sel42-model42-step500__transfer_adapter_warmup_uniform__lr0p0015__f1__t42,1021309d,phase4d-transfer-lr-warmup__minipigs__sub-05_ses-01_task-AcousStim_acq-LH_desc-raw__fullpool-minipigs-sub-05-sel42-model42-step500__transfer_adapter_warmup_uniform__lr0p0015__f1__t42,finished,0.6279743909835815,0.6954420804977417,True,,1117.0,False
transfer_adapter_warmup_discriminative,minipigs,sub-05,sub-05_ses-01_task-AcousStim_acq-LH_desc-raw,0.0003,500,pretrained,phase4d-transfer-lr-warmup__minipigs__sub-05_ses-01_task-AcousStim_acq-LH_desc-raw__fullpool-minipigs-sub-05-sel42-model42-step500__transfer_adapter_warmup_discriminative__lr0p0003__f1__t42,97f6806e,phase4d-transfer-lr-warmup__minipigs__sub-05_ses-01_task-AcousStim_acq-LH_desc-raw__fullpool-minipigs-sub-05-sel42-model42-step500__transfer_adapter_warmup_discriminative__lr0p0003__f1__t42,finished,0.4483097195625305,0.5710486173629761,True,,1247.0,False
transfer_uniform,minipigs,sub-05,sub-05_ses-01_task-AcousStim_acq-RH_desc-raw,0.0003,0,pretrained,phase4d-transfer-lr-warmup__minipigs__sub-05_ses-01_task-AcousStim_acq-RH_desc-raw__fullpool-minipigs-sub-05-sel42-model42-step500__transfer_uniform__lr0p0003__f1__t42,377a01ba,phase4d-transfer-lr-warmup__minipigs__sub-05_ses-01_task-AcousStim_acq-RH_desc-raw__fullpool-minipigs-sub-05-sel42-model42-step500__transfer_uniform__lr0p0003__f1__t42,finished,0.3397136926651001,0.4795957505702973,True,,1013.0,False
transfer_adapter_warmup_discriminative,minipigs,sub-05,sub-05_ses-01_task-AcousStim_acq-LH_desc-raw,0.0015,500,pretrained,phase4d-transfer-lr-warmup__minipigs__sub-05_ses-01_task-AcousStim_acq-LH_desc-raw__fullpool-minipigs-sub-05-sel42-model42-step500__transfer_adapter_warmup_discriminative__lr0p0015__f1__t42,14d2791f,phase4d-transfer-lr-warmup__minipigs__sub-05_ses-01_task-AcousStim_acq-LH_desc-raw__fullpool-minipigs-sub-05-sel42-model42-step500__transfer_adapter_warmup_discriminative__lr0p0015__f1__t42,finished,0.6145169138908386,0.6646689176559448,True,,1221.0,False
transfer_adapter_warmup_discriminative,minipigs,sub-05,sub-05_ses-01_task-AcousStim_acq-LH_desc-raw,0.003,500,pretrained,phase4d-transfer-lr-warmup__minipigs__sub-05_ses-01_task-AcousStim_acq-LH_desc-raw__fullpool-minipigs-sub-05-sel42-model42-step500__transfer_adapter_warmup_discriminative__lr0p003__f1__t42,ed3e39e5,phase4d-transfer-lr-warmup__minipigs__sub-05_ses-01_task-AcousStim_acq-LH_desc-raw__fullpool-minipigs-sub-05-sel42-model42-step500__transfer_adapter_warmup_discriminative__lr0p003__f1__t42,finished,0.6551406383514404,0.7373382449150085,True,,2105.0,False
transfer_adapter_warmup_uniform,minipigs,sub-05,sub-05_ses-01_task-AcousStim_acq-LH_desc-raw,0.003,500,pretrained,phase4d-transfer-lr-warmup__minipigs__sub-05_ses-01_task-AcousStim_acq-LH_desc-raw__fullpool-minipigs-sub-05-sel42-model42-step500__transfer_adapter_warmup_uniform__lr0p003__f1__t42,a87d937d,phase4d-transfer-lr-warmup__minipigs__sub-05_ses-01_task-AcousStim_acq-LH_desc-raw__fullpool-minipigs-sub-05-sel42-model42-step500__transfer_adapter_warmup_uniform__lr0p003__f1__t42,finished,0.6165351867675781,0.7047195434570312,True,,1065.0,False
transfer_discriminative,minipigs,sub-05,sub-05_ses-01_task-AcousStim_acq-RH_desc-raw,0.0003,0,pretrained,phase4d-transfer-lr-warmup__minipigs__sub-05_ses-01_task-AcousStim_acq-RH_desc-raw__fullpool-minipigs-sub-05-sel42-model42-step500__transfer_discriminative__lr0p0003__f1__t42,daea38e1,phase4d-transfer-lr-warmup__minipigs__sub-05_ses-01_task-AcousStim_acq-RH_desc-raw__fullpool-minipigs-sub-05-sel42-model42-step500__transfer_discriminative__lr0p0003__f1__t42,finished,0.3886896073818207,0.5397704839706421,True,,2807.0,False
transfer_discriminative,minipigs,sub-05,sub-05_ses-01_task-AcousStim_acq-RH_desc-raw,0.0015,0,pretrained,phase4d-transfer-lr-warmup__minipigs__sub-05_ses-01_task-AcousStim_acq-RH_desc-raw__fullpool-minipigs-sub-05-sel42-model42-step500__transfer_discriminative__lr0p0015__f1__t42,3d227573,phase4d-transfer-lr-warmup__minipigs__sub-05_ses-01_task-AcousStim_acq-RH_desc-raw__fullpool-minipigs-sub-05-sel42-model42-step500__transfer_discriminative__lr0p0015__f1__t42,finished,0.44007787108421326,0.5198813676834106,True,,1273.0,False
transfer_uniform,minipigs,sub-05,sub-05_ses-01_task-AcousStim_acq-RH_desc-raw,0.0015,0,pretrained,phase4d-transfer-lr-warmup__minipigs__sub-05_ses-01_task-AcousStim_acq-RH_desc-raw__fullpool-minipigs-sub-05-sel42-model42-step500__transfer_uniform__lr0p0015__f1__t42,37364945,phase4d-transfer-lr-warmup__minipigs__sub-05_ses-01_task-AcousStim_acq-RH_desc-raw__fullpool-minipigs-sub-05-sel42-model42-step500__transfer_uniform__lr0p0015__f1__t42,finished,0.3043431043624878,0.3773338496685028,True,,519.0,False
transfer_uniform,minipigs,sub-05,sub-05_ses-01_task-AcousStim_acq-RH_desc-raw,0.003,0,pretrained,phase4d-transfer-lr-warmup__minipigs__sub-05_ses-01_task-AcousStim_acq-RH_desc-raw__fullpool-minipigs-sub-05-sel42-model42-step500__transfer_uniform__lr0p003__f1__t42,1edb0229,phase4d-transfer-lr-warmup__minipigs__sub-05_ses-01_task-AcousStim_acq-RH_desc-raw__fullpool-minipigs-sub-05-sel42-model42-step500__transfer_uniform__lr0p003__f1__t42,finished,0.3448893427848816,0.4226907193660736,True,,545.0,False
transfer_adapter_warmup_uniform,minipigs,sub-05,sub-05_ses-01_task-AcousStim_acq-RH_desc-raw,0.0003,500,pretrained,phase4d-transfer-lr-warmup__minipigs__sub-05_ses-01_task-AcousStim_acq-RH_desc-raw__fullpool-minipigs-sub-05-sel42-model42-step500__transfer_adapter_warmup_uniform__lr0p0003__f1__t42,4aa2119a,phase4d-transfer-lr-warmup__minipigs__sub-05_ses-01_task-AcousStim_acq-RH_desc-raw__fullpool-minipigs-sub-05-sel42-model42-step500__transfer_adapter_warmup_uniform__lr0p0003__f1__t42,finished,0.38706541061401367,0.31820714473724365,True,,1065.0,False
transfer_discriminative,minipigs,sub-05,sub-05_ses-01_task-AcousStim_acq-RH_desc-raw,0.003,0,pretrained,phase4d-transfer-lr-warmup__minipigs__sub-05_ses-01_task-AcousStim_acq-RH_desc-raw__fullpool-minipigs-sub-05-sel42-model42-step500__transfer_discriminative__lr0p003__f1__t42,7a5087bc,phase4d-transfer-lr-warmup__minipigs__sub-05_ses-01_task-AcousStim_acq-RH_desc-raw__fullpool-minipigs-sub-05-sel42-model42-step500__transfer_discriminative__lr0p003__f1__t42,finished,0.3928219974040985,0.5317342877388,True,,909.0,False
transfer_adapter_warmup_uniform,minipigs,sub-05,sub-05_ses-01_task-AcousStim_acq-RH_desc-raw,0.003,500,pretrained,phase4d-transfer-lr-warmup__minipigs__sub-05_ses-01_task-AcousStim_acq-RH_desc-raw__fullpool-minipigs-sub-05-sel42-model42-step500__transfer_adapter_warmup_uniform__lr0p003__f1__t42,07ef4ad3,phase4d-transfer-lr-warmup__minipigs__sub-05_ses-01_task-AcousStim_acq-RH_desc-raw__fullpool-minipigs-sub-05-sel42-model42-step500__transfer_adapter_warmup_uniform__lr0p003__f1__t42,finished,0.4019099175930023,0.5263370275497437,True,,1611.0,False
transfer_adapter_warmup_uniform,minipigs,sub-05,sub-05_ses-01_task-AcousStim_acq-RH_desc-raw,0.0015,500,pretrained,phase4d-transfer-lr-warmup__minipigs__sub-05_ses-01_task-AcousStim_acq-RH_desc-raw__fullpool-minipigs-sub-05-sel42-model42-step500__transfer_adapter_warmup_uniform__lr0p0015__f1__t42,85e0c860,phase4d-transfer-lr-warmup__minipigs__sub-05_ses-01_task-AcousStim_acq-RH_desc-raw__fullpool-minipigs-sub-05-sel42-model42-step500__transfer_adapter_warmup_uniform__lr0p0015__f1__t42,finished,0.3782447278499603,0.2810606360435486,True,,883.0,False
transfer_adapter_warmup_discriminative,minipigs,sub-05,sub-05_ses-01_task-AcousStim_acq-RH_desc-raw,0.0003,500,pretrained,phase4d-transfer-lr-warmup__minipigs__sub-05_ses-01_task-AcousStim_acq-RH_desc-raw__fullpool-minipigs-sub-05-sel42-model42-step500__transfer_adapter_warmup_discriminative__lr0p0003__f1__t42,6ed04bb5,phase4d-transfer-lr-warmup__minipigs__sub-05_ses-01_task-AcousStim_acq-RH_desc-raw__fullpool-minipigs-sub-05-sel42-model42-step500__transfer_adapter_warmup_discriminative__lr0p0003__f1__t42,finished,0.4131776690483093,0.49685797095298767,True,,2209.0,False
transfer_adapter_warmup_discriminative,minipigs,sub-05,sub-05_ses-01_task-AcousStim_acq-RH_desc-raw,0.0015,500,pretrained,phase4d-transfer-lr-warmup__minipigs__sub-05_ses-01_task-AcousStim_acq-RH_desc-raw__fullpool-minipigs-sub-05-sel42-model42-step500__transfer_adapter_warmup_discriminative__lr0p0015__f1__t42,67d207b9,phase4d-transfer-lr-warmup__minipigs__sub-05_ses-01_task-AcousStim_acq-RH_desc-raw__fullpool-minipigs-sub-05-sel42-model42-step500__transfer_adapter_warmup_discriminative__lr0p0015__f1__t42,finished,0.43272680044174194,0.5253760814666748,True,,1481.0,False
transfer_uniform,minipigs,sub-05,sub-05_ses-02_task-AcousStim_acq-LH_desc-raw,0.0003,0,pretrained,phase4d-transfer-lr-warmup__minipigs__sub-05_ses-02_task-AcousStim_acq-LH_desc-raw__fullpool-minipigs-sub-05-sel42-model42-step500__transfer_uniform__lr0p0003__f1__t42,68745422,phase4d-transfer-lr-warmup__minipigs__sub-05_ses-02_task-AcousStim_acq-LH_desc-raw__fullpool-minipigs-sub-05-sel42-model42-step500__transfer_uniform__lr0p0003__f1__t42,finished,0.418208509683609,0.5703787803649902,True,,2449.0,False
transfer_uniform,minipigs,sub-05,sub-05_ses-02_task-AcousStim_acq-LH_desc-raw,0.0015,0,pretrained,phase4d-transfer-lr-warmup__minipigs__sub-05_ses-02_task-AcousStim_acq-LH_desc-raw__fullpool-minipigs-sub-05-sel42-model42-step500__transfer_uniform__lr0p0015__f1__t42,13237533,phase4d-transfer-lr-warmup__minipigs__sub-05_ses-02_task-AcousStim_acq-LH_desc-raw__fullpool-minipigs-sub-05-sel42-model42-step500__transfer_uniform__lr0p0015__f1__t42,finished,0.4350846707820892,0.6181792616844177,True,,1899.0,False
transfer_adapter_warmup_discriminative,minipigs,sub-05,sub-05_ses-01_task-AcousStim_acq-RH_desc-raw,0.003,500,pretrained,phase4d-transfer-lr-warmup__minipigs__sub-05_ses-01_task-AcousStim_acq-RH_desc-raw__fullpool-minipigs-sub-05-sel42-model42-step500__transfer_adapter_warmup_discriminative__lr0p003__f1__t42,06474869,phase4d-transfer-lr-warmup__minipigs__sub-05_ses-01_task-AcousStim_acq-RH_desc-raw__fullpool-minipigs-sub-05-sel42-model42-step500__transfer_adapter_warmup_discriminative__lr0p003__f1__t42,finished,0.4297325015068054,0.5000790357589722,True,,935.0,False
transfer_uniform,minipigs,sub-05,sub-05_ses-02_task-AcousStim_acq-LH_desc-raw,0.003,0,pretrained,phase4d-transfer-lr-warmup__minipigs__sub-05_ses-02_task-AcousStim_acq-LH_desc-raw__fullpool-minipigs-sub-05-sel42-model42-step500__transfer_uniform__lr0p003__f1__t42,40a618bc,phase4d-transfer-lr-warmup__minipigs__sub-05_ses-02_task-AcousStim_acq-LH_desc-raw__fullpool-minipigs-sub-05-sel42-model42-step500__transfer_uniform__lr0p003__f1__t42,finished,0.4681150019168854,0.653583288192749,True,,2149.0,False
transfer_discriminative,minipigs,sub-05,sub-05_ses-02_task-AcousStim_acq-LH_desc-raw,0.0015,0,pretrained,phase4d-transfer-lr-warmup__minipigs__sub-05_ses-02_task-AcousStim_acq-LH_desc-raw__fullpool-minipigs-sub-05-sel42-model42-step500__transfer_discriminative__lr0p0015__f1__t42,d6f4d70b,phase4d-transfer-lr-warmup__minipigs__sub-05_ses-02_task-AcousStim_acq-LH_desc-raw__fullpool-minipigs-sub-05-sel42-model42-step500__transfer_discriminative__lr0p0015__f1__t42,finished,0.4204199016094208,0.6428125500679016,True,,5649.0,False
transfer_discriminative,minipigs,sub-05,sub-05_ses-02_task-AcousStim_acq-LH_desc-raw,0.0003,0,pretrained,phase4d-transfer-lr-warmup__minipigs__sub-05_ses-02_task-AcousStim_acq-LH_desc-raw__fullpool-minipigs-sub-05-sel42-model42-step500__transfer_discriminative__lr0p0003__f1__t42,8f1c0a51,phase4d-transfer-lr-warmup__minipigs__sub-05_ses-02_task-AcousStim_acq-LH_desc-raw__fullpool-minipigs-sub-05-sel42-model42-step500__transfer_discriminative__lr0p0003__f1__t42,finished,0.43477001786231995,0.5554940104484558,True,,8449.0,False
transfer_adapter_warmup_uniform,minipigs,sub-05,sub-05_ses-02_task-AcousStim_acq-LH_desc-raw,0.0003,500,pretrained,phase4d-transfer-lr-warmup__minipigs__sub-05_ses-02_task-AcousStim_acq-LH_desc-raw__fullpool-minipigs-sub-05-sel42-model42-step500__transfer_adapter_warmup_uniform__lr0p0003__f1__t42,99ea0948,phase4d-transfer-lr-warmup__minipigs__sub-05_ses-02_task-AcousStim_acq-LH_desc-raw__fullpool-minipigs-sub-05-sel42-model42-step500__transfer_adapter_warmup_uniform__lr0p0003__f1__t42,finished,0.4611023962497711,0.5292315483093262,True,,2599.0,False
transfer_discriminative,minipigs,sub-05,sub-05_ses-02_task-AcousStim_acq-LH_desc-raw,0.003,0,pretrained,phase4d-transfer-lr-warmup__minipigs__sub-05_ses-02_task-AcousStim_acq-LH_desc-raw__fullpool-minipigs-sub-05-sel42-model42-step500__transfer_discriminative__lr0p003__f1__t42,544a3ced,phase4d-transfer-lr-warmup__minipigs__sub-05_ses-02_task-AcousStim_acq-LH_desc-raw__fullpool-minipigs-sub-05-sel42-model42-step500__transfer_discriminative__lr0p003__f1__t42,finished,0.4349711537361145,0.6277500987052917,True,,1599.0,False
transfer_adapter_warmup_uniform,minipigs,sub-05,sub-05_ses-02_task-AcousStim_acq-LH_desc-raw,0.0015,500,pretrained,phase4d-transfer-lr-warmup__minipigs__sub-05_ses-02_task-AcousStim_acq-LH_desc-raw__fullpool-minipigs-sub-05-sel42-model42-step500__transfer_adapter_warmup_uniform__lr0p0015__f1__t42,71f3d65f,phase4d-transfer-lr-warmup__minipigs__sub-05_ses-02_task-AcousStim_acq-LH_desc-raw__fullpool-minipigs-sub-05-sel42-model42-step500__transfer_adapter_warmup_uniform__lr0p0015__f1__t42,finished,0.49013903737068176,0.6352041959762573,True,,1199.0,False
transfer_adapter_warmup_discriminative,minipigs,sub-05,sub-05_ses-02_task-AcousStim_acq-LH_desc-raw,0.0003,500,pretrained,phase4d-transfer-lr-warmup__minipigs__sub-05_ses-02_task-AcousStim_acq-LH_desc-raw__fullpool-minipigs-sub-05-sel42-model42-step500__transfer_adapter_warmup_discriminative__lr0p0003__f1__t42,d097405f,phase4d-transfer-lr-warmup__minipigs__sub-05_ses-02_task-AcousStim_acq-LH_desc-raw__fullpool-minipigs-sub-05-sel42-model42-step500__transfer_adapter_warmup_discriminative__lr0p0003__f1__t42,finished,0.48232823610305786,0.5140668749809265,True,,3749.0,False
transfer_adapter_warmup_uniform,minipigs,sub-05,sub-05_ses-02_task-AcousStim_acq-LH_desc-raw,0.003,500,pretrained,phase4d-transfer-lr-warmup__minipigs__sub-05_ses-02_task-AcousStim_acq-LH_desc-raw__fullpool-minipigs-sub-05-sel42-model42-step500__transfer_adapter_warmup_uniform__lr0p003__f1__t42,305c6273,phase4d-transfer-lr-warmup__minipigs__sub-05_ses-02_task-AcousStim_acq-LH_desc-raw__fullpool-minipigs-sub-05-sel42-model42-step500__transfer_adapter_warmup_uniform__lr0p003__f1__t42,finished,0.4923172891139984,0.6345321536064148,True,,1299.0,False
transfer_adapter_warmup_discriminative,minipigs,sub-05,sub-05_ses-02_task-AcousStim_acq-LH_desc-raw,0.003,500,pretrained,phase4d-transfer-lr-warmup__minipigs__sub-05_ses-02_task-AcousStim_acq-LH_desc-raw__fullpool-minipigs-sub-05-sel42-model42-step500__transfer_adapter_warmup_discriminative__lr0p003__f1__t42,c8a529a3,phase4d-transfer-lr-warmup__minipigs__sub-05_ses-02_task-AcousStim_acq-LH_desc-raw__fullpool-minipigs-sub-05-sel42-model42-step500__transfer_adapter_warmup_discriminative__lr0p003__f1__t42,finished,0.4954319894313812,0.6451942324638367,True,,2799.0,False
transfer_adapter_warmup_discriminative,minipigs,sub-05,sub-05_ses-02_task-AcousStim_acq-LH_desc-raw,0.0015,500,pretrained,phase4d-transfer-lr-warmup__minipigs__sub-05_ses-02_task-AcousStim_acq-LH_desc-raw__fullpool-minipigs-sub-05-sel42-model42-step500__transfer_adapter_warmup_discriminative__lr0p0015__f1__t42,a3a20962,phase4d-transfer-lr-warmup__minipigs__sub-05_ses-02_task-AcousStim_acq-LH_desc-raw__fullpool-minipigs-sub-05-sel42-model42-step500__transfer_adapter_warmup_discriminative__lr0p0015__f1__t42,finished,0.4223034977912903,0.5860522389411926,True,,2499.0,False
transfer_uniform,minipigs,sub-05,sub-05_ses-02_task-AcousStim_acq-RH_desc-raw,0.0003,0,pretrained,phase4d-transfer-lr-warmup__minipigs__sub-05_ses-02_task-AcousStim_acq-RH_desc-raw__fullpool-minipigs-sub-05-sel42-model42-step500__transfer_uniform__lr0p0003__f1__t42,a00c2d0f,phase4d-transfer-lr-warmup__minipigs__sub-05_ses-02_task-AcousStim_acq-RH_desc-raw__fullpool-minipigs-sub-05-sel42-model42-step500__transfer_uniform__lr0p0003__f1__t42,finished,0.14661091566085815,0.4303694665431976,True,,1399.0,False
transfer_uniform,minipigs,sub-05,sub-05_ses-02_task-AcousStim_acq-RH_desc-raw,0.003,0,pretrained,phase4d-transfer-lr-warmup__minipigs__sub-05_ses-02_task-AcousStim_acq-RH_desc-raw__fullpool-minipigs-sub-05-sel42-model42-step500__transfer_uniform__lr0p003__f1__t42,c89c3911,phase4d-transfer-lr-warmup__minipigs__sub-05_ses-02_task-AcousStim_acq-RH_desc-raw__fullpool-minipigs-sub-05-sel42-model42-step500__transfer_uniform__lr0p003__f1__t42,finished,0.13143381476402283,0.33124372363090515,True,,849.0,False
transfer_discriminative,minipigs,sub-05,sub-05_ses-02_task-AcousStim_acq-RH_desc-raw,0.0003,0,pretrained,phase4d-transfer-lr-warmup__minipigs__sub-05_ses-02_task-AcousStim_acq-RH_desc-raw__fullpool-minipigs-sub-05-sel42-model42-step500__transfer_discriminative__lr0p0003__f1__t42,93f04318,phase4d-transfer-lr-warmup__minipigs__sub-05_ses-02_task-AcousStim_acq-RH_desc-raw__fullpool-minipigs-sub-05-sel42-model42-step500__transfer_discriminative__lr0p0003__f1__t42,finished,0.23498070240020752,0.4413260221481323,True,,4049.0,False
transfer_discriminative,minipigs,sub-05,sub-05_ses-02_task-AcousStim_acq-RH_desc-raw,0.0015,0,pretrained,phase4d-transfer-lr-warmup__minipigs__sub-05_ses-02_task-AcousStim_acq-RH_desc-raw__fullpool-minipigs-sub-05-sel42-model42-step500__transfer_discriminative__lr0p0015__f1__t42,f0b550b0,phase4d-transfer-lr-warmup__minipigs__sub-05_ses-02_task-AcousStim_acq-RH_desc-raw__fullpool-minipigs-sub-05-sel42-model42-step500__transfer_discriminative__lr0p0015__f1__t42,finished,0.2579702138900757,0.439631074666977,True,,1149.0,False
transfer_uniform,minipigs,sub-05,sub-05_ses-02_task-AcousStim_acq-RH_desc-raw,0.0015,0,pretrained,phase4d-transfer-lr-warmup__minipigs__sub-05_ses-02_task-AcousStim_acq-RH_desc-raw__fullpool-minipigs-sub-05-sel42-model42-step500__transfer_uniform__lr0p0015__f1__t42,b9172a5c,phase4d-transfer-lr-warmup__minipigs__sub-05_ses-02_task-AcousStim_acq-RH_desc-raw__fullpool-minipigs-sub-05-sel42-model42-step500__transfer_uniform__lr0p0015__f1__t42,finished,0.14561128616333008,0.3566459119319916,True,,3149.0,False
transfer_discriminative,minipigs,sub-05,sub-05_ses-02_task-AcousStim_acq-RH_desc-raw,0.003,0,pretrained,phase4d-transfer-lr-warmup__minipigs__sub-05_ses-02_task-AcousStim_acq-RH_desc-raw__fullpool-minipigs-sub-05-sel42-model42-step500__transfer_discriminative__lr0p003__f1__t42,6f00f4dc,phase4d-transfer-lr-warmup__minipigs__sub-05_ses-02_task-AcousStim_acq-RH_desc-raw__fullpool-minipigs-sub-05-sel42-model42-step500__transfer_discriminative__lr0p003__f1__t42,finished,0.17698174715042114,0.43174371123313904,True,,1299.0,False
transfer_adapter_warmup_uniform,minipigs,sub-05,sub-05_ses-02_task-AcousStim_acq-RH_desc-raw,0.0015,500,pretrained,phase4d-transfer-lr-warmup__minipigs__sub-05_ses-02_task-AcousStim_acq-RH_desc-raw__fullpool-minipigs-sub-05-sel42-model42-step500__transfer_adapter_warmup_uniform__lr0p0015__f1__t42,35aa9437,phase4d-transfer-lr-warmup__minipigs__sub-05_ses-02_task-AcousStim_acq-RH_desc-raw__fullpool-minipigs-sub-05-sel42-model42-step500__transfer_adapter_warmup_uniform__lr0p0015__f1__t42,finished,0.1189354881644249,0.3622227609157562,True,,1949.0,False
transfer_adapter_warmup_uniform,minipigs,sub-05,sub-05_ses-02_task-AcousStim_acq-RH_desc-raw,0.003,500,pretrained,phase4d-transfer-lr-warmup__minipigs__sub-05_ses-02_task-AcousStim_acq-RH_desc-raw__fullpool-minipigs-sub-05-sel42-model42-step500__transfer_adapter_warmup_uniform__lr0p003__f1__t42,ab365a1c,phase4d-transfer-lr-warmup__minipigs__sub-05_ses-02_task-AcousStim_acq-RH_desc-raw__fullpool-minipigs-sub-05-sel42-model42-step500__transfer_adapter_warmup_uniform__lr0p003__f1__t42,finished,0.09033264219760896,0.3741835951805115,True,,1899.0,False
transfer_uniform,minipigs,sub-06,sub-06_ses-02_task-AcousStim_acq-LH_desc-raw,0.0003,0,pretrained,phase4d-transfer-lr-warmup__minipigs__sub-06_ses-02_task-AcousStim_acq-LH_desc-raw__fullpool-minipigs-sub-06-sel42-model42-step500__transfer_uniform__lr0p0003__f1__t42,2cf9aa53,phase4d-transfer-lr-warmup__minipigs__sub-06_ses-02_task-AcousStim_acq-LH_desc-raw__fullpool-minipigs-sub-06-sel42-model42-step500__transfer_uniform__lr0p0003__f1__t42,finished,0.2470582276582718,0.24521946907043457,True,,3483.0,False
transfer_adapter_warmup_uniform,minipigs,sub-05,sub-05_ses-02_task-AcousStim_acq-RH_desc-raw,0.0003,500,pretrained,phase4d-transfer-lr-warmup__minipigs__sub-05_ses-02_task-AcousStim_acq-RH_desc-raw__fullpool-minipigs-sub-05-sel42-model42-step500__transfer_adapter_warmup_uniform__lr0p0003__f1__t42,ed720044,phase4d-transfer-lr-warmup__minipigs__sub-05_ses-02_task-AcousStim_acq-RH_desc-raw__fullpool-minipigs-sub-05-sel42-model42-step500__transfer_adapter_warmup_uniform__lr0p0003__f1__t42,finished,0.14962691068649292,0.4129932224750519,True,,1699.0,False
transfer_adapter_warmup_discriminative,minipigs,sub-05,sub-05_ses-02_task-AcousStim_acq-RH_desc-raw,0.0015,500,pretrained,phase4d-transfer-lr-warmup__minipigs__sub-05_ses-02_task-AcousStim_acq-RH_desc-raw__fullpool-minipigs-sub-05-sel42-model42-step500__transfer_adapter_warmup_discriminative__lr0p0015__f1__t42,e3fd5fe0,phase4d-transfer-lr-warmup__minipigs__sub-05_ses-02_task-AcousStim_acq-RH_desc-raw__fullpool-minipigs-sub-05-sel42-model42-step500__transfer_adapter_warmup_discriminative__lr0p0015__f1__t42,finished,0.21201975643634796,0.4488970339298248,True,,1999.0,False
transfer_adapter_warmup_discriminative,minipigs,sub-05,sub-05_ses-02_task-AcousStim_acq-RH_desc-raw,0.0003,500,pretrained,phase4d-transfer-lr-warmup__minipigs__sub-05_ses-02_task-AcousStim_acq-RH_desc-raw__fullpool-minipigs-sub-05-sel42-model42-step500__transfer_adapter_warmup_discriminative__lr0p0003__f1__t42,27095293,phase4d-transfer-lr-warmup__minipigs__sub-05_ses-02_task-AcousStim_acq-RH_desc-raw__fullpool-minipigs-sub-05-sel42-model42-step500__transfer_adapter_warmup_discriminative__lr0p0003__f1__t42,finished,0.23318248987197876,0.3885001242160797,True,,4149.0,False
transfer_adapter_warmup_discriminative,minipigs,sub-05,sub-05_ses-02_task-AcousStim_acq-RH_desc-raw,0.003,500,pretrained,phase4d-transfer-lr-warmup__minipigs__sub-05_ses-02_task-AcousStim_acq-RH_desc-raw__fullpool-minipigs-sub-05-sel42-model42-step500__transfer_adapter_warmup_discriminative__lr0p003__f1__t42,a2b80230,phase4d-transfer-lr-warmup__minipigs__sub-05_ses-02_task-AcousStim_acq-RH_desc-raw__fullpool-minipigs-sub-05-sel42-model42-step500__transfer_adapter_warmup_discriminative__lr0p003__f1__t42,finished,0.2055112421512604,0.4410927891731262,True,,1499.0,False
transfer_discriminative,minipigs,sub-06,sub-06_ses-02_task-AcousStim_acq-LH_desc-raw,0.0003,0,pretrained,phase4d-transfer-lr-warmup__minipigs__sub-06_ses-02_task-AcousStim_acq-LH_desc-raw__fullpool-minipigs-sub-06-sel42-model42-step500__transfer_discriminative__lr0p0003__f1__t42,ceb1bf90,phase4d-transfer-lr-warmup__minipigs__sub-06_ses-02_task-AcousStim_acq-LH_desc-raw__fullpool-minipigs-sub-06-sel42-model42-step500__transfer_discriminative__lr0p0003__f1__t42,finished,0.21138237416744232,0.23194092512130737,True,,2612.0,False
transfer_uniform,minipigs,sub-06,sub-06_ses-02_task-AcousStim_acq-LH_desc-raw,0.0015,0,pretrained,phase4d-transfer-lr-warmup__minipigs__sub-06_ses-02_task-AcousStim_acq-LH_desc-raw__fullpool-minipigs-sub-06-sel42-model42-step500__transfer_uniform__lr0p0015__f1__t42,d6c4df24,phase4d-transfer-lr-warmup__minipigs__sub-06_ses-02_task-AcousStim_acq-LH_desc-raw__fullpool-minipigs-sub-06-sel42-model42-step500__transfer_uniform__lr0p0015__f1__t42,finished,0.21180199086666107,0.23371614515781405,True,,2076.0,False
transfer_discriminative,minipigs,sub-06,sub-06_ses-02_task-AcousStim_acq-LH_desc-raw,0.0015,0,pretrained,phase4d-transfer-lr-warmup__minipigs__sub-06_ses-02_task-AcousStim_acq-LH_desc-raw__fullpool-minipigs-sub-06-sel42-model42-step500__transfer_discriminative__lr0p0015__f1__t42,db6b766c,phase4d-transfer-lr-warmup__minipigs__sub-06_ses-02_task-AcousStim_acq-LH_desc-raw__fullpool-minipigs-sub-06-sel42-model42-step500__transfer_discriminative__lr0p0015__f1__t42,finished,0.20695388317108152,0.23283188045024872,True,,1473.0,False
transfer_uniform,minipigs,sub-06,sub-06_ses-02_task-AcousStim_acq-LH_desc-raw,0.003,0,pretrained,phase4d-transfer-lr-warmup__minipigs__sub-06_ses-02_task-AcousStim_acq-LH_desc-raw__fullpool-minipigs-sub-06-sel42-model42-step500__transfer_uniform__lr0p003__f1__t42,e90d1510,phase4d-transfer-lr-warmup__minipigs__sub-06_ses-02_task-AcousStim_acq-LH_desc-raw__fullpool-minipigs-sub-06-sel42-model42-step500__transfer_uniform__lr0p003__f1__t42,finished,0.22603870928287503,0.2755579650402069,True,,5426.0,True
transfer_discriminative,minipigs,sub-06,sub-06_ses-02_task-AcousStim_acq-LH_desc-raw,0.003,0,pretrained,phase4d-transfer-lr-warmup__minipigs__sub-06_ses-02_task-AcousStim_acq-LH_desc-raw__fullpool-minipigs-sub-06-sel42-model42-step500__transfer_discriminative__lr0p003__f1__t42,093a4ae8,phase4d-transfer-lr-warmup__minipigs__sub-06_ses-02_task-AcousStim_acq-LH_desc-raw__fullpool-minipigs-sub-06-sel42-model42-step500__transfer_discriminative__lr0p003__f1__t42,finished,0.20144999027252197,0.24037650227546692,True,,2344.0,False
transfer_adapter_warmup_uniform,minipigs,sub-06,sub-06_ses-02_task-AcousStim_acq-LH_desc-raw,0.0003,500,pretrained,phase4d-transfer-lr-warmup__minipigs__sub-06_ses-02_task-AcousStim_acq-LH_desc-raw__fullpool-minipigs-sub-06-sel42-model42-step500__transfer_adapter_warmup_uniform__lr0p0003__f1__t42,48f858ed,phase4d-transfer-lr-warmup__minipigs__sub-06_ses-02_task-AcousStim_acq-LH_desc-raw__fullpool-minipigs-sub-06-sel42-model42-step500__transfer_adapter_warmup_uniform__lr0p0003__f1__t42,finished,0.23303543031215668,0.233628511428833,True,,3282.0,False
transfer_adapter_warmup_uniform,minipigs,sub-06,sub-06_ses-02_task-AcousStim_acq-LH_desc-raw,0.003,500,pretrained,phase4d-transfer-lr-warmup__minipigs__sub-06_ses-02_task-AcousStim_acq-LH_desc-raw__fullpool-minipigs-sub-06-sel42-model42-step500__transfer_adapter_warmup_uniform__lr0p003__f1__t42,e28da75a,phase4d-transfer-lr-warmup__minipigs__sub-06_ses-02_task-AcousStim_acq-LH_desc-raw__fullpool-minipigs-sub-06-sel42-model42-step500__transfer_adapter_warmup_uniform__lr0p003__f1__t42,finished,0.19944414496421817,0.24022381007671356,True,,2210.0,False
transfer_uniform,minipigs,sub-06,sub-06_ses-02_task-AcousStim_acq-RH_desc-raw,0.0003,0,pretrained,phase4d-transfer-lr-warmup__minipigs__sub-06_ses-02_task-AcousStim_acq-RH_desc-raw__fullpool-minipigs-sub-06-sel42-model42-step500__transfer_uniform__lr0p0003__f1__t42,75e412b2,phase4d-transfer-lr-warmup__minipigs__sub-06_ses-02_task-AcousStim_acq-RH_desc-raw__fullpool-minipigs-sub-06-sel42-model42-step500__transfer_uniform__lr0p0003__f1__t42,finished,0.28398212790489197,0.4517824351787567,True,,4756.0,False
transfer_adapter_warmup_uniform,minipigs,sub-06,sub-06_ses-02_task-AcousStim_acq-LH_desc-raw,0.0015,500,pretrained,phase4d-transfer-lr-warmup__minipigs__sub-06_ses-02_task-AcousStim_acq-LH_desc-raw__fullpool-minipigs-sub-06-sel42-model42-step500__transfer_adapter_warmup_uniform__lr0p0015__f1__t42,e79873df,phase4d-transfer-lr-warmup__minipigs__sub-06_ses-02_task-AcousStim_acq-LH_desc-raw__fullpool-minipigs-sub-06-sel42-model42-step500__transfer_adapter_warmup_uniform__lr0p0015__f1__t42,finished,0.19635280966758728,0.24734176695346832,True,,5694.0,False
transfer_adapter_warmup_discriminative,minipigs,sub-06,sub-06_ses-02_task-AcousStim_acq-LH_desc-raw,0.0015,500,pretrained,phase4d-transfer-lr-warmup__minipigs__sub-06_ses-02_task-AcousStim_acq-LH_desc-raw__fullpool-minipigs-sub-06-sel42-model42-step500__transfer_adapter_warmup_discriminative__lr0p0015__f1__t42,619575d1,phase4d-transfer-lr-warmup__minipigs__sub-06_ses-02_task-AcousStim_acq-LH_desc-raw__fullpool-minipigs-sub-06-sel42-model42-step500__transfer_adapter_warmup_discriminative__lr0p0015__f1__t42,finished,0.22305938601493835,0.25620853900909424,True,,4287.0,False
transfer_discriminative,minipigs,sub-06,sub-06_ses-02_task-AcousStim_acq-RH_desc-raw,0.0003,0,pretrained,phase4d-transfer-lr-warmup__minipigs__sub-06_ses-02_task-AcousStim_acq-RH_desc-raw__fullpool-minipigs-sub-06-sel42-model42-step500__transfer_discriminative__lr0p0003__f1__t42,f3b7e400,phase4d-transfer-lr-warmup__minipigs__sub-06_ses-02_task-AcousStim_acq-RH_desc-raw__fullpool-minipigs-sub-06-sel42-model42-step500__transfer_discriminative__lr0p0003__f1__t42,finished,0.3698631823062897,0.4529632329940796,True,,11121.0,False
transfer_adapter_warmup_discriminative,minipigs,sub-06,sub-06_ses-02_task-AcousStim_acq-LH_desc-raw,0.0003,500,pretrained,phase4d-transfer-lr-warmup__minipigs__sub-06_ses-02_task-AcousStim_acq-LH_desc-raw__fullpool-minipigs-sub-06-sel42-model42-step500__transfer_adapter_warmup_discriminative__lr0p0003__f1__t42,617662fa,phase4d-transfer-lr-warmup__minipigs__sub-06_ses-02_task-AcousStim_acq-LH_desc-raw__fullpool-minipigs-sub-06-sel42-model42-step500__transfer_adapter_warmup_discriminative__lr0p0003__f1__t42,finished,0.2253553718328476,0.2357892096042633,True,,5426.0,False
transfer_uniform,minipigs,sub-06,sub-06_ses-02_task-AcousStim_acq-RH_desc-raw,0.0015,0,pretrained,phase4d-transfer-lr-warmup__minipigs__sub-06_ses-02_task-AcousStim_acq-RH_desc-raw__fullpool-minipigs-sub-06-sel42-model42-step500__transfer_uniform__lr0p0015__f1__t42,6a5f271b,phase4d-transfer-lr-warmup__minipigs__sub-06_ses-02_task-AcousStim_acq-RH_desc-raw__fullpool-minipigs-sub-06-sel42-model42-step500__transfer_uniform__lr0p0015__f1__t42,finished,0.2762470841407776,0.4280170500278473,True,,3215.0,False
transfer_adapter_warmup_discriminative,minipigs,sub-06,sub-06_ses-02_task-AcousStim_acq-LH_desc-raw,0.003,500,pretrained,phase4d-transfer-lr-warmup__minipigs__sub-06_ses-02_task-AcousStim_acq-LH_desc-raw__fullpool-minipigs-sub-06-sel42-model42-step500__transfer_adapter_warmup_discriminative__lr0p003__f1__t42,6316a850,phase4d-transfer-lr-warmup__minipigs__sub-06_ses-02_task-AcousStim_acq-LH_desc-raw__fullpool-minipigs-sub-06-sel42-model42-step500__transfer_adapter_warmup_discriminative__lr0p003__f1__t42,finished,0.20610666275024417,0.2413015365600586,True,,2277.0,False
transfer_uniform,minipigs,sub-06,sub-06_ses-02_task-AcousStim_acq-RH_desc-raw,0.003,0,pretrained,phase4d-transfer-lr-warmup__minipigs__sub-06_ses-02_task-AcousStim_acq-RH_desc-raw__fullpool-minipigs-sub-06-sel42-model42-step500__transfer_uniform__lr0p003__f1__t42,bbab87f9,phase4d-transfer-lr-warmup__minipigs__sub-06_ses-02_task-AcousStim_acq-RH_desc-raw__fullpool-minipigs-sub-06-sel42-model42-step500__transfer_uniform__lr0p003__f1__t42,finished,0.31074604392051697,0.2023540437221527,True,,2813.0,False
transfer_discriminative,minipigs,sub-06,sub-06_ses-02_task-AcousStim_acq-RH_desc-raw,0.003,0,pretrained,phase4d-transfer-lr-warmup__minipigs__sub-06_ses-02_task-AcousStim_acq-RH_desc-raw__fullpool-minipigs-sub-06-sel42-model42-step500__transfer_discriminative__lr0p003__f1__t42,4cddfbf1,phase4d-transfer-lr-warmup__minipigs__sub-06_ses-02_task-AcousStim_acq-RH_desc-raw__fullpool-minipigs-sub-06-sel42-model42-step500__transfer_discriminative__lr0p003__f1__t42,finished,0.3158232569694519,0.4422445297241211,True,,1674.0,False
transfer_discriminative,minipigs,sub-06,sub-06_ses-02_task-AcousStim_acq-RH_desc-raw,0.0015,0,pretrained,phase4d-transfer-lr-warmup__minipigs__sub-06_ses-02_task-AcousStim_acq-RH_desc-raw__fullpool-minipigs-sub-06-sel42-model42-step500__transfer_discriminative__lr0p0015__f1__t42,c69e9ef0,phase4d-transfer-lr-warmup__minipigs__sub-06_ses-02_task-AcousStim_acq-RH_desc-raw__fullpool-minipigs-sub-06-sel42-model42-step500__transfer_discriminative__lr0p0015__f1__t42,finished,0.32573530077934265,0.33602049946784973,True,,5091.0,False
transfer_adapter_warmup_uniform,minipigs,sub-06,sub-06_ses-02_task-AcousStim_acq-RH_desc-raw,0.003,500,pretrained,phase4d-transfer-lr-warmup__minipigs__sub-06_ses-02_task-AcousStim_acq-RH_desc-raw__fullpool-minipigs-sub-06-sel42-model42-step500__transfer_adapter_warmup_uniform__lr0p003__f1__t42,5b68a329,phase4d-transfer-lr-warmup__minipigs__sub-06_ses-02_task-AcousStim_acq-RH_desc-raw__fullpool-minipigs-sub-06-sel42-model42-step500__transfer_adapter_warmup_uniform__lr0p003__f1__t42,finished,0.2403315305709839,0.4469350576400757,True,,1808.0,False
transfer_adapter_warmup_uniform,minipigs,sub-06,sub-06_ses-02_task-AcousStim_acq-RH_desc-raw,0.0003,500,pretrained,phase4d-transfer-lr-warmup__minipigs__sub-06_ses-02_task-AcousStim_acq-RH_desc-raw__fullpool-minipigs-sub-06-sel42-model42-step500__transfer_adapter_warmup_uniform__lr0p0003__f1__t42,969bf8ff,phase4d-transfer-lr-warmup__minipigs__sub-06_ses-02_task-AcousStim_acq-RH_desc-raw__fullpool-minipigs-sub-06-sel42-model42-step500__transfer_adapter_warmup_uniform__lr0p0003__f1__t42,finished,0.2754042446613312,0.4448636770248413,True,,3617.0,False
transfer_adapter_warmup_uniform,minipigs,sub-06,sub-06_ses-02_task-AcousStim_acq-RH_desc-raw,0.0015,500,pretrained,phase4d-transfer-lr-warmup__minipigs__sub-06_ses-02_task-AcousStim_acq-RH_desc-raw__fullpool-minipigs-sub-06-sel42-model42-step500__transfer_adapter_warmup_uniform__lr0p0015__f1__t42,bc1fe22a,phase4d-transfer-lr-warmup__minipigs__sub-06_ses-02_task-AcousStim_acq-RH_desc-raw__fullpool-minipigs-sub-06-sel42-model42-step500__transfer_adapter_warmup_uniform__lr0p0015__f1__t42,finished,0.33128684759140015,0.3792000412940979,True,,3483.0,False
transfer_adapter_warmup_discriminative,minipigs,sub-06,sub-06_ses-02_task-AcousStim_acq-RH_desc-raw,0.0015,500,pretrained,phase4d-transfer-lr-warmup__minipigs__sub-06_ses-02_task-AcousStim_acq-RH_desc-raw__fullpool-minipigs-sub-06-sel42-model42-step500__transfer_adapter_warmup_discriminative__lr0p0015__f1__t42,353b81e8,phase4d-transfer-lr-warmup__minipigs__sub-06_ses-02_task-AcousStim_acq-RH_desc-raw__fullpool-minipigs-sub-06-sel42-model42-step500__transfer_adapter_warmup_discriminative__lr0p0015__f1__t42,finished,0.32122862339019775,0.47462528944015503,True,,7168.0,True
transfer_uniform,minipigs,sub-07,sub-07_ses-01_task-AcousStim_acq-LH_desc-raw,0.0003,0,pretrained,phase4d-transfer-lr-warmup__minipigs__sub-07_ses-01_task-AcousStim_acq-LH_desc-raw__fullpool-minipigs-sub-07-sel42-model42-step500__transfer_uniform__lr0p0003__f1__t42,c6c33b3a,phase4d-transfer-lr-warmup__minipigs__sub-07_ses-01_task-AcousStim_acq-LH_desc-raw__fullpool-minipigs-sub-07-sel42-model42-step500__transfer_uniform__lr0p0003__f1__t42,finished,0.49030977487564087,0.7759454250335693,True,,2189.0,False
transfer_adapter_warmup_discriminative,minipigs,sub-06,sub-06_ses-02_task-AcousStim_acq-RH_desc-raw,0.0003,500,pretrained,phase4d-transfer-lr-warmup__minipigs__sub-06_ses-02_task-AcousStim_acq-RH_desc-raw__fullpool-minipigs-sub-06-sel42-model42-step500__transfer_adapter_warmup_discriminative__lr0p0003__f1__t42,1d9163a1,phase4d-transfer-lr-warmup__minipigs__sub-06_ses-02_task-AcousStim_acq-RH_desc-raw__fullpool-minipigs-sub-06-sel42-model42-step500__transfer_adapter_warmup_discriminative__lr0p0003__f1__t42,finished,0.3561347723007202,0.3887450695037842,True,,8642.0,False
transfer_uniform,minipigs,sub-07,sub-07_ses-01_task-AcousStim_acq-LH_desc-raw,0.0015,0,pretrained,phase4d-transfer-lr-warmup__minipigs__sub-07_ses-01_task-AcousStim_acq-LH_desc-raw__fullpool-minipigs-sub-07-sel42-model42-step500__transfer_uniform__lr0p0015__f1__t42,20ed2341,phase4d-transfer-lr-warmup__minipigs__sub-07_ses-01_task-AcousStim_acq-LH_desc-raw__fullpool-minipigs-sub-07-sel42-model42-step500__transfer_uniform__lr0p0015__f1__t42,finished,0.5389034748077393,0.8367346525192261,True,,1019.0,False
transfer_adapter_warmup_discriminative,minipigs,sub-06,sub-06_ses-02_task-AcousStim_acq-RH_desc-raw,0.003,500,pretrained,phase4d-transfer-lr-warmup__minipigs__sub-06_ses-02_task-AcousStim_acq-RH_desc-raw__fullpool-minipigs-sub-06-sel42-model42-step500__transfer_adapter_warmup_discriminative__lr0p003__f1__t42,d733b1b4,phase4d-transfer-lr-warmup__minipigs__sub-06_ses-02_task-AcousStim_acq-RH_desc-raw__fullpool-minipigs-sub-06-sel42-model42-step500__transfer_adapter_warmup_discriminative__lr0p003__f1__t42,finished,0.3312186300754547,0.46386927366256714,True,,6364.0,True
transfer_uniform,minipigs,sub-07,sub-07_ses-01_task-AcousStim_acq-LH_desc-raw,0.003,0,pretrained,phase4d-transfer-lr-warmup__minipigs__sub-07_ses-01_task-AcousStim_acq-LH_desc-raw__fullpool-minipigs-sub-07-sel42-model42-step500__transfer_uniform__lr0p003__f1__t42,ea1e6ba0,phase4d-transfer-lr-warmup__minipigs__sub-07_ses-01_task-AcousStim_acq-LH_desc-raw__fullpool-minipigs-sub-07-sel42-model42-step500__transfer_uniform__lr0p003__f1__t42,finished,0.5160972476005554,0.8306140303611755,True,,1109.0,False
transfer_discriminative,minipigs,sub-07,sub-07_ses-01_task-AcousStim_acq-LH_desc-raw,0.0003,0,pretrained,phase4d-transfer-lr-warmup__minipigs__sub-07_ses-01_task-AcousStim_acq-LH_desc-raw__fullpool-minipigs-sub-07-sel42-model42-step500__transfer_discriminative__lr0p0003__f1__t42,69a173b7,phase4d-transfer-lr-warmup__minipigs__sub-07_ses-01_task-AcousStim_acq-LH_desc-raw__fullpool-minipigs-sub-07-sel42-model42-step500__transfer_discriminative__lr0p0003__f1__t42,finished,0.5958494544029236,0.7456790804862976,True,,4499.0,False
transfer_discriminative,minipigs,sub-07,sub-07_ses-01_task-AcousStim_acq-LH_desc-raw,0.0015,0,pretrained,phase4d-transfer-lr-warmup__minipigs__sub-07_ses-01_task-AcousStim_acq-LH_desc-raw__fullpool-minipigs-sub-07-sel42-model42-step500__transfer_discriminative__lr0p0015__f1__t42,d66918e8,phase4d-transfer-lr-warmup__minipigs__sub-07_ses-01_task-AcousStim_acq-LH_desc-raw__fullpool-minipigs-sub-07-sel42-model42-step500__transfer_discriminative__lr0p0015__f1__t42,finished,0.6624771356582642,0.754284143447876,True,,1409.0,False
transfer_adapter_warmup_uniform,minipigs,sub-07,sub-07_ses-01_task-AcousStim_acq-LH_desc-raw,0.0003,500,pretrained,phase4d-transfer-lr-warmup__minipigs__sub-07_ses-01_task-AcousStim_acq-LH_desc-raw__fullpool-minipigs-sub-07-sel42-model42-step500__transfer_adapter_warmup_uniform__lr0p0003__f1__t42,61d09b70,phase4d-transfer-lr-warmup__minipigs__sub-07_ses-01_task-AcousStim_acq-LH_desc-raw__fullpool-minipigs-sub-07-sel42-model42-step500__transfer_adapter_warmup_uniform__lr0p0003__f1__t42,finished,0.5098947882652283,0.8034611344337463,True,,2909.0,False
transfer_discriminative,minipigs,sub-07,sub-07_ses-01_task-AcousStim_acq-LH_desc-raw,0.003,0,pretrained,phase4d-transfer-lr-warmup__minipigs__sub-07_ses-01_task-AcousStim_acq-LH_desc-raw__fullpool-minipigs-sub-07-sel42-model42-step500__transfer_discriminative__lr0p003__f1__t42,af36a1f3,phase4d-transfer-lr-warmup__minipigs__sub-07_ses-01_task-AcousStim_acq-LH_desc-raw__fullpool-minipigs-sub-07-sel42-model42-step500__transfer_discriminative__lr0p003__f1__t42,finished,0.6364046335220337,0.7702815532684326,True,,1109.0,False
transfer_adapter_warmup_uniform,minipigs,sub-07,sub-07_ses-01_task-AcousStim_acq-LH_desc-raw,0.0015,500,pretrained,phase4d-transfer-lr-warmup__minipigs__sub-07_ses-01_task-AcousStim_acq-LH_desc-raw__fullpool-minipigs-sub-07-sel42-model42-step500__transfer_adapter_warmup_uniform__lr0p0015__f1__t42,38ac84f1,phase4d-transfer-lr-warmup__minipigs__sub-07_ses-01_task-AcousStim_acq-LH_desc-raw__fullpool-minipigs-sub-07-sel42-model42-step500__transfer_adapter_warmup_uniform__lr0p0015__f1__t42,finished,0.5786788463592529,0.7286470532417297,True,,1019.0,False
transfer_adapter_warmup_uniform,minipigs,sub-07,sub-07_ses-01_task-AcousStim_acq-LH_desc-raw,0.003,500,pretrained,phase4d-transfer-lr-warmup__minipigs__sub-07_ses-01_task-AcousStim_acq-LH_desc-raw__fullpool-minipigs-sub-07-sel42-model42-step500__transfer_adapter_warmup_uniform__lr0p003__f1__t42,6ed7d5ff,phase4d-transfer-lr-warmup__minipigs__sub-07_ses-01_task-AcousStim_acq-LH_desc-raw__fullpool-minipigs-sub-07-sel42-model42-step500__transfer_adapter_warmup_uniform__lr0p003__f1__t42,finished,0.5585695505142212,0.6888161301612854,True,,1439.0,False
transfer_adapter_warmup_discriminative,minipigs,sub-07,sub-07_ses-01_task-AcousStim_acq-LH_desc-raw,0.0003,500,pretrained,phase4d-transfer-lr-warmup__minipigs__sub-07_ses-01_task-AcousStim_acq-LH_desc-raw__fullpool-minipigs-sub-07-sel42-model42-step500__transfer_adapter_warmup_discriminative__lr0p0003__f1__t42,c790b311,phase4d-transfer-lr-warmup__minipigs__sub-07_ses-01_task-AcousStim_acq-LH_desc-raw__fullpool-minipigs-sub-07-sel42-model42-step500__transfer_adapter_warmup_discriminative__lr0p0003__f1__t42,finished,0.5006968379020691,0.3697924017906189,True,,3629.0,False
transfer_adapter_warmup_discriminative,minipigs,sub-07,sub-07_ses-01_task-AcousStim_acq-LH_desc-raw,0.0015,500,pretrained,phase4d-transfer-lr-warmup__minipigs__sub-07_ses-01_task-AcousStim_acq-LH_desc-raw__fullpool-minipigs-sub-07-sel42-model42-step500__transfer_adapter_warmup_discriminative__lr0p0015__f1__t42,b40d14c6,phase4d-transfer-lr-warmup__minipigs__sub-07_ses-01_task-AcousStim_acq-LH_desc-raw__fullpool-minipigs-sub-07-sel42-model42-step500__transfer_adapter_warmup_discriminative__lr0p0015__f1__t42,finished,0.5744678378105164,0.06983920931816101,True,,1289.0,False
transfer_adapter_warmup_discriminative,minipigs,sub-07,sub-07_ses-01_task-AcousStim_acq-LH_desc-raw,0.003,500,pretrained,phase4d-transfer-lr-warmup__minipigs__sub-07_ses-01_task-AcousStim_acq-LH_desc-raw__fullpool-minipigs-sub-07-sel42-model42-step500__transfer_adapter_warmup_discriminative__lr0p003__f1__t42,055b1815,phase4d-transfer-lr-warmup__minipigs__sub-07_ses-01_task-AcousStim_acq-LH_desc-raw__fullpool-minipigs-sub-07-sel42-model42-step500__transfer_adapter_warmup_discriminative__lr0p003__f1__t42,finished,0.5975271463394165,0.7305050492286682,True,,1019.0,False
transfer_uniform,minipigs,sub-07,sub-07_ses-02_task-AcousStim_acq-LH_desc-raw,0.0003,0,pretrained,phase4d-transfer-lr-warmup__minipigs__sub-07_ses-02_task-AcousStim_acq-LH_desc-raw__fullpool-minipigs-sub-07-sel42-model42-step500__transfer_uniform__lr0p0003__f1__t42,9fe920be,phase4d-transfer-lr-warmup__minipigs__sub-07_ses-02_task-AcousStim_acq-LH_desc-raw__fullpool-minipigs-sub-07-sel42-model42-step500__transfer_uniform__lr0p0003__f1__t42,finished,0.5649634599685669,0.9049695134162904,True,,971.0,False
transfer_discriminative,minipigs,sub-07,sub-07_ses-02_task-AcousStim_acq-LH_desc-raw,0.0003,0,pretrained,phase4d-transfer-lr-warmup__minipigs__sub-07_ses-02_task-AcousStim_acq-LH_desc-raw__fullpool-minipigs-sub-07-sel42-model42-step500__transfer_discriminative__lr0p0003__f1__t42,2844b1f9,phase4d-transfer-lr-warmup__minipigs__sub-07_ses-02_task-AcousStim_acq-LH_desc-raw__fullpool-minipigs-sub-07-sel42-model42-step500__transfer_discriminative__lr0p0003__f1__t42,finished,0.5455880165100098,0.8877412676811218,True,,1916.0,False
transfer_uniform,minipigs,sub-07,sub-07_ses-02_task-AcousStim_acq-LH_desc-raw,0.003,0,pretrained,phase4d-transfer-lr-warmup__minipigs__sub-07_ses-02_task-AcousStim_acq-LH_desc-raw__fullpool-minipigs-sub-07-sel42-model42-step500__transfer_uniform__lr0p003__f1__t42,9fd42234,phase4d-transfer-lr-warmup__minipigs__sub-07_ses-02_task-AcousStim_acq-LH_desc-raw__fullpool-minipigs-sub-07-sel42-model42-step500__transfer_uniform__lr0p003__f1__t42,finished,0.6810959577560425,0.9756745100021362,True,,1322.0,False
transfer_uniform,minipigs,sub-07,sub-07_ses-02_task-AcousStim_acq-LH_desc-raw,0.0015,0,pretrained,phase4d-transfer-lr-warmup__minipigs__sub-07_ses-02_task-AcousStim_acq-LH_desc-raw__fullpool-minipigs-sub-07-sel42-model42-step500__transfer_uniform__lr0p0015__f1__t42,6300eff8,phase4d-transfer-lr-warmup__minipigs__sub-07_ses-02_task-AcousStim_acq-LH_desc-raw__fullpool-minipigs-sub-07-sel42-model42-step500__transfer_uniform__lr0p0015__f1__t42,finished,0.6113027334213257,0.9166175723075868,True,,917.0,False
transfer_discriminative,minipigs,sub-07,sub-07_ses-02_task-AcousStim_acq-LH_desc-raw,0.0015,0,pretrained,phase4d-transfer-lr-warmup__minipigs__sub-07_ses-02_task-AcousStim_acq-LH_desc-raw__fullpool-minipigs-sub-07-sel42-model42-step500__transfer_discriminative__lr0p0015__f1__t42,f03fa59f,phase4d-transfer-lr-warmup__minipigs__sub-07_ses-02_task-AcousStim_acq-LH_desc-raw__fullpool-minipigs-sub-07-sel42-model42-step500__transfer_discriminative__lr0p0015__f1__t42,finished,0.5152434706687927,0.8986369967460632,True,,917.0,False
transfer_adapter_warmup_uniform,minipigs,sub-07,sub-07_ses-02_task-AcousStim_acq-LH_desc-raw,0.0003,500,pretrained,phase4d-transfer-lr-warmup__minipigs__sub-07_ses-02_task-AcousStim_acq-LH_desc-raw__fullpool-minipigs-sub-07-sel42-model42-step500__transfer_adapter_warmup_uniform__lr0p0003__f1__t42,37b069e1,phase4d-transfer-lr-warmup__minipigs__sub-07_ses-02_task-AcousStim_acq-LH_desc-raw__fullpool-minipigs-sub-07-sel42-model42-step500__transfer_adapter_warmup_uniform__lr0p0003__f1__t42,finished,0.6214272975921631,0.938693344593048,True,,1727.0,False
transfer_discriminative,minipigs,sub-07,sub-07_ses-02_task-AcousStim_acq-LH_desc-raw,0.003,0,pretrained,phase4d-transfer-lr-warmup__minipigs__sub-07_ses-02_task-AcousStim_acq-LH_desc-raw__fullpool-minipigs-sub-07-sel42-model42-step500__transfer_discriminative__lr0p003__f1__t42,85d326a7,phase4d-transfer-lr-warmup__minipigs__sub-07_ses-02_task-AcousStim_acq-LH_desc-raw__fullpool-minipigs-sub-07-sel42-model42-step500__transfer_discriminative__lr0p003__f1__t42,finished,0.5472363829612732,0.8971522450447083,True,,1133.0,False
transfer_adapter_warmup_uniform,minipigs,sub-07,sub-07_ses-02_task-AcousStim_acq-LH_desc-raw,0.0015,500,pretrained,phase4d-transfer-lr-warmup__minipigs__sub-07_ses-02_task-AcousStim_acq-LH_desc-raw__fullpool-minipigs-sub-07-sel42-model42-step500__transfer_adapter_warmup_uniform__lr0p0015__f1__t42,5c652096,phase4d-transfer-lr-warmup__minipigs__sub-07_ses-02_task-AcousStim_acq-LH_desc-raw__fullpool-minipigs-sub-07-sel42-model42-step500__transfer_adapter_warmup_uniform__lr0p0015__f1__t42,finished,0.5835868716239929,0.5656242370605469,True,,1160.0,False
transfer_adapter_warmup_uniform,minipigs,sub-07,sub-07_ses-02_task-AcousStim_acq-LH_desc-raw,0.003,500,pretrained,phase4d-transfer-lr-warmup__minipigs__sub-07_ses-02_task-AcousStim_acq-LH_desc-raw__fullpool-minipigs-sub-07-sel42-model42-step500__transfer_adapter_warmup_uniform__lr0p003__f1__t42,8e3dc788,phase4d-transfer-lr-warmup__minipigs__sub-07_ses-02_task-AcousStim_acq-LH_desc-raw__fullpool-minipigs-sub-07-sel42-model42-step500__transfer_adapter_warmup_uniform__lr0p003__f1__t42,finished,0.5109664797782898,0.8128318190574646,True,,1106.0,False
transfer_adapter_warmup_discriminative,minipigs,sub-07,sub-07_ses-02_task-AcousStim_acq-LH_desc-raw,0.003,500,pretrained,phase4d-transfer-lr-warmup__minipigs__sub-07_ses-02_task-AcousStim_acq-LH_desc-raw__fullpool-minipigs-sub-07-sel42-model42-step500__transfer_adapter_warmup_discriminative__lr0p003__f1__t42,5a38d876,phase4d-transfer-lr-warmup__minipigs__sub-07_ses-02_task-AcousStim_acq-LH_desc-raw__fullpool-minipigs-sub-07-sel42-model42-step500__transfer_adapter_warmup_discriminative__lr0p003__f1__t42,finished,0.5738980770111084,0.8292502164840698,True,,890.0,False
transfer_adapter_warmup_discriminative,minipigs,sub-07,sub-07_ses-02_task-AcousStim_acq-LH_desc-raw,0.0003,500,pretrained,phase4d-transfer-lr-warmup__minipigs__sub-07_ses-02_task-AcousStim_acq-LH_desc-raw__fullpool-minipigs-sub-07-sel42-model42-step500__transfer_adapter_warmup_discriminative__lr0p0003__f1__t42,360ca38e,phase4d-transfer-lr-warmup__minipigs__sub-07_ses-02_task-AcousStim_acq-LH_desc-raw__fullpool-minipigs-sub-07-sel42-model42-step500__transfer_adapter_warmup_discriminative__lr0p0003__f1__t42,finished,0.6076164245605469,0.9016290903091432,True,,1997.0,False
transfer_adapter_warmup_discriminative,minipigs,sub-07,sub-07_ses-02_task-AcousStim_acq-LH_desc-raw,0.0015,500,pretrained,phase4d-transfer-lr-warmup__minipigs__sub-07_ses-02_task-AcousStim_acq-LH_desc-raw__fullpool-minipigs-sub-07-sel42-model42-step500__transfer_adapter_warmup_discriminative__lr0p0015__f1__t42,7a9959cf,phase4d-transfer-lr-warmup__minipigs__sub-07_ses-02_task-AcousStim_acq-LH_desc-raw__fullpool-minipigs-sub-07-sel42-model42-step500__transfer_adapter_warmup_discriminative__lr0p0015__f1__t42,finished,0.5718596577644348,0.8985503315925598,True,,917.0,False
transfer_uniform,minipigs,sub-07,sub-07_ses-02_task-AcousStim_acq-RH_desc-raw,0.0003,0,pretrained,phase4d-transfer-lr-warmup__minipigs__sub-07_ses-02_task-AcousStim_acq-RH_desc-raw__fullpool-minipigs-sub-07-sel42-model42-step500__transfer_uniform__lr0p0003__f1__t42,6595e098,phase4d-transfer-lr-warmup__minipigs__sub-07_ses-02_task-AcousStim_acq-RH_desc-raw__fullpool-minipigs-sub-07-sel42-model42-step500__transfer_uniform__lr0p0003__f1__t42,finished,0.5976434946060181,0.7413427233695984,True,,2599.0,False
transfer_uniform,minipigs,sub-07,sub-07_ses-02_task-AcousStim_acq-RH_desc-raw,0.003,0,pretrained,phase4d-transfer-lr-warmup__minipigs__sub-07_ses-02_task-AcousStim_acq-RH_desc-raw__fullpool-minipigs-sub-07-sel42-model42-step500__transfer_uniform__lr0p003__f1__t42,7cdd3ecc,phase4d-transfer-lr-warmup__minipigs__sub-07_ses-02_task-AcousStim_acq-RH_desc-raw__fullpool-minipigs-sub-07-sel42-model42-step500__transfer_uniform__lr0p003__f1__t42,finished,0.5596003532409668,0.7124507427215576,True,,727.0,False
transfer_uniform,minipigs,sub-07,sub-07_ses-02_task-AcousStim_acq-RH_desc-raw,0.0015,0,pretrained,phase4d-transfer-lr-warmup__minipigs__sub-07_ses-02_task-AcousStim_acq-RH_desc-raw__fullpool-minipigs-sub-07-sel42-model42-step500__transfer_uniform__lr0p0015__f1__t42,507bfcee,phase4d-transfer-lr-warmup__minipigs__sub-07_ses-02_task-AcousStim_acq-RH_desc-raw__fullpool-minipigs-sub-07-sel42-model42-step500__transfer_uniform__lr0p0015__f1__t42,finished,0.6203777194023132,0.765309751033783,True,,1325.0,False
transfer_adapter_warmup_uniform,minipigs,sub-07,sub-07_ses-02_task-AcousStim_acq-RH_desc-raw,0.0003,500,pretrained,phase4d-transfer-lr-warmup__minipigs__sub-07_ses-02_task-AcousStim_acq-RH_desc-raw__fullpool-minipigs-sub-07-sel42-model42-step500__transfer_adapter_warmup_uniform__lr0p0003__f1__t42,f188a70b,phase4d-transfer-lr-warmup__minipigs__sub-07_ses-02_task-AcousStim_acq-RH_desc-raw__fullpool-minipigs-sub-07-sel42-model42-step500__transfer_adapter_warmup_uniform__lr0p0003__f1__t42,finished,0.5770866274833679,0.537419319152832,True,,1715.0,False
transfer_discriminative,minipigs,sub-07,sub-07_ses-02_task-AcousStim_acq-RH_desc-raw,0.0003,0,pretrained,phase4d-transfer-lr-warmup__minipigs__sub-07_ses-02_task-AcousStim_acq-RH_desc-raw__fullpool-minipigs-sub-07-sel42-model42-step500__transfer_discriminative__lr0p0003__f1__t42,56df0345,phase4d-transfer-lr-warmup__minipigs__sub-07_ses-02_task-AcousStim_acq-RH_desc-raw__fullpool-minipigs-sub-07-sel42-model42-step500__transfer_discriminative__lr0p0003__f1__t42,finished,0.5916302800178528,0.6312169432640076,True,,2521.0,False
transfer_adapter_warmup_uniform,minipigs,sub-07,sub-07_ses-02_task-AcousStim_acq-RH_desc-raw,0.003,500,pretrained,phase4d-transfer-lr-warmup__minipigs__sub-07_ses-02_task-AcousStim_acq-RH_desc-raw__fullpool-minipigs-sub-07-sel42-model42-step500__transfer_adapter_warmup_uniform__lr0p003__f1__t42,8937014b,phase4d-transfer-lr-warmup__minipigs__sub-07_ses-02_task-AcousStim_acq-RH_desc-raw__fullpool-minipigs-sub-07-sel42-model42-step500__transfer_adapter_warmup_uniform__lr0p003__f1__t42,finished,0.6051144003868103,0.7233578562736511,True,,1143.0,False
transfer_discriminative,minipigs,sub-07,sub-07_ses-02_task-AcousStim_acq-RH_desc-raw,0.0015,0,pretrained,phase4d-transfer-lr-warmup__minipigs__sub-07_ses-02_task-AcousStim_acq-RH_desc-raw__fullpool-minipigs-sub-07-sel42-model42-step500__transfer_discriminative__lr0p0015__f1__t42,81180c9d,phase4d-transfer-lr-warmup__minipigs__sub-07_ses-02_task-AcousStim_acq-RH_desc-raw__fullpool-minipigs-sub-07-sel42-model42-step500__transfer_discriminative__lr0p0015__f1__t42,finished,0.6379744410514832,0.5958486795425415,True,,1845.0,False
transfer_discriminative,minipigs,sub-07,sub-07_ses-02_task-AcousStim_acq-RH_desc-raw,0.003,0,pretrained,phase4d-transfer-lr-warmup__minipigs__sub-07_ses-02_task-AcousStim_acq-RH_desc-raw__fullpool-minipigs-sub-07-sel42-model42-step500__transfer_discriminative__lr0p003__f1__t42,be10f286,phase4d-transfer-lr-warmup__minipigs__sub-07_ses-02_task-AcousStim_acq-RH_desc-raw__fullpool-minipigs-sub-07-sel42-model42-step500__transfer_discriminative__lr0p003__f1__t42,finished,0.6465231776237488,0.768176257610321,True,,1169.0,False
transfer_adapter_warmup_discriminative,minipigs,sub-07,sub-07_ses-02_task-AcousStim_acq-RH_desc-raw,0.0003,500,pretrained,phase4d-transfer-lr-warmup__minipigs__sub-07_ses-02_task-AcousStim_acq-RH_desc-raw__fullpool-minipigs-sub-07-sel42-model42-step500__transfer_adapter_warmup_discriminative__lr0p0003__f1__t42,819f4a4c,phase4d-transfer-lr-warmup__minipigs__sub-07_ses-02_task-AcousStim_acq-RH_desc-raw__fullpool-minipigs-sub-07-sel42-model42-step500__transfer_adapter_warmup_discriminative__lr0p0003__f1__t42,finished,0.4656782150268554,0.61733478307724,True,,2599.0,False
transfer_adapter_warmup_uniform,minipigs,sub-07,sub-07_ses-02_task-AcousStim_acq-RH_desc-raw,0.0015,500,pretrained,phase4d-transfer-lr-warmup__minipigs__sub-07_ses-02_task-AcousStim_acq-RH_desc-raw__fullpool-minipigs-sub-07-sel42-model42-step500__transfer_adapter_warmup_uniform__lr0p0015__f1__t42,a3b68c23,phase4d-transfer-lr-warmup__minipigs__sub-07_ses-02_task-AcousStim_acq-RH_desc-raw__fullpool-minipigs-sub-07-sel42-model42-step500__transfer_adapter_warmup_uniform__lr0p0015__f1__t42,finished,0.6202014088630676,0.7375661730766296,True,,1065.0,False
transfer_adapter_warmup_discriminative,minipigs,sub-07,sub-07_ses-02_task-AcousStim_acq-RH_desc-raw,0.0015,500,pretrained,phase4d-transfer-lr-warmup__minipigs__sub-07_ses-02_task-AcousStim_acq-RH_desc-raw__fullpool-minipigs-sub-07-sel42-model42-step500__transfer_adapter_warmup_discriminative__lr0p0015__f1__t42,ece7299b,phase4d-transfer-lr-warmup__minipigs__sub-07_ses-02_task-AcousStim_acq-RH_desc-raw__fullpool-minipigs-sub-07-sel42-model42-step500__transfer_adapter_warmup_discriminative__lr0p0015__f1__t42,finished,0.6278891563415527,0.738195538520813,True,,2313.0,False
transfer_uniform,minipigs,sub-07,sub-07_ses-03_task-AcousStim_acq-LH_desc-raw,0.0003,0,pretrained,phase4d-transfer-lr-warmup__minipigs__sub-07_ses-03_task-AcousStim_acq-LH_desc-raw__fullpool-minipigs-sub-07-sel42-model42-step500__transfer_uniform__lr0p0003__f1__t42,57033449,phase4d-transfer-lr-warmup__minipigs__sub-07_ses-03_task-AcousStim_acq-LH_desc-raw__fullpool-minipigs-sub-07-sel42-model42-step500__transfer_uniform__lr0p0003__f1__t42,finished,0.641148567199707,0.8460317850112915,True,,1999.0,False
transfer_adapter_warmup_discriminative,minipigs,sub-07,sub-07_ses-02_task-AcousStim_acq-RH_desc-raw,0.003,500,pretrained,phase4d-transfer-lr-warmup__minipigs__sub-07_ses-02_task-AcousStim_acq-RH_desc-raw__fullpool-minipigs-sub-07-sel42-model42-step500__transfer_adapter_warmup_discriminative__lr0p003__f1__t42,fc980cd1,phase4d-transfer-lr-warmup__minipigs__sub-07_ses-02_task-AcousStim_acq-RH_desc-raw__fullpool-minipigs-sub-07-sel42-model42-step500__transfer_adapter_warmup_discriminative__lr0p003__f1__t42,finished,0.5826959013938904,0.7126887440681458,True,,1143.0,False
transfer_uniform,minipigs,sub-07,sub-07_ses-03_task-AcousStim_acq-LH_desc-raw,0.0015,0,pretrained,phase4d-transfer-lr-warmup__minipigs__sub-07_ses-03_task-AcousStim_acq-LH_desc-raw__fullpool-minipigs-sub-07-sel42-model42-step500__transfer_uniform__lr0p0015__f1__t42,6e0c8b1c,phase4d-transfer-lr-warmup__minipigs__sub-07_ses-03_task-AcousStim_acq-LH_desc-raw__fullpool-minipigs-sub-07-sel42-model42-step500__transfer_uniform__lr0p0015__f1__t42,finished,0.7119911909103394,0.9546352624893188,True,,599.0,False
transfer_uniform,minipigs,sub-07,sub-07_ses-03_task-AcousStim_acq-LH_desc-raw,0.003,0,pretrained,phase4d-transfer-lr-warmup__minipigs__sub-07_ses-03_task-AcousStim_acq-LH_desc-raw__fullpool-minipigs-sub-07-sel42-model42-step500__transfer_uniform__lr0p003__f1__t42,520b210c,phase4d-transfer-lr-warmup__minipigs__sub-07_ses-03_task-AcousStim_acq-LH_desc-raw__fullpool-minipigs-sub-07-sel42-model42-step500__transfer_uniform__lr0p003__f1__t42,finished,0.7121129631996155,0.9387131333351136,True,,1024.0,False
transfer_discriminative,minipigs,sub-07,sub-07_ses-03_task-AcousStim_acq-LH_desc-raw,0.0003,0,pretrained,phase4d-transfer-lr-warmup__minipigs__sub-07_ses-03_task-AcousStim_acq-LH_desc-raw__fullpool-minipigs-sub-07-sel42-model42-step500__transfer_discriminative__lr0p0003__f1__t42,e8101a35,phase4d-transfer-lr-warmup__minipigs__sub-07_ses-03_task-AcousStim_acq-LH_desc-raw__fullpool-minipigs-sub-07-sel42-model42-step500__transfer_discriminative__lr0p0003__f1__t42,finished,0.6462228894233704,0.8692446351051331,True,,1999.0,False
transfer_discriminative,minipigs,sub-07,sub-07_ses-03_task-AcousStim_acq-LH_desc-raw,0.003,0,pretrained,phase4d-transfer-lr-warmup__minipigs__sub-07_ses-03_task-AcousStim_acq-LH_desc-raw__fullpool-minipigs-sub-07-sel42-model42-step500__transfer_discriminative__lr0p003__f1__t42,f57d51c8,phase4d-transfer-lr-warmup__minipigs__sub-07_ses-03_task-AcousStim_acq-LH_desc-raw__fullpool-minipigs-sub-07-sel42-model42-step500__transfer_discriminative__lr0p003__f1__t42,finished,0.6593009829521179,0.8949264287948608,True,,924.0,False
transfer_discriminative,minipigs,sub-07,sub-07_ses-03_task-AcousStim_acq-LH_desc-raw,0.0015,0,pretrained,phase4d-transfer-lr-warmup__minipigs__sub-07_ses-03_task-AcousStim_acq-LH_desc-raw__fullpool-minipigs-sub-07-sel42-model42-step500__transfer_discriminative__lr0p0015__f1__t42,0e5e087f,phase4d-transfer-lr-warmup__minipigs__sub-07_ses-03_task-AcousStim_acq-LH_desc-raw__fullpool-minipigs-sub-07-sel42-model42-step500__transfer_discriminative__lr0p0015__f1__t42,finished,0.6615102291107178,0.8802119493484497,True,,1524.0,False
transfer_adapter_warmup_uniform,minipigs,sub-07,sub-07_ses-03_task-AcousStim_acq-LH_desc-raw,0.0003,500,pretrained,phase4d-transfer-lr-warmup__minipigs__sub-07_ses-03_task-AcousStim_acq-LH_desc-raw__fullpool-minipigs-sub-07-sel42-model42-step500__transfer_adapter_warmup_uniform__lr0p0003__f1__t42,94e88dea,phase4d-transfer-lr-warmup__minipigs__sub-07_ses-03_task-AcousStim_acq-LH_desc-raw__fullpool-minipigs-sub-07-sel42-model42-step500__transfer_adapter_warmup_uniform__lr0p0003__f1__t42,finished,0.6202502250671387,0.9095238447189332,True,,1524.0,False
transfer_adapter_warmup_discriminative,minipigs,sub-07,sub-07_ses-03_task-AcousStim_acq-LH_desc-raw,0.0003,500,pretrained,phase4d-transfer-lr-warmup__minipigs__sub-07_ses-03_task-AcousStim_acq-LH_desc-raw__fullpool-minipigs-sub-07-sel42-model42-step500__transfer_adapter_warmup_discriminative__lr0p0003__f1__t42,510f2405,phase4d-transfer-lr-warmup__minipigs__sub-07_ses-03_task-AcousStim_acq-LH_desc-raw__fullpool-minipigs-sub-07-sel42-model42-step500__transfer_adapter_warmup_discriminative__lr0p0003__f1__t42,finished,0.5718433856964111,0.5538277626037598,True,,2124.0,False
transfer_adapter_warmup_uniform,minipigs,sub-07,sub-07_ses-03_task-AcousStim_acq-LH_desc-raw,0.003,500,pretrained,phase4d-transfer-lr-warmup__minipigs__sub-07_ses-03_task-AcousStim_acq-LH_desc-raw__fullpool-minipigs-sub-07-sel42-model42-step500__transfer_adapter_warmup_uniform__lr0p003__f1__t42,dde46337,phase4d-transfer-lr-warmup__minipigs__sub-07_ses-03_task-AcousStim_acq-LH_desc-raw__fullpool-minipigs-sub-07-sel42-model42-step500__transfer_adapter_warmup_uniform__lr0p003__f1__t42,finished,0.7578700184822083,0.8928571939468384,True,,1699.0,False
transfer_adapter_warmup_uniform,minipigs,sub-07,sub-07_ses-03_task-AcousStim_acq-LH_desc-raw,0.0015,500,pretrained,phase4d-transfer-lr-warmup__minipigs__sub-07_ses-03_task-AcousStim_acq-LH_desc-raw__fullpool-minipigs-sub-07-sel42-model42-step500__transfer_adapter_warmup_uniform__lr0p0015__f1__t42,27adfd72,phase4d-transfer-lr-warmup__minipigs__sub-07_ses-03_task-AcousStim_acq-LH_desc-raw__fullpool-minipigs-sub-07-sel42-model42-step500__transfer_adapter_warmup_uniform__lr0p0015__f1__t42,finished,0.713805615901947,0.9547545909881592,True,,1549.0,False
transfer_adapter_warmup_discriminative,minipigs,sub-07,sub-07_ses-03_task-AcousStim_acq-LH_desc-raw,0.003,500,pretrained,phase4d-transfer-lr-warmup__minipigs__sub-07_ses-03_task-AcousStim_acq-LH_desc-raw__fullpool-minipigs-sub-07-sel42-model42-step500__transfer_adapter_warmup_discriminative__lr0p003__f1__t42,481d6156,phase4d-transfer-lr-warmup__minipigs__sub-07_ses-03_task-AcousStim_acq-LH_desc-raw__fullpool-minipigs-sub-07-sel42-model42-step500__transfer_adapter_warmup_discriminative__lr0p003__f1__t42,finished,0.6947552561759949,0.8922308683395386,True,,1624.0,False
transfer_uniform,minipigs,sub-07,sub-07_ses-03_task-AcousStim_acq-RH_desc-raw,0.0015,0,pretrained,phase4d-transfer-lr-warmup__minipigs__sub-07_ses-03_task-AcousStim_acq-RH_desc-raw__fullpool-minipigs-sub-07-sel42-model42-step500__transfer_uniform__lr0p0015__f1__t42,c577b01b,phase4d-transfer-lr-warmup__minipigs__sub-07_ses-03_task-AcousStim_acq-RH_desc-raw__fullpool-minipigs-sub-07-sel42-model42-step500__transfer_uniform__lr0p0015__f1__t42,finished,0.6089207530021667,0.9510204195976256,True,,647.0,False
transfer_adapter_warmup_discriminative,minipigs,sub-07,sub-07_ses-03_task-AcousStim_acq-LH_desc-raw,0.0015,500,pretrained,phase4d-transfer-lr-warmup__minipigs__sub-07_ses-03_task-AcousStim_acq-LH_desc-raw__fullpool-minipigs-sub-07-sel42-model42-step500__transfer_adapter_warmup_discriminative__lr0p0015__f1__t42,a50a8afb,phase4d-transfer-lr-warmup__minipigs__sub-07_ses-03_task-AcousStim_acq-LH_desc-raw__fullpool-minipigs-sub-07-sel42-model42-step500__transfer_adapter_warmup_discriminative__lr0p0015__f1__t42,finished,0.5366255044937134,0.9049395322799684,True,,749.0,False
transfer_uniform,minipigs,sub-07,sub-07_ses-03_task-AcousStim_acq-RH_desc-raw,0.0003,0,pretrained,phase4d-transfer-lr-warmup__minipigs__sub-07_ses-03_task-AcousStim_acq-RH_desc-raw__fullpool-minipigs-sub-07-sel42-model42-step500__transfer_uniform__lr0p0003__f1__t42,6ad93b87,phase4d-transfer-lr-warmup__minipigs__sub-07_ses-03_task-AcousStim_acq-RH_desc-raw__fullpool-minipigs-sub-07-sel42-model42-step500__transfer_uniform__lr0p0003__f1__t42,finished,0.6773305535316467,0.8818562030792236,True,,911.0,False
transfer_uniform,minipigs,sub-07,sub-07_ses-03_task-AcousStim_acq-RH_desc-raw,0.003,0,pretrained,phase4d-transfer-lr-warmup__minipigs__sub-07_ses-03_task-AcousStim_acq-RH_desc-raw__fullpool-minipigs-sub-07-sel42-model42-step500__transfer_uniform__lr0p003__f1__t42,6dfed7f5,phase4d-transfer-lr-warmup__minipigs__sub-07_ses-03_task-AcousStim_acq-RH_desc-raw__fullpool-minipigs-sub-07-sel42-model42-step500__transfer_uniform__lr0p003__f1__t42,finished,0.6756101250648499,1.0,True,,527.0,False
transfer_discriminative,minipigs,sub-07,sub-07_ses-03_task-AcousStim_acq-RH_desc-raw,0.0003,0,pretrained,phase4d-transfer-lr-warmup__minipigs__sub-07_ses-03_task-AcousStim_acq-RH_desc-raw__fullpool-minipigs-sub-07-sel42-model42-step500__transfer_discriminative__lr0p0003__f1__t42,453ebd80,phase4d-transfer-lr-warmup__minipigs__sub-07_ses-03_task-AcousStim_acq-RH_desc-raw__fullpool-minipigs-sub-07-sel42-model42-step500__transfer_discriminative__lr0p0003__f1__t42,finished,0.5391719937324524,0.7402977347373962,True,,2423.0,False
transfer_discriminative,minipigs,sub-07,sub-07_ses-03_task-AcousStim_acq-RH_desc-raw,0.0015,0,pretrained,phase4d-transfer-lr-warmup__minipigs__sub-07_ses-03_task-AcousStim_acq-RH_desc-raw__fullpool-minipigs-sub-07-sel42-model42-step500__transfer_discriminative__lr0p0015__f1__t42,d963912b,phase4d-transfer-lr-warmup__minipigs__sub-07_ses-03_task-AcousStim_acq-RH_desc-raw__fullpool-minipigs-sub-07-sel42-model42-step500__transfer_discriminative__lr0p0015__f1__t42,finished,0.5566964149475098,0.035087719559669495,True,,1247.0,False
transfer_adapter_warmup_uniform,minipigs,sub-07,sub-07_ses-03_task-AcousStim_acq-RH_desc-raw,0.0015,500,pretrained,phase4d-transfer-lr-warmup__minipigs__sub-07_ses-03_task-AcousStim_acq-RH_desc-raw__fullpool-minipigs-sub-07-sel42-model42-step500__transfer_adapter_warmup_uniform__lr0p0015__f1__t42,e14d2d49,phase4d-transfer-lr-warmup__minipigs__sub-07_ses-03_task-AcousStim_acq-RH_desc-raw__fullpool-minipigs-sub-07-sel42-model42-step500__transfer_adapter_warmup_uniform__lr0p0015__f1__t42,finished,0.6191183924674988,0.9332097172737122,True,,983.0,False
transfer_adapter_warmup_discriminative,minipigs,sub-07,sub-07_ses-03_task-AcousStim_acq-RH_desc-raw,0.0003,500,pretrained,phase4d-transfer-lr-warmup__minipigs__sub-07_ses-03_task-AcousStim_acq-RH_desc-raw__fullpool-minipigs-sub-07-sel42-model42-step500__transfer_adapter_warmup_discriminative__lr0p0003__f1__t42,feb31cd0,phase4d-transfer-lr-warmup__minipigs__sub-07_ses-03_task-AcousStim_acq-RH_desc-raw__fullpool-minipigs-sub-07-sel42-model42-step500__transfer_adapter_warmup_discriminative__lr0p0003__f1__t42,finished,0.5250227451324463,0.6965983510017395,True,,2399.0,False
transfer_adapter_warmup_uniform,minipigs,sub-07,sub-07_ses-03_task-AcousStim_acq-RH_desc-raw,0.003,500,pretrained,phase4d-transfer-lr-warmup__minipigs__sub-07_ses-03_task-AcousStim_acq-RH_desc-raw__fullpool-minipigs-sub-07-sel42-model42-step500__transfer_adapter_warmup_uniform__lr0p003__f1__t42,3cff075c,phase4d-transfer-lr-warmup__minipigs__sub-07_ses-03_task-AcousStim_acq-RH_desc-raw__fullpool-minipigs-sub-07-sel42-model42-step500__transfer_adapter_warmup_uniform__lr0p003__f1__t42,finished,0.5933770537376404,0.9342137575149536,True,,863.0,False
transfer_discriminative,minipigs,sub-07,sub-07_ses-03_task-AcousStim_acq-RH_desc-raw,0.003,0,pretrained,phase4d-transfer-lr-warmup__minipigs__sub-07_ses-03_task-AcousStim_acq-RH_desc-raw__fullpool-minipigs-sub-07-sel42-model42-step500__transfer_discriminative__lr0p003__f1__t42,0ecb3ee9,phase4d-transfer-lr-warmup__minipigs__sub-07_ses-03_task-AcousStim_acq-RH_desc-raw__fullpool-minipigs-sub-07-sel42-model42-step500__transfer_discriminative__lr0p003__f1__t42,finished,0.5715336203575134,0.8850240707397461,True,,959.0,False
transfer_adapter_warmup_uniform,minipigs,sub-07,sub-07_ses-03_task-AcousStim_acq-RH_desc-raw,0.0003,500,pretrained,phase4d-transfer-lr-warmup__minipigs__sub-07_ses-03_task-AcousStim_acq-RH_desc-raw__fullpool-minipigs-sub-07-sel42-model42-step500__transfer_adapter_warmup_uniform__lr0p0003__f1__t42,98918112,phase4d-transfer-lr-warmup__minipigs__sub-07_ses-03_task-AcousStim_acq-RH_desc-raw__fullpool-minipigs-sub-07-sel42-model42-step500__transfer_adapter_warmup_uniform__lr0p0003__f1__t42,finished,0.5777639150619507,0.916883111000061,True,,1343.0,False
transfer_adapter_warmup_discriminative,minipigs,sub-07,sub-07_ses-03_task-AcousStim_acq-RH_desc-raw,0.0015,500,pretrained,phase4d-transfer-lr-warmup__minipigs__sub-07_ses-03_task-AcousStim_acq-RH_desc-raw__fullpool-minipigs-sub-07-sel42-model42-step500__transfer_adapter_warmup_discriminative__lr0p0015__f1__t42,1b9f068b,phase4d-transfer-lr-warmup__minipigs__sub-07_ses-03_task-AcousStim_acq-RH_desc-raw__fullpool-minipigs-sub-07-sel42-model42-step500__transfer_adapter_warmup_discriminative__lr0p0015__f1__t42,finished,0.5282000303268433,0.7896825671195984,True,,959.0,False
transfer_uniform,minipigs,sub-07,sub-07_ses-04_task-AcousStim_acq-LH_desc-raw,0.0015,0,pretrained,phase4d-transfer-lr-warmup__minipigs__sub-07_ses-04_task-AcousStim_acq-LH_desc-raw__fullpool-minipigs-sub-07-sel42-model42-step500__transfer_uniform__lr0p0015__f1__t42,1f8a67d6,phase4d-transfer-lr-warmup__minipigs__sub-07_ses-04_task-AcousStim_acq-LH_desc-raw__fullpool-minipigs-sub-07-sel42-model42-step500__transfer_uniform__lr0p0015__f1__t42,finished,0.4665441215038299,0.8607844114303589,True,,1139.0,False
transfer_adapter_warmup_discriminative,minipigs,sub-07,sub-07_ses-03_task-AcousStim_acq-RH_desc-raw,0.003,500,pretrained,phase4d-transfer-lr-warmup__minipigs__sub-07_ses-03_task-AcousStim_acq-RH_desc-raw__fullpool-minipigs-sub-07-sel42-model42-step500__transfer_adapter_warmup_discriminative__lr0p003__f1__t42,f744695f,phase4d-transfer-lr-warmup__minipigs__sub-07_ses-03_task-AcousStim_acq-RH_desc-raw__fullpool-minipigs-sub-07-sel42-model42-step500__transfer_adapter_warmup_discriminative__lr0p003__f1__t42,finished,0.4924388527870178,0.80521160364151,True,,935.0,False
transfer_uniform,minipigs,sub-07,sub-07_ses-04_task-AcousStim_acq-LH_desc-raw,0.0003,0,pretrained,phase4d-transfer-lr-warmup__minipigs__sub-07_ses-04_task-AcousStim_acq-LH_desc-raw__fullpool-minipigs-sub-07-sel42-model42-step500__transfer_uniform__lr0p0003__f1__t42,c6fec34a,phase4d-transfer-lr-warmup__minipigs__sub-07_ses-04_task-AcousStim_acq-LH_desc-raw__fullpool-minipigs-sub-07-sel42-model42-step500__transfer_uniform__lr0p0003__f1__t42,finished,0.5309845209121704,0.8686403632164001,True,,719.0,False
transfer_uniform,minipigs,sub-07,sub-07_ses-04_task-AcousStim_acq-LH_desc-raw,0.003,0,pretrained,phase4d-transfer-lr-warmup__minipigs__sub-07_ses-04_task-AcousStim_acq-LH_desc-raw__fullpool-minipigs-sub-07-sel42-model42-step500__transfer_uniform__lr0p003__f1__t42,7865d33e,phase4d-transfer-lr-warmup__minipigs__sub-07_ses-04_task-AcousStim_acq-LH_desc-raw__fullpool-minipigs-sub-07-sel42-model42-step500__transfer_uniform__lr0p003__f1__t42,finished,0.41997048258781433,0.8445894122123718,True,,494.0,False
transfer_discriminative,minipigs,sub-07,sub-07_ses-04_task-AcousStim_acq-LH_desc-raw,0.0003,0,pretrained,phase4d-transfer-lr-warmup__minipigs__sub-07_ses-04_task-AcousStim_acq-LH_desc-raw__fullpool-minipigs-sub-07-sel42-model42-step500__transfer_discriminative__lr0p0003__f1__t42,b7ff3864,phase4d-transfer-lr-warmup__minipigs__sub-07_ses-04_task-AcousStim_acq-LH_desc-raw__fullpool-minipigs-sub-07-sel42-model42-step500__transfer_discriminative__lr0p0003__f1__t42,finished,0.48398131132125854,0.7472223043441772,True,,914.0,False
transfer_discriminative,minipigs,sub-07,sub-07_ses-04_task-AcousStim_acq-LH_desc-raw,0.0015,0,pretrained,phase4d-transfer-lr-warmup__minipigs__sub-07_ses-04_task-AcousStim_acq-LH_desc-raw__fullpool-minipigs-sub-07-sel42-model42-step500__transfer_discriminative__lr0p0015__f1__t42,68105419,phase4d-transfer-lr-warmup__minipigs__sub-07_ses-04_task-AcousStim_acq-LH_desc-raw__fullpool-minipigs-sub-07-sel42-model42-step500__transfer_discriminative__lr0p0015__f1__t42,finished,0.5814671516418457,0.20809823274612427,True,,464.0,False
transfer_discriminative,minipigs,sub-07,sub-07_ses-04_task-AcousStim_acq-LH_desc-raw,0.003,0,pretrained,phase4d-transfer-lr-warmup__minipigs__sub-07_ses-04_task-AcousStim_acq-LH_desc-raw__fullpool-minipigs-sub-07-sel42-model42-step500__transfer_discriminative__lr0p003__f1__t42,7be471c5,phase4d-transfer-lr-warmup__minipigs__sub-07_ses-04_task-AcousStim_acq-LH_desc-raw__fullpool-minipigs-sub-07-sel42-model42-step500__transfer_discriminative__lr0p003__f1__t42,finished,0.5782788991928101,0.7697855830192566,True,,419.0,False
transfer_adapter_warmup_uniform,minipigs,sub-07,sub-07_ses-04_task-AcousStim_acq-LH_desc-raw,0.0015,500,pretrained,phase4d-transfer-lr-warmup__minipigs__sub-07_ses-04_task-AcousStim_acq-LH_desc-raw__fullpool-minipigs-sub-07-sel42-model42-step500__transfer_adapter_warmup_uniform__lr0p0015__f1__t42,35cad205,phase4d-transfer-lr-warmup__minipigs__sub-07_ses-04_task-AcousStim_acq-LH_desc-raw__fullpool-minipigs-sub-07-sel42-model42-step500__transfer_adapter_warmup_uniform__lr0p0015__f1__t42,finished,0.552531898021698,0.8423475623130798,True,,614.0,False
transfer_adapter_warmup_uniform,minipigs,sub-07,sub-07_ses-04_task-AcousStim_acq-LH_desc-raw,0.0003,500,pretrained,phase4d-transfer-lr-warmup__minipigs__sub-07_ses-04_task-AcousStim_acq-LH_desc-raw__fullpool-minipigs-sub-07-sel42-model42-step500__transfer_adapter_warmup_uniform__lr0p0003__f1__t42,707b599d,phase4d-transfer-lr-warmup__minipigs__sub-07_ses-04_task-AcousStim_acq-LH_desc-raw__fullpool-minipigs-sub-07-sel42-model42-step500__transfer_adapter_warmup_uniform__lr0p0003__f1__t42,finished,0.5497012734413147,0.763888955116272,True,,674.0,False
transfer_adapter_warmup_uniform,minipigs,sub-07,sub-07_ses-04_task-AcousStim_acq-LH_desc-raw,0.003,500,pretrained,phase4d-transfer-lr-warmup__minipigs__sub-07_ses-04_task-AcousStim_acq-LH_desc-raw__fullpool-minipigs-sub-07-sel42-model42-step500__transfer_adapter_warmup_uniform__lr0p003__f1__t42,9187db36,phase4d-transfer-lr-warmup__minipigs__sub-07_ses-04_task-AcousStim_acq-LH_desc-raw__fullpool-minipigs-sub-07-sel42-model42-step500__transfer_adapter_warmup_uniform__lr0p003__f1__t42,finished,0.5231983661651611,0.7980233430862427,True,,929.0,False
transfer_adapter_warmup_discriminative,minipigs,sub-07,sub-07_ses-04_task-AcousStim_acq-LH_desc-raw,0.0003,500,pretrained,phase4d-transfer-lr-warmup__minipigs__sub-07_ses-04_task-AcousStim_acq-LH_desc-raw__fullpool-minipigs-sub-07-sel42-model42-step500__transfer_adapter_warmup_discriminative__lr0p0003__f1__t42,ef2ae825,phase4d-transfer-lr-warmup__minipigs__sub-07_ses-04_task-AcousStim_acq-LH_desc-raw__fullpool-minipigs-sub-07-sel42-model42-step500__transfer_adapter_warmup_discriminative__lr0p0003__f1__t42,finished,0.4336324334144592,0.41636034846305847,True,,989.0,False
transfer_adapter_warmup_discriminative,minipigs,sub-07,sub-07_ses-04_task-AcousStim_acq-LH_desc-raw,0.003,500,pretrained,phase4d-transfer-lr-warmup__minipigs__sub-07_ses-04_task-AcousStim_acq-LH_desc-raw__fullpool-minipigs-sub-07-sel42-model42-step500__transfer_adapter_warmup_discriminative__lr0p003__f1__t42,6bea5ae9,phase4d-transfer-lr-warmup__minipigs__sub-07_ses-04_task-AcousStim_acq-LH_desc-raw__fullpool-minipigs-sub-07-sel42-model42-step500__transfer_adapter_warmup_discriminative__lr0p003__f1__t42,finished,0.5309652090072632,0.7383244037628174,True,,464.0,False
transfer_adapter_warmup_discriminative,minipigs,sub-07,sub-07_ses-04_task-AcousStim_acq-LH_desc-raw,0.0015,500,pretrained,phase4d-transfer-lr-warmup__minipigs__sub-07_ses-04_task-AcousStim_acq-LH_desc-raw__fullpool-minipigs-sub-07-sel42-model42-step500__transfer_adapter_warmup_discriminative__lr0p0015__f1__t42,37532eb2,phase4d-transfer-lr-warmup__minipigs__sub-07_ses-04_task-AcousStim_acq-LH_desc-raw__fullpool-minipigs-sub-07-sel42-model42-step500__transfer_adapter_warmup_discriminative__lr0p0015__f1__t42,finished,0.5572060346603394,0.7659287452697754,True,,494.0,False
transfer_uniform,minipigs,sub-07,sub-07_ses-04_task-AcousStim_acq-RH_desc-raw,0.0003,0,pretrained,phase4d-transfer-lr-warmup__minipigs__sub-07_ses-04_task-AcousStim_acq-RH_desc-raw__fullpool-minipigs-sub-07-sel42-model42-step500__transfer_uniform__lr0p0003__f1__t42,56940d66,phase4d-transfer-lr-warmup__minipigs__sub-07_ses-04_task-AcousStim_acq-RH_desc-raw__fullpool-minipigs-sub-07-sel42-model42-step500__transfer_uniform__lr0p0003__f1__t42,finished,0.4903241991996765,0.7861587405204773,True,,1403.0,False
transfer_uniform,minipigs,sub-07,sub-07_ses-04_task-AcousStim_acq-RH_desc-raw,0.0015,0,pretrained,phase4d-transfer-lr-warmup__minipigs__sub-07_ses-04_task-AcousStim_acq-RH_desc-raw__fullpool-minipigs-sub-07-sel42-model42-step500__transfer_uniform__lr0p0015__f1__t42,7ed7bc64,phase4d-transfer-lr-warmup__minipigs__sub-07_ses-04_task-AcousStim_acq-RH_desc-raw__fullpool-minipigs-sub-07-sel42-model42-step500__transfer_uniform__lr0p0015__f1__t42,finished,0.523446798324585,0.7131063342094421,True,,611.0,False
transfer_discriminative,minipigs,sub-07,sub-07_ses-04_task-AcousStim_acq-RH_desc-raw,0.0003,0,pretrained,phase4d-transfer-lr-warmup__minipigs__sub-07_ses-04_task-AcousStim_acq-RH_desc-raw__fullpool-minipigs-sub-07-sel42-model42-step500__transfer_discriminative__lr0p0003__f1__t42,fbe49344,phase4d-transfer-lr-warmup__minipigs__sub-07_ses-04_task-AcousStim_acq-RH_desc-raw__fullpool-minipigs-sub-07-sel42-model42-step500__transfer_discriminative__lr0p0003__f1__t42,finished,0.5417144298553467,0.6345168948173523,True,,3311.0,False
transfer_discriminative,minipigs,sub-07,sub-07_ses-04_task-AcousStim_acq-RH_desc-raw,0.0015,0,pretrained,phase4d-transfer-lr-warmup__minipigs__sub-07_ses-04_task-AcousStim_acq-RH_desc-raw__fullpool-minipigs-sub-07-sel42-model42-step500__transfer_discriminative__lr0p0015__f1__t42,8d81443e,phase4d-transfer-lr-warmup__minipigs__sub-07_ses-04_task-AcousStim_acq-RH_desc-raw__fullpool-minipigs-sub-07-sel42-model42-step500__transfer_discriminative__lr0p0015__f1__t42,finished,0.6536382436752319,0.8362573385238647,True,,2807.0,False
transfer_uniform,minipigs,sub-07,sub-07_ses-04_task-AcousStim_acq-RH_desc-raw,0.003,0,pretrained,phase4d-transfer-lr-warmup__minipigs__sub-07_ses-04_task-AcousStim_acq-RH_desc-raw__fullpool-minipigs-sub-07-sel42-model42-step500__transfer_uniform__lr0p003__f1__t42,507bcee2,phase4d-transfer-lr-warmup__minipigs__sub-07_ses-04_task-AcousStim_acq-RH_desc-raw__fullpool-minipigs-sub-07-sel42-model42-step500__transfer_uniform__lr0p003__f1__t42,finished,0.5020887851715088,0.7668031454086304,True,,539.0,False
transfer_adapter_warmup_uniform,minipigs,sub-07,sub-07_ses-04_task-AcousStim_acq-RH_desc-raw,0.0003,500,pretrained,phase4d-transfer-lr-warmup__minipigs__sub-07_ses-04_task-AcousStim_acq-RH_desc-raw__fullpool-minipigs-sub-07-sel42-model42-step500__transfer_adapter_warmup_uniform__lr0p0003__f1__t42,20425906,phase4d-transfer-lr-warmup__minipigs__sub-07_ses-04_task-AcousStim_acq-RH_desc-raw__fullpool-minipigs-sub-07-sel42-model42-step500__transfer_adapter_warmup_uniform__lr0p0003__f1__t42,finished,0.4359211325645447,0.7696742415428162,True,,1583.0,False
transfer_adapter_warmup_uniform,minipigs,sub-07,sub-07_ses-04_task-AcousStim_acq-RH_desc-raw,0.003,500,pretrained,phase4d-transfer-lr-warmup__minipigs__sub-07_ses-04_task-AcousStim_acq-RH_desc-raw__fullpool-minipigs-sub-07-sel42-model42-step500__transfer_adapter_warmup_uniform__lr0p003__f1__t42,483a2f7f,phase4d-transfer-lr-warmup__minipigs__sub-07_ses-04_task-AcousStim_acq-RH_desc-raw__fullpool-minipigs-sub-07-sel42-model42-step500__transfer_adapter_warmup_uniform__lr0p003__f1__t42,finished,0.5800210237503052,0.630862295627594,True,,935.0,False
transfer_discriminative,minipigs,sub-07,sub-07_ses-04_task-AcousStim_acq-RH_desc-raw,0.003,0,pretrained,phase4d-transfer-lr-warmup__minipigs__sub-07_ses-04_task-AcousStim_acq-RH_desc-raw__fullpool-minipigs-sub-07-sel42-model42-step500__transfer_discriminative__lr0p003__f1__t42,376742e3,phase4d-transfer-lr-warmup__minipigs__sub-07_ses-04_task-AcousStim_acq-RH_desc-raw__fullpool-minipigs-sub-07-sel42-model42-step500__transfer_discriminative__lr0p003__f1__t42,finished,0.6385630965232849,0.8569688200950623,True,,3005.0,False
transfer_adapter_warmup_uniform,minipigs,sub-07,sub-07_ses-04_task-AcousStim_acq-RH_desc-raw,0.0015,500,pretrained,phase4d-transfer-lr-warmup__minipigs__sub-07_ses-04_task-AcousStim_acq-RH_desc-raw__fullpool-minipigs-sub-07-sel42-model42-step500__transfer_adapter_warmup_uniform__lr0p0015__f1__t42,82543d6e,phase4d-transfer-lr-warmup__minipigs__sub-07_ses-04_task-AcousStim_acq-RH_desc-raw__fullpool-minipigs-sub-07-sel42-model42-step500__transfer_adapter_warmup_uniform__lr0p0015__f1__t42,finished,0.594777524471283,0.7134891748428345,True,,1061.0,False
transfer_adapter_warmup_discriminative,minipigs,sub-07,sub-07_ses-04_task-AcousStim_acq-RH_desc-raw,0.0003,500,pretrained,phase4d-transfer-lr-warmup__minipigs__sub-07_ses-04_task-AcousStim_acq-RH_desc-raw__fullpool-minipigs-sub-07-sel42-model42-step500__transfer_adapter_warmup_discriminative__lr0p0003__f1__t42,bfed9f63,phase4d-transfer-lr-warmup__minipigs__sub-07_ses-04_task-AcousStim_acq-RH_desc-raw__fullpool-minipigs-sub-07-sel42-model42-step500__transfer_adapter_warmup_discriminative__lr0p0003__f1__t42,finished,0.5021777153015137,0.6261864304542542,True,,3221.0,False
transfer_uniform,minipigs,sub-07,sub-07_ses-05_task-AcousStim_acq-LH_desc-raw,0.0003,0,pretrained,phase4d-transfer-lr-warmup__minipigs__sub-07_ses-05_task-AcousStim_acq-LH_desc-raw__fullpool-minipigs-sub-07-sel42-model42-step500__transfer_uniform__lr0p0003__f1__t42,28f3ee48,phase4d-transfer-lr-warmup__minipigs__sub-07_ses-05_task-AcousStim_acq-LH_desc-raw__fullpool-minipigs-sub-07-sel42-model42-step500__transfer_uniform__lr0p0003__f1__t42,finished,0.48421984910964966,0.6154041290283203,True,,2749.0,False
transfer_adapter_warmup_discriminative,minipigs,sub-07,sub-07_ses-04_task-AcousStim_acq-RH_desc-raw,0.0015,500,pretrained,phase4d-transfer-lr-warmup__minipigs__sub-07_ses-04_task-AcousStim_acq-RH_desc-raw__fullpool-minipigs-sub-07-sel42-model42-step500__transfer_adapter_warmup_discriminative__lr0p0015__f1__t42,10d6bcf9,phase4d-transfer-lr-warmup__minipigs__sub-07_ses-04_task-AcousStim_acq-RH_desc-raw__fullpool-minipigs-sub-07-sel42-model42-step500__transfer_adapter_warmup_discriminative__lr0p0015__f1__t42,finished,0.6284023523330688,0.7790588140487671,True,,3383.0,True
transfer_uniform,minipigs,sub-07,sub-07_ses-05_task-AcousStim_acq-LH_desc-raw,0.0015,0,pretrained,phase4d-transfer-lr-warmup__minipigs__sub-07_ses-05_task-AcousStim_acq-LH_desc-raw__fullpool-minipigs-sub-07-sel42-model42-step500__transfer_uniform__lr0p0015__f1__t42,fcbabcf4,phase4d-transfer-lr-warmup__minipigs__sub-07_ses-05_task-AcousStim_acq-LH_desc-raw__fullpool-minipigs-sub-07-sel42-model42-step500__transfer_uniform__lr0p0015__f1__t42,finished,0.3905227482318878,0.44592881202697754,True,,724.0,False
transfer_adapter_warmup_discriminative,minipigs,sub-07,sub-07_ses-04_task-AcousStim_acq-RH_desc-raw,0.003,500,pretrained,phase4d-transfer-lr-warmup__minipigs__sub-07_ses-04_task-AcousStim_acq-RH_desc-raw__fullpool-minipigs-sub-07-sel42-model42-step500__transfer_adapter_warmup_discriminative__lr0p003__f1__t42,5253f012,phase4d-transfer-lr-warmup__minipigs__sub-07_ses-04_task-AcousStim_acq-RH_desc-raw__fullpool-minipigs-sub-07-sel42-model42-step500__transfer_adapter_warmup_discriminative__lr0p003__f1__t42,finished,0.5731101036071777,0.7676657438278198,True,,1529.0,False
transfer_discriminative,minipigs,sub-07,sub-07_ses-05_task-AcousStim_acq-LH_desc-raw,0.0003,0,pretrained,phase4d-transfer-lr-warmup__minipigs__sub-07_ses-05_task-AcousStim_acq-LH_desc-raw__fullpool-minipigs-sub-07-sel42-model42-step500__transfer_discriminative__lr0p0003__f1__t42,9bba3e97,phase4d-transfer-lr-warmup__minipigs__sub-07_ses-05_task-AcousStim_acq-LH_desc-raw__fullpool-minipigs-sub-07-sel42-model42-step500__transfer_discriminative__lr0p0003__f1__t42,finished,0.351449579000473,0.4663582444190979,True,,3524.0,False
transfer_uniform,minipigs,sub-07,sub-07_ses-05_task-AcousStim_acq-LH_desc-raw,0.003,0,pretrained,phase4d-transfer-lr-warmup__minipigs__sub-07_ses-05_task-AcousStim_acq-LH_desc-raw__fullpool-minipigs-sub-07-sel42-model42-step500__transfer_uniform__lr0p003__f1__t42,0d67f819,phase4d-transfer-lr-warmup__minipigs__sub-07_ses-05_task-AcousStim_acq-LH_desc-raw__fullpool-minipigs-sub-07-sel42-model42-step500__transfer_uniform__lr0p003__f1__t42,finished,0.3325563967227936,0.531187891960144,True,,1149.0,False
transfer_discriminative,minipigs,sub-07,sub-07_ses-05_task-AcousStim_acq-LH_desc-raw,0.003,0,pretrained,phase4d-transfer-lr-warmup__minipigs__sub-07_ses-05_task-AcousStim_acq-LH_desc-raw__fullpool-minipigs-sub-07-sel42-model42-step500__transfer_discriminative__lr0p003__f1__t42,965bc9a3,phase4d-transfer-lr-warmup__minipigs__sub-07_ses-05_task-AcousStim_acq-LH_desc-raw__fullpool-minipigs-sub-07-sel42-model42-step500__transfer_discriminative__lr0p003__f1__t42,finished,0.30020982027053833,0.5368770956993103,True,,2949.0,False
transfer_discriminative,minipigs,sub-07,sub-07_ses-05_task-AcousStim_acq-LH_desc-raw,0.0015,0,pretrained,phase4d-transfer-lr-warmup__minipigs__sub-07_ses-05_task-AcousStim_acq-LH_desc-raw__fullpool-minipigs-sub-07-sel42-model42-step500__transfer_discriminative__lr0p0015__f1__t42,85c18ca5,phase4d-transfer-lr-warmup__minipigs__sub-07_ses-05_task-AcousStim_acq-LH_desc-raw__fullpool-minipigs-sub-07-sel42-model42-step500__transfer_discriminative__lr0p0015__f1__t42,finished,0.4434341490268707,0.6430334448814392,True,,3024.0,False
transfer_adapter_warmup_uniform,minipigs,sub-07,sub-07_ses-05_task-AcousStim_acq-LH_desc-raw,0.0003,500,pretrained,phase4d-transfer-lr-warmup__minipigs__sub-07_ses-05_task-AcousStim_acq-LH_desc-raw__fullpool-minipigs-sub-07-sel42-model42-step500__transfer_adapter_warmup_uniform__lr0p0003__f1__t42,8675206f,phase4d-transfer-lr-warmup__minipigs__sub-07_ses-05_task-AcousStim_acq-LH_desc-raw__fullpool-minipigs-sub-07-sel42-model42-step500__transfer_adapter_warmup_uniform__lr0p0003__f1__t42,finished,0.4683497548103333,0.6417825222015381,True,,2299.0,False
transfer_adapter_warmup_uniform,minipigs,sub-07,sub-07_ses-05_task-AcousStim_acq-LH_desc-raw,0.0015,500,pretrained,phase4d-transfer-lr-warmup__minipigs__sub-07_ses-05_task-AcousStim_acq-LH_desc-raw__fullpool-minipigs-sub-07-sel42-model42-step500__transfer_adapter_warmup_uniform__lr0p0015__f1__t42,2e3c010d,phase4d-transfer-lr-warmup__minipigs__sub-07_ses-05_task-AcousStim_acq-LH_desc-raw__fullpool-minipigs-sub-07-sel42-model42-step500__transfer_adapter_warmup_uniform__lr0p0015__f1__t42,finished,0.34907233715057373,0.4963736534118652,True,,1849.0,False
transfer_adapter_warmup_discriminative,minipigs,sub-07,sub-07_ses-05_task-AcousStim_acq-LH_desc-raw,0.0003,500,pretrained,phase4d-transfer-lr-warmup__minipigs__sub-07_ses-05_task-AcousStim_acq-LH_desc-raw__fullpool-minipigs-sub-07-sel42-model42-step500__transfer_adapter_warmup_discriminative__lr0p0003__f1__t42,5ee505ad,phase4d-transfer-lr-warmup__minipigs__sub-07_ses-05_task-AcousStim_acq-LH_desc-raw__fullpool-minipigs-sub-07-sel42-model42-step500__transfer_adapter_warmup_discriminative__lr0p0003__f1__t42,finished,0.3758832812309265,0.40260249376297,True,,1574.0,False
transfer_adapter_warmup_uniform,minipigs,sub-07,sub-07_ses-05_task-AcousStim_acq-LH_desc-raw,0.003,500,pretrained,phase4d-transfer-lr-warmup__minipigs__sub-07_ses-05_task-AcousStim_acq-LH_desc-raw__fullpool-minipigs-sub-07-sel42-model42-step500__transfer_adapter_warmup_uniform__lr0p003__f1__t42,7030dfee,phase4d-transfer-lr-warmup__minipigs__sub-07_ses-05_task-AcousStim_acq-LH_desc-raw__fullpool-minipigs-sub-07-sel42-model42-step500__transfer_adapter_warmup_uniform__lr0p003__f1__t42,finished,0.38081109523773193,0.5227273106575012,True,,2349.0,True
transfer_adapter_warmup_discriminative,minipigs,sub-07,sub-07_ses-05_task-AcousStim_acq-LH_desc-raw,0.003,500,pretrained,phase4d-transfer-lr-warmup__minipigs__sub-07_ses-05_task-AcousStim_acq-LH_desc-raw__fullpool-minipigs-sub-07-sel42-model42-step500__transfer_adapter_warmup_discriminative__lr0p003__f1__t42,ca7c957d,phase4d-transfer-lr-warmup__minipigs__sub-07_ses-05_task-AcousStim_acq-LH_desc-raw__fullpool-minipigs-sub-07-sel42-model42-step500__transfer_adapter_warmup_discriminative__lr0p003__f1__t42,finished,0.34330838918685913,0.48942485451698303,True,,2049.0,False
transfer_adapter_warmup_discriminative,minipigs,sub-07,sub-07_ses-05_task-AcousStim_acq-LH_desc-raw,0.0015,500,pretrained,phase4d-transfer-lr-warmup__minipigs__sub-07_ses-05_task-AcousStim_acq-LH_desc-raw__fullpool-minipigs-sub-07-sel42-model42-step500__transfer_adapter_warmup_discriminative__lr0p0015__f1__t42,346d6d9a,phase4d-transfer-lr-warmup__minipigs__sub-07_ses-05_task-AcousStim_acq-LH_desc-raw__fullpool-minipigs-sub-07-sel42-model42-step500__transfer_adapter_warmup_discriminative__lr0p0015__f1__t42,finished,0.39693909883499146,0.5612072944641113,True,,3824.0,False
transfer_uniform,minipigs,sub-07,sub-07_ses-05_task-AcousStim_acq-RH_desc-raw,0.003,0,pretrained,phase4d-transfer-lr-warmup__minipigs__sub-07_ses-05_task-AcousStim_acq-RH_desc-raw__fullpool-minipigs-sub-07-sel42-model42-step500__transfer_uniform__lr0p003__f1__t42,f15400ef,phase4d-transfer-lr-warmup__minipigs__sub-07_ses-05_task-AcousStim_acq-RH_desc-raw__fullpool-minipigs-sub-07-sel42-model42-step500__transfer_uniform__lr0p003__f1__t42,finished,0.49062660336494446,0.6223575472831726,True,,1087.0,False
transfer_uniform,minipigs,sub-07,sub-07_ses-05_task-AcousStim_acq-RH_desc-raw,0.0015,0,pretrained,phase4d-transfer-lr-warmup__minipigs__sub-07_ses-05_task-AcousStim_acq-RH_desc-raw__fullpool-minipigs-sub-07-sel42-model42-step500__transfer_uniform__lr0p0015__f1__t42,139dd8ae,phase4d-transfer-lr-warmup__minipigs__sub-07_ses-05_task-AcousStim_acq-RH_desc-raw__fullpool-minipigs-sub-07-sel42-model42-step500__transfer_uniform__lr0p0015__f1__t42,finished,0.4378839433193207,0.591205358505249,True,,1663.0,False
transfer_uniform,minipigs,sub-07,sub-07_ses-05_task-AcousStim_acq-RH_desc-raw,0.0003,0,pretrained,phase4d-transfer-lr-warmup__minipigs__sub-07_ses-05_task-AcousStim_acq-RH_desc-raw__fullpool-minipigs-sub-07-sel42-model42-step500__transfer_uniform__lr0p0003__f1__t42,f6529cec,phase4d-transfer-lr-warmup__minipigs__sub-07_ses-05_task-AcousStim_acq-RH_desc-raw__fullpool-minipigs-sub-07-sel42-model42-step500__transfer_uniform__lr0p0003__f1__t42,finished,0.4980253577232361,0.6404367685317993,True,,1471.0,False
transfer_discriminative,minipigs,sub-07,sub-07_ses-05_task-AcousStim_acq-RH_desc-raw,0.0003,0,pretrained,phase4d-transfer-lr-warmup__minipigs__sub-07_ses-05_task-AcousStim_acq-RH_desc-raw__fullpool-minipigs-sub-07-sel42-model42-step500__transfer_discriminative__lr0p0003__f1__t42,deb41b1e,phase4d-transfer-lr-warmup__minipigs__sub-07_ses-05_task-AcousStim_acq-RH_desc-raw__fullpool-minipigs-sub-07-sel42-model42-step500__transfer_discriminative__lr0p0003__f1__t42,finished,0.48466619849205017,0.654903769493103,True,,3167.0,False
transfer_discriminative,minipigs,sub-07,sub-07_ses-05_task-AcousStim_acq-RH_desc-raw,0.003,0,pretrained,phase4d-transfer-lr-warmup__minipigs__sub-07_ses-05_task-AcousStim_acq-RH_desc-raw__fullpool-minipigs-sub-07-sel42-model42-step500__transfer_discriminative__lr0p003__f1__t42,7db7efcb,phase4d-transfer-lr-warmup__minipigs__sub-07_ses-05_task-AcousStim_acq-RH_desc-raw__fullpool-minipigs-sub-07-sel42-model42-step500__transfer_discriminative__lr0p003__f1__t42,finished,0.5777953863143921,0.7054755687713623,True,,2687.0,False
transfer_adapter_warmup_uniform,minipigs,sub-07,sub-07_ses-05_task-AcousStim_acq-RH_desc-raw,0.0003,500,pretrained,phase4d-transfer-lr-warmup__minipigs__sub-07_ses-05_task-AcousStim_acq-RH_desc-raw__fullpool-minipigs-sub-07-sel42-model42-step500__transfer_adapter_warmup_uniform__lr0p0003__f1__t42,485702f0,phase4d-transfer-lr-warmup__minipigs__sub-07_ses-05_task-AcousStim_acq-RH_desc-raw__fullpool-minipigs-sub-07-sel42-model42-step500__transfer_adapter_warmup_uniform__lr0p0003__f1__t42,finished,0.48415541648864746,0.6247634887695312,True,,1247.0,False
transfer_discriminative,minipigs,sub-07,sub-07_ses-05_task-AcousStim_acq-RH_desc-raw,0.0015,0,pretrained,phase4d-transfer-lr-warmup__minipigs__sub-07_ses-05_task-AcousStim_acq-RH_desc-raw__fullpool-minipigs-sub-07-sel42-model42-step500__transfer_discriminative__lr0p0015__f1__t42,151c9fcc,phase4d-transfer-lr-warmup__minipigs__sub-07_ses-05_task-AcousStim_acq-RH_desc-raw__fullpool-minipigs-sub-07-sel42-model42-step500__transfer_discriminative__lr0p0015__f1__t42,finished,0.8182584643363953,0.8828438520431519,True,,4127.0,False
transfer_adapter_warmup_uniform,minipigs,sub-07,sub-07_ses-05_task-AcousStim_acq-RH_desc-raw,0.003,500,pretrained,phase4d-transfer-lr-warmup__minipigs__sub-07_ses-05_task-AcousStim_acq-RH_desc-raw__fullpool-minipigs-sub-07-sel42-model42-step500__transfer_adapter_warmup_uniform__lr0p003__f1__t42,eff581a4,phase4d-transfer-lr-warmup__minipigs__sub-07_ses-05_task-AcousStim_acq-RH_desc-raw__fullpool-minipigs-sub-07-sel42-model42-step500__transfer_adapter_warmup_uniform__lr0p003__f1__t42,finished,0.449855238199234,0.5634996891021729,True,,895.0,False
transfer_adapter_warmup_uniform,minipigs,sub-07,sub-07_ses-05_task-AcousStim_acq-RH_desc-raw,0.0015,500,pretrained,phase4d-transfer-lr-warmup__minipigs__sub-07_ses-05_task-AcousStim_acq-RH_desc-raw__fullpool-minipigs-sub-07-sel42-model42-step500__transfer_adapter_warmup_uniform__lr0p0015__f1__t42,358ffbb5,phase4d-transfer-lr-warmup__minipigs__sub-07_ses-05_task-AcousStim_acq-RH_desc-raw__fullpool-minipigs-sub-07-sel42-model42-step500__transfer_adapter_warmup_uniform__lr0p0015__f1__t42,finished,0.4559048414230346,0.5919659733772278,True,,1343.0,False
transfer_adapter_warmup_discriminative,minipigs,sub-07,sub-07_ses-05_task-AcousStim_acq-RH_desc-raw,0.0003,500,pretrained,phase4d-transfer-lr-warmup__minipigs__sub-07_ses-05_task-AcousStim_acq-RH_desc-raw__fullpool-minipigs-sub-07-sel42-model42-step500__transfer_adapter_warmup_discriminative__lr0p0003__f1__t42,398c7459,phase4d-transfer-lr-warmup__minipigs__sub-07_ses-05_task-AcousStim_acq-RH_desc-raw__fullpool-minipigs-sub-07-sel42-model42-step500__transfer_adapter_warmup_discriminative__lr0p0003__f1__t42,finished,0.5367215871810913,0.6181552410125732,True,,4223.0,False
transfer_adapter_warmup_discriminative,minipigs,sub-07,sub-07_ses-05_task-AcousStim_acq-RH_desc-raw,0.0015,500,pretrained,phase4d-transfer-lr-warmup__minipigs__sub-07_ses-05_task-AcousStim_acq-RH_desc-raw__fullpool-minipigs-sub-07-sel42-model42-step500__transfer_adapter_warmup_discriminative__lr0p0015__f1__t42,eec1f7c2,phase4d-transfer-lr-warmup__minipigs__sub-07_ses-05_task-AcousStim_acq-RH_desc-raw__fullpool-minipigs-sub-07-sel42-model42-step500__transfer_adapter_warmup_discriminative__lr0p0015__f1__t42,finished,0.7735401391983032,0.775490939617157,True,,4383.0,False
transfer_adapter_warmup_discriminative,minipigs,sub-07,sub-07_ses-05_task-AcousStim_acq-RH_desc-raw,0.003,500,pretrained,phase4d-transfer-lr-warmup__minipigs__sub-07_ses-05_task-AcousStim_acq-RH_desc-raw__fullpool-minipigs-sub-07-sel42-model42-step500__transfer_adapter_warmup_discriminative__lr0p003__f1__t42,0d525e76,phase4d-transfer-lr-warmup__minipigs__sub-07_ses-05_task-AcousStim_acq-RH_desc-raw__fullpool-minipigs-sub-07-sel42-model42-step500__transfer_adapter_warmup_discriminative__lr0p003__f1__t42,finished,0.5787504315376282,0.6993995904922485,True,,2335.0,False
scratch_uniform,minipigs,sub-01,sub-01_ses-01_task-AcousStim_acq-LH_desc-raw,0.0003,0,scratch,phase4d-transfer-lr-warmup__minipigs__sub-01_ses-01_task-AcousStim_acq-LH_desc-raw__scratch_uniform__scratch_uniform__lr0p0003__f1__t42,03a53a36,phase4d-transfer-lr-warmup__minipigs__sub-01_ses-01_task-AcousStim_acq-LH_desc-raw__scratch_uniform__scratch_uniform__lr0p0003__f1__t42,finished,0.3883745670318603,0.5166422128677368,True,,923.0,False
scratch_uniform,minipigs,sub-01,sub-01_ses-01_task-AcousStim_acq-LH_desc-raw,0.003,0,scratch,phase4d-transfer-lr-warmup__minipigs__sub-01_ses-01_task-AcousStim_acq-LH_desc-raw__scratch_uniform__scratch_uniform__lr0p003__f1__t42,1e808a4c,phase4d-transfer-lr-warmup__minipigs__sub-01_ses-01_task-AcousStim_acq-LH_desc-raw__scratch_uniform__scratch_uniform__lr0p003__f1__t42,finished,0.4185260236263275,0.5073019862174988,True,,923.0,False
scratch_adapter_warmup,minipigs,sub-01,sub-01_ses-01_task-AcousStim_acq-LH_desc-raw,0.0003,500,scratch,phase4d-transfer-lr-warmup__minipigs__sub-01_ses-01_task-AcousStim_acq-LH_desc-raw__scratch_adapter_warmup__scratch_adapter_warmup__lr0p0003__f1__t42,53c9028f,phase4d-transfer-lr-warmup__minipigs__sub-01_ses-01_task-AcousStim_acq-LH_desc-raw__scratch_adapter_warmup__scratch_adapter_warmup__lr0p0003__f1__t42,finished,0.44789668917655945,0.5018671154975891,True,,923.0,False
scratch_adapter_warmup,minipigs,sub-01,sub-01_ses-01_task-AcousStim_acq-LH_desc-raw,0.0015,500,scratch,phase4d-transfer-lr-warmup__minipigs__sub-01_ses-01_task-AcousStim_acq-LH_desc-raw__scratch_adapter_warmup__scratch_adapter_warmup__lr0p0015__f1__t42,da472d04,phase4d-transfer-lr-warmup__minipigs__sub-01_ses-01_task-AcousStim_acq-LH_desc-raw__scratch_adapter_warmup__scratch_adapter_warmup__lr0p0015__f1__t42,finished,0.3736717104911804,0.5275793075561523,True,,659.0,False
scratch_uniform,minipigs,sub-01,sub-01_ses-02_task-AcousStim_acq-LH_desc-raw,0.0015,0,scratch,phase4d-transfer-lr-warmup__minipigs__sub-01_ses-02_task-AcousStim_acq-LH_desc-raw__scratch_uniform__scratch_uniform__lr0p0015__f1__t42,5d01ef5f,phase4d-transfer-lr-warmup__minipigs__sub-01_ses-02_task-AcousStim_acq-LH_desc-raw__scratch_uniform__scratch_uniform__lr0p0015__f1__t42,finished,0.4542235136032105,0.5949130058288574,True,,2377.0,False
scratch_uniform,minipigs,sub-01,sub-01_ses-01_task-AcousStim_acq-LH_desc-raw,0.0015,0,scratch,phase4d-transfer-lr-warmup__minipigs__sub-01_ses-01_task-AcousStim_acq-LH_desc-raw__scratch_uniform__scratch_uniform__lr0p0015__f1__t42,077b67b5,phase4d-transfer-lr-warmup__minipigs__sub-01_ses-01_task-AcousStim_acq-LH_desc-raw__scratch_uniform__scratch_uniform__lr0p0015__f1__t42,finished,0.4027804136276245,0.5373400449752808,True,,1055.0,False
scratch_uniform,minipigs,sub-01,sub-01_ses-02_task-AcousStim_acq-LH_desc-raw,0.0003,0,scratch,phase4d-transfer-lr-warmup__minipigs__sub-01_ses-02_task-AcousStim_acq-LH_desc-raw__scratch_uniform__scratch_uniform__lr0p0003__f1__t42,2fd83c08,phase4d-transfer-lr-warmup__minipigs__sub-01_ses-02_task-AcousStim_acq-LH_desc-raw__scratch_uniform__scratch_uniform__lr0p0003__f1__t42,finished,0.4743682146072388,0.4803300201892853,True,,5329.0,False
scratch_adapter_warmup,minipigs,sub-01,sub-01_ses-01_task-AcousStim_acq-LH_desc-raw,0.003,500,scratch,phase4d-transfer-lr-warmup__minipigs__sub-01_ses-01_task-AcousStim_acq-LH_desc-raw__scratch_adapter_warmup__scratch_adapter_warmup__lr0p003__f1__t42,bc0815b1,phase4d-transfer-lr-warmup__minipigs__sub-01_ses-01_task-AcousStim_acq-LH_desc-raw__scratch_adapter_warmup__scratch_adapter_warmup__lr0p003__f1__t42,finished,0.3510509431362152,0.4769240617752075,True,,1055.0,False
scratch_uniform,minipigs,sub-01,sub-01_ses-02_task-AcousStim_acq-LH_desc-raw,0.003,0,scratch,phase4d-transfer-lr-warmup__minipigs__sub-01_ses-02_task-AcousStim_acq-LH_desc-raw__scratch_uniform__scratch_uniform__lr0p003__f1__t42,b6af9143,phase4d-transfer-lr-warmup__minipigs__sub-01_ses-02_task-AcousStim_acq-LH_desc-raw__scratch_uniform__scratch_uniform__lr0p003__f1__t42,finished,0.3651335537433624,0.5977451801300049,True,,3443.0,False
scratch_adapter_warmup,minipigs,sub-01,sub-01_ses-02_task-AcousStim_acq-LH_desc-raw,0.0015,500,scratch,phase4d-transfer-lr-warmup__minipigs__sub-01_ses-02_task-AcousStim_acq-LH_desc-raw__scratch_adapter_warmup__scratch_adapter_warmup__lr0p0015__f1__t42,63924f70,phase4d-transfer-lr-warmup__minipigs__sub-01_ses-02_task-AcousStim_acq-LH_desc-raw__scratch_adapter_warmup__scratch_adapter_warmup__lr0p0015__f1__t42,finished,0.48092958331108093,0.5989185571670532,True,,2377.0,False
scratch_adapter_warmup,minipigs,sub-01,sub-01_ses-02_task-AcousStim_acq-LH_desc-raw,0.0003,500,scratch,phase4d-transfer-lr-warmup__minipigs__sub-01_ses-02_task-AcousStim_acq-LH_desc-raw__scratch_adapter_warmup__scratch_adapter_warmup__lr0p0003__f1__t42,f2f4d03a,phase4d-transfer-lr-warmup__minipigs__sub-01_ses-02_task-AcousStim_acq-LH_desc-raw__scratch_adapter_warmup__scratch_adapter_warmup__lr0p0003__f1__t42,finished,0.4415629208087921,0.547301173210144,True,,5165.0,False
scratch_adapter_warmup,minipigs,sub-01,sub-01_ses-02_task-AcousStim_acq-LH_desc-raw,0.003,500,scratch,phase4d-transfer-lr-warmup__minipigs__sub-01_ses-02_task-AcousStim_acq-LH_desc-raw__scratch_adapter_warmup__scratch_adapter_warmup__lr0p003__f1__t42,7895c939,phase4d-transfer-lr-warmup__minipigs__sub-01_ses-02_task-AcousStim_acq-LH_desc-raw__scratch_adapter_warmup__scratch_adapter_warmup__lr0p003__f1__t42,finished,0.39058464765548706,0.6174484491348267,True,,1393.0,False
scratch_adapter_warmup,minipigs,sub-02,sub-02_ses-01_task-AcousStim_acq-LH_desc-raw,0.003,500,scratch,phase4d-transfer-lr-warmup__minipigs__sub-02_ses-01_task-AcousStim_acq-LH_desc-raw__scratch_adapter_warmup__scratch_adapter_warmup__lr0p003__f1__t42,7e5f3e02,phase4d-transfer-lr-warmup__minipigs__sub-02_ses-01_task-AcousStim_acq-LH_desc-raw__scratch_adapter_warmup__scratch_adapter_warmup__lr0p003__f1__t42,finished,0.3698723018169403,0.4930320978164673,True,,1057.0,False
scratch_uniform,minipigs,sub-02,sub-02_ses-01_task-AcousStim_acq-RH_desc-raw,0.003,0,scratch,phase4d-transfer-lr-warmup__minipigs__sub-02_ses-01_task-AcousStim_acq-RH_desc-raw__scratch_uniform__scratch_uniform__lr0p003__f1__t42,53981166,phase4d-transfer-lr-warmup__minipigs__sub-02_ses-01_task-AcousStim_acq-RH_desc-raw__scratch_uniform__scratch_uniform__lr0p003__f1__t42,finished,0.4191274046897888,0.4648430347442627,True,,923.0,False
scratch_adapter_warmup,minipigs,sub-02,sub-02_ses-01_task-AcousStim_acq-LH_desc-raw,0.0003,500,scratch,phase4d-transfer-lr-warmup__minipigs__sub-02_ses-01_task-AcousStim_acq-LH_desc-raw__scratch_adapter_warmup__scratch_adapter_warmup__lr0p0003__f1__t42,bc00d407,phase4d-transfer-lr-warmup__minipigs__sub-02_ses-01_task-AcousStim_acq-LH_desc-raw__scratch_adapter_warmup__scratch_adapter_warmup__lr0p0003__f1__t42,finished,0.401868999004364,0.5227305293083191,True,,1839.0,False
scratch_uniform,minipigs,sub-02,sub-02_ses-01_task-AcousStim_acq-LH_desc-raw,0.0003,0,scratch,phase4d-transfer-lr-warmup__minipigs__sub-02_ses-01_task-AcousStim_acq-LH_desc-raw__scratch_uniform__scratch_uniform__lr0p0003__f1__t42,f7cde5f7,phase4d-transfer-lr-warmup__minipigs__sub-02_ses-01_task-AcousStim_acq-LH_desc-raw__scratch_uniform__scratch_uniform__lr0p0003__f1__t42,finished,0.4236885011196137,0.48549383878707886,True,,2483.0,False
scratch_uniform,minipigs,sub-02,sub-02_ses-01_task-AcousStim_acq-LH_desc-raw,0.003,0,scratch,phase4d-transfer-lr-warmup__minipigs__sub-02_ses-01_task-AcousStim_acq-LH_desc-raw__scratch_uniform__scratch_uniform__lr0p003__f1__t42,0c1a245e,phase4d-transfer-lr-warmup__minipigs__sub-02_ses-01_task-AcousStim_acq-LH_desc-raw__scratch_uniform__scratch_uniform__lr0p003__f1__t42,finished,0.43899568915367126,0.4800974726676941,True,,2253.0,False
scratch_uniform,minipigs,sub-02,sub-02_ses-01_task-AcousStim_acq-LH_desc-raw,0.0015,0,scratch,phase4d-transfer-lr-warmup__minipigs__sub-02_ses-01_task-AcousStim_acq-LH_desc-raw__scratch_uniform__scratch_uniform__lr0p0015__f1__t42,bef9d66b,phase4d-transfer-lr-warmup__minipigs__sub-02_ses-01_task-AcousStim_acq-LH_desc-raw__scratch_uniform__scratch_uniform__lr0p0015__f1__t42,finished,0.4207722842693329,0.5574815273284912,True,,1977.0,False
scratch_uniform,minipigs,sub-02,sub-02_ses-01_task-AcousStim_acq-RH_desc-raw,0.0015,0,scratch,phase4d-transfer-lr-warmup__minipigs__sub-02_ses-01_task-AcousStim_acq-RH_desc-raw__scratch_uniform__scratch_uniform__lr0p0015__f1__t42,e4ea5b94,phase4d-transfer-lr-warmup__minipigs__sub-02_ses-01_task-AcousStim_acq-RH_desc-raw__scratch_uniform__scratch_uniform__lr0p0015__f1__t42,finished,0.4287039637565613,0.4932977557182312,True,,747.0,False
scratch_uniform,minipigs,sub-02,sub-02_ses-01_task-AcousStim_acq-RH_desc-raw,0.0003,0,scratch,phase4d-transfer-lr-warmup__minipigs__sub-02_ses-01_task-AcousStim_acq-RH_desc-raw__scratch_uniform__scratch_uniform__lr0p0003__f1__t42,125950b0,phase4d-transfer-lr-warmup__minipigs__sub-02_ses-01_task-AcousStim_acq-RH_desc-raw__scratch_uniform__scratch_uniform__lr0p0003__f1__t42,finished,0.3958975076675415,0.4746963381767273,True,,1759.0,False
scratch_adapter_warmup,minipigs,sub-02,sub-02_ses-01_task-AcousStim_acq-RH_desc-raw,0.0003,500,scratch,phase4d-transfer-lr-warmup__minipigs__sub-02_ses-01_task-AcousStim_acq-RH_desc-raw__scratch_adapter_warmup__scratch_adapter_warmup__lr0p0003__f1__t42,f5a1e995,phase4d-transfer-lr-warmup__minipigs__sub-02_ses-01_task-AcousStim_acq-RH_desc-raw__scratch_adapter_warmup__scratch_adapter_warmup__lr0p0003__f1__t42,finished,0.412975549697876,0.45422524213790894,True,,1803.0,False
scratch_adapter_warmup,minipigs,sub-02,sub-02_ses-01_task-AcousStim_acq-RH_desc-raw,0.0015,500,scratch,phase4d-transfer-lr-warmup__minipigs__sub-02_ses-01_task-AcousStim_acq-RH_desc-raw__scratch_adapter_warmup__scratch_adapter_warmup__lr0p0015__f1__t42,73324728,phase4d-transfer-lr-warmup__minipigs__sub-02_ses-01_task-AcousStim_acq-RH_desc-raw__scratch_adapter_warmup__scratch_adapter_warmup__lr0p0015__f1__t42,finished,0.41310223937034607,0.48321032524108887,True,,1627.0,False
scratch_adapter_warmup,minipigs,sub-02,sub-02_ses-01_task-AcousStim_acq-LH_desc-raw,0.0015,500,scratch,phase4d-transfer-lr-warmup__minipigs__sub-02_ses-01_task-AcousStim_acq-LH_desc-raw__scratch_adapter_warmup__scratch_adapter_warmup__lr0p0015__f1__t42,ac0394eb,phase4d-transfer-lr-warmup__minipigs__sub-02_ses-01_task-AcousStim_acq-LH_desc-raw__scratch_adapter_warmup__scratch_adapter_warmup__lr0p0015__f1__t42,finished,0.3949511647224426,0.49085554480552673,True,,2207.0,False
scratch_adapter_warmup,minipigs,sub-02,sub-02_ses-01_task-AcousStim_acq-RH_desc-raw,0.003,500,scratch,phase4d-transfer-lr-warmup__minipigs__sub-02_ses-01_task-AcousStim_acq-RH_desc-raw__scratch_adapter_warmup__scratch_adapter_warmup__lr0p003__f1__t42,2dc6ec26,phase4d-transfer-lr-warmup__minipigs__sub-02_ses-01_task-AcousStim_acq-RH_desc-raw__scratch_adapter_warmup__scratch_adapter_warmup__lr0p003__f1__t42,finished,0.40942999720573425,0.4383583664894104,True,,1847.0,False
scratch_adapter_warmup,minipigs,sub-02,sub-02_ses-02_task-AcousStim_acq-LH_desc-raw,0.0003,500,scratch,phase4d-transfer-lr-warmup__minipigs__sub-02_ses-02_task-AcousStim_acq-LH_desc-raw__scratch_adapter_warmup__scratch_adapter_warmup__lr0p0003__f1__t42,d2a4e01e,phase4d-transfer-lr-warmup__minipigs__sub-02_ses-02_task-AcousStim_acq-LH_desc-raw__scratch_adapter_warmup__scratch_adapter_warmup__lr0p0003__f1__t42,finished,0.40965980291366577,0.5124000310897827,True,,3952.0,False
scratch_uniform,minipigs,sub-02,sub-02_ses-02_task-AcousStim_acq-LH_desc-raw,0.003,0,scratch,phase4d-transfer-lr-warmup__minipigs__sub-02_ses-02_task-AcousStim_acq-LH_desc-raw__scratch_uniform__scratch_uniform__lr0p003__f1__t42,55257438,phase4d-transfer-lr-warmup__minipigs__sub-02_ses-02_task-AcousStim_acq-LH_desc-raw__scratch_uniform__scratch_uniform__lr0p003__f1__t42,finished,0.394493043422699,0.5107967853546143,True,,2612.0,False
scratch_adapter_warmup,minipigs,sub-02,sub-02_ses-02_task-AcousStim_acq-LH_desc-raw,0.003,500,scratch,phase4d-transfer-lr-warmup__minipigs__sub-02_ses-02_task-AcousStim_acq-LH_desc-raw__scratch_adapter_warmup__scratch_adapter_warmup__lr0p003__f1__t42,9348386e,phase4d-transfer-lr-warmup__minipigs__sub-02_ses-02_task-AcousStim_acq-LH_desc-raw__scratch_adapter_warmup__scratch_adapter_warmup__lr0p003__f1__t42,finished,0.3778344392776489,0.47222110629081726,True,,3483.0,False
scratch_adapter_warmup,minipigs,sub-02,sub-02_ses-02_task-AcousStim_acq-LH_desc-raw,0.0015,500,scratch,phase4d-transfer-lr-warmup__minipigs__sub-02_ses-02_task-AcousStim_acq-LH_desc-raw__scratch_adapter_warmup__scratch_adapter_warmup__lr0p0015__f1__t42,c6f7bb09,phase4d-transfer-lr-warmup__minipigs__sub-02_ses-02_task-AcousStim_acq-LH_desc-raw__scratch_adapter_warmup__scratch_adapter_warmup__lr0p0015__f1__t42,finished,0.4267024993896485,0.5125209093093872,True,,1942.0,False
scratch_uniform,minipigs,sub-02,sub-02_ses-02_task-AcousStim_acq-RH_desc-raw,0.0003,0,scratch,phase4d-transfer-lr-warmup__minipigs__sub-02_ses-02_task-AcousStim_acq-RH_desc-raw__scratch_uniform__scratch_uniform__lr0p0003__f1__t42,28ebe3c9,phase4d-transfer-lr-warmup__minipigs__sub-02_ses-02_task-AcousStim_acq-RH_desc-raw__scratch_uniform__scratch_uniform__lr0p0003__f1__t42,finished,0.4029288291931152,0.4975956678390503,True,,6431.0,False
scratch_uniform,minipigs,sub-02,sub-02_ses-02_task-AcousStim_acq-LH_desc-raw,0.0015,0,scratch,phase4d-transfer-lr-warmup__minipigs__sub-02_ses-02_task-AcousStim_acq-LH_desc-raw__scratch_uniform__scratch_uniform__lr0p0015__f1__t42,7acd6144,phase4d-transfer-lr-warmup__minipigs__sub-02_ses-02_task-AcousStim_acq-LH_desc-raw__scratch_uniform__scratch_uniform__lr0p0015__f1__t42,finished,0.3848331272602082,0.5040184855461121,True,,2612.0,False
scratch_uniform,minipigs,sub-02,sub-02_ses-02_task-AcousStim_acq-RH_desc-raw,0.003,0,scratch,phase4d-transfer-lr-warmup__minipigs__sub-02_ses-02_task-AcousStim_acq-RH_desc-raw__scratch_uniform__scratch_uniform__lr0p003__f1__t42,fb5a4dab,phase4d-transfer-lr-warmup__minipigs__sub-02_ses-02_task-AcousStim_acq-RH_desc-raw__scratch_uniform__scratch_uniform__lr0p003__f1__t42,finished,0.36458486318588257,0.4394112825393677,True,,1406.0,False
scratch_adapter_warmup,minipigs,sub-02,sub-02_ses-02_task-AcousStim_acq-RH_desc-raw,0.0003,500,scratch,phase4d-transfer-lr-warmup__minipigs__sub-02_ses-02_task-AcousStim_acq-RH_desc-raw__scratch_adapter_warmup__scratch_adapter_warmup__lr0p0003__f1__t42,f8de3367,phase4d-transfer-lr-warmup__minipigs__sub-02_ses-02_task-AcousStim_acq-RH_desc-raw__scratch_adapter_warmup__scratch_adapter_warmup__lr0p0003__f1__t42,finished,0.37594085931777954,0.48857051134109497,True,,3885.0,False
scratch_uniform,minipigs,sub-02,sub-02_ses-02_task-AcousStim_acq-LH_desc-raw,0.0003,0,scratch,phase4d-transfer-lr-warmup__minipigs__sub-02_ses-02_task-AcousStim_acq-LH_desc-raw__scratch_uniform__scratch_uniform__lr0p0003__f1__t42,9da3c3e1,phase4d-transfer-lr-warmup__minipigs__sub-02_ses-02_task-AcousStim_acq-LH_desc-raw__scratch_uniform__scratch_uniform__lr0p0003__f1__t42,finished,0.3621017336845398,0.5347813367843628,True,,3885.0,False
scratch_adapter_warmup,minipigs,sub-02,sub-02_ses-02_task-AcousStim_acq-RH_desc-raw,0.0015,500,scratch,phase4d-transfer-lr-warmup__minipigs__sub-02_ses-02_task-AcousStim_acq-RH_desc-raw__scratch_adapter_warmup__scratch_adapter_warmup__lr0p0015__f1__t42,c00e235e,phase4d-transfer-lr-warmup__minipigs__sub-02_ses-02_task-AcousStim_acq-RH_desc-raw__scratch_adapter_warmup__scratch_adapter_warmup__lr0p0015__f1__t42,finished,0.38160163164138794,0.45649105310440063,True,,4622.0,False
scratch_adapter_warmup,minipigs,sub-02,sub-02_ses-02_task-AcousStim_acq-RH_desc-raw,0.003,500,scratch,phase4d-transfer-lr-warmup__minipigs__sub-02_ses-02_task-AcousStim_acq-RH_desc-raw__scratch_adapter_warmup__scratch_adapter_warmup__lr0p003__f1__t42,2691152c,phase4d-transfer-lr-warmup__minipigs__sub-02_ses-02_task-AcousStim_acq-RH_desc-raw__scratch_adapter_warmup__scratch_adapter_warmup__lr0p003__f1__t42,finished,0.35548681020736694,0.4438649117946625,True,,2478.0,False
scratch_uniform,minipigs,sub-03,sub-03_ses-01_task-AcousStim_acq-LH_desc-raw,0.003,0,scratch,phase4d-transfer-lr-warmup__minipigs__sub-03_ses-01_task-AcousStim_acq-LH_desc-raw__scratch_uniform__scratch_uniform__lr0p003__f1__t42,d34fe2c9,phase4d-transfer-lr-warmup__minipigs__sub-03_ses-01_task-AcousStim_acq-LH_desc-raw__scratch_uniform__scratch_uniform__lr0p003__f1__t42,finished,0.5397437214851379,0.7031956315040588,True,,1471.0,False
scratch_uniform,minipigs,sub-03,sub-03_ses-01_task-AcousStim_acq-LH_desc-raw,0.0003,0,scratch,phase4d-transfer-lr-warmup__minipigs__sub-03_ses-01_task-AcousStim_acq-LH_desc-raw__scratch_uniform__scratch_uniform__lr0p0003__f1__t42,d15f6a8d,phase4d-transfer-lr-warmup__minipigs__sub-03_ses-01_task-AcousStim_acq-LH_desc-raw__scratch_uniform__scratch_uniform__lr0p0003__f1__t42,finished,0.473880797624588,0.6595785021781921,True,,1663.0,False
scratch_uniform,minipigs,sub-02,sub-02_ses-02_task-AcousStim_acq-RH_desc-raw,0.0015,0,scratch,phase4d-transfer-lr-warmup__minipigs__sub-02_ses-02_task-AcousStim_acq-RH_desc-raw__scratch_uniform__scratch_uniform__lr0p0015__f1__t42,3363fd66,phase4d-transfer-lr-warmup__minipigs__sub-02_ses-02_task-AcousStim_acq-RH_desc-raw__scratch_uniform__scratch_uniform__lr0p0015__f1__t42,finished,0.3553590178489685,0.42909324169158936,True,,3684.0,False
scratch_uniform,minipigs,sub-03,sub-03_ses-01_task-AcousStim_acq-LH_desc-raw,0.0015,0,scratch,phase4d-transfer-lr-warmup__minipigs__sub-03_ses-01_task-AcousStim_acq-LH_desc-raw__scratch_uniform__scratch_uniform__lr0p0015__f1__t42,fb014e89,phase4d-transfer-lr-warmup__minipigs__sub-03_ses-01_task-AcousStim_acq-LH_desc-raw__scratch_uniform__scratch_uniform__lr0p0015__f1__t42,finished,0.5627698302268982,0.7280911207199097,True,,1855.0,False
scratch_adapter_warmup,minipigs,sub-03,sub-03_ses-01_task-AcousStim_acq-LH_desc-raw,0.0003,500,scratch,phase4d-transfer-lr-warmup__minipigs__sub-03_ses-01_task-AcousStim_acq-LH_desc-raw__scratch_adapter_warmup__scratch_adapter_warmup__lr0p0003__f1__t42,a69ec81d,phase4d-transfer-lr-warmup__minipigs__sub-03_ses-01_task-AcousStim_acq-LH_desc-raw__scratch_adapter_warmup__scratch_adapter_warmup__lr0p0003__f1__t42,finished,0.5191725492477417,0.7073251605033875,True,,3007.0,False
scratch_adapter_warmup,minipigs,sub-03,sub-03_ses-01_task-AcousStim_acq-LH_desc-raw,0.0015,500,scratch,phase4d-transfer-lr-warmup__minipigs__sub-03_ses-01_task-AcousStim_acq-LH_desc-raw__scratch_adapter_warmup__scratch_adapter_warmup__lr0p0015__f1__t42,2af2914c,phase4d-transfer-lr-warmup__minipigs__sub-03_ses-01_task-AcousStim_acq-LH_desc-raw__scratch_adapter_warmup__scratch_adapter_warmup__lr0p0015__f1__t42,finished,0.5704281330108643,0.7112037539482117,True,,2303.0,False
scratch_uniform,minipigs,sub-03,sub-03_ses-01_task-AcousStim_acq-RH_desc-raw,0.003,0,scratch,phase4d-transfer-lr-warmup__minipigs__sub-03_ses-01_task-AcousStim_acq-RH_desc-raw__scratch_uniform__scratch_uniform__lr0p003__f1__t42,5b2910a6,phase4d-transfer-lr-warmup__minipigs__sub-03_ses-01_task-AcousStim_acq-RH_desc-raw__scratch_uniform__scratch_uniform__lr0p003__f1__t42,finished,0.5607308149337769,0.6719731092453003,True,,867.0,False
scratch_adapter_warmup,minipigs,sub-03,sub-03_ses-01_task-AcousStim_acq-RH_desc-raw,0.0003,500,scratch,phase4d-transfer-lr-warmup__minipigs__sub-03_ses-01_task-AcousStim_acq-RH_desc-raw__scratch_adapter_warmup__scratch_adapter_warmup__lr0p0003__f1__t42,a68e54de,phase4d-transfer-lr-warmup__minipigs__sub-03_ses-01_task-AcousStim_acq-RH_desc-raw__scratch_adapter_warmup__scratch_adapter_warmup__lr0p0003__f1__t42,finished,0.5175138711929321,0.6661160588264465,True,,1983.0,False
scratch_adapter_warmup,minipigs,sub-03,sub-03_ses-01_task-AcousStim_acq-LH_desc-raw,0.003,500,scratch,phase4d-transfer-lr-warmup__minipigs__sub-03_ses-01_task-AcousStim_acq-LH_desc-raw__scratch_adapter_warmup__scratch_adapter_warmup__lr0p003__f1__t42,789902fb,phase4d-transfer-lr-warmup__minipigs__sub-03_ses-01_task-AcousStim_acq-LH_desc-raw__scratch_adapter_warmup__scratch_adapter_warmup__lr0p003__f1__t42,finished,0.5541872978210449,0.6949084401130676,True,,1343.0,False
scratch_adapter_warmup,minipigs,sub-03,sub-03_ses-01_task-AcousStim_acq-RH_desc-raw,0.003,500,scratch,phase4d-transfer-lr-warmup__minipigs__sub-03_ses-01_task-AcousStim_acq-RH_desc-raw__scratch_adapter_warmup__scratch_adapter_warmup__lr0p003__f1__t42,a89c4b57,phase4d-transfer-lr-warmup__minipigs__sub-03_ses-01_task-AcousStim_acq-RH_desc-raw__scratch_adapter_warmup__scratch_adapter_warmup__lr0p003__f1__t42,finished,0.5308507680892944,0.6823932528495789,True,,1735.0,False
scratch_uniform,minipigs,sub-03,sub-03_ses-01_task-AcousStim_acq-RH_desc-raw,0.0015,0,scratch,phase4d-transfer-lr-warmup__minipigs__sub-03_ses-01_task-AcousStim_acq-RH_desc-raw__scratch_uniform__scratch_uniform__lr0p0015__f1__t42,05118f8e,phase4d-transfer-lr-warmup__minipigs__sub-03_ses-01_task-AcousStim_acq-RH_desc-raw__scratch_uniform__scratch_uniform__lr0p0015__f1__t42,finished,0.520224928855896,0.6764358878135681,True,,1177.0,False
scratch_adapter_warmup,minipigs,sub-03,sub-03_ses-01_task-AcousStim_acq-RH_desc-raw,0.0015,500,scratch,phase4d-transfer-lr-warmup__minipigs__sub-03_ses-01_task-AcousStim_acq-RH_desc-raw__scratch_adapter_warmup__scratch_adapter_warmup__lr0p0015__f1__t42,2034f1d9,phase4d-transfer-lr-warmup__minipigs__sub-03_ses-01_task-AcousStim_acq-RH_desc-raw__scratch_adapter_warmup__scratch_adapter_warmup__lr0p0015__f1__t42,finished,0.597355306148529,0.7055186033248901,True,,1487.0,False
scratch_uniform,minipigs,sub-03,sub-03_ses-03_task-AcousStim_acq-LHanest_desc-raw,0.0003,0,scratch,phase4d-transfer-lr-warmup__minipigs__sub-03_ses-03_task-AcousStim_acq-LHanest_desc-raw__scratch_uniform__scratch_uniform__lr0p0003__f1__t42,c3975913,phase4d-transfer-lr-warmup__minipigs__sub-03_ses-03_task-AcousStim_acq-LHanest_desc-raw__scratch_uniform__scratch_uniform__lr0p0003__f1__t42,finished,0.6968168020248413,0.7725304365158081,True,,7728.0,False
scratch_uniform,minipigs,sub-03,sub-03_ses-01_task-AcousStim_acq-RH_desc-raw,0.0003,0,scratch,phase4d-transfer-lr-warmup__minipigs__sub-03_ses-01_task-AcousStim_acq-RH_desc-raw__scratch_uniform__scratch_uniform__lr0p0003__f1__t42,14545c66,phase4d-transfer-lr-warmup__minipigs__sub-03_ses-01_task-AcousStim_acq-RH_desc-raw__scratch_uniform__scratch_uniform__lr0p0003__f1__t42,finished,0.5263455510139465,0.6738775968551636,True,,1797.0,False
scratch_uniform,minipigs,sub-03,sub-03_ses-03_task-AcousStim_acq-LHanest_desc-raw,0.0015,0,scratch,phase4d-transfer-lr-warmup__minipigs__sub-03_ses-03_task-AcousStim_acq-LHanest_desc-raw__scratch_uniform__scratch_uniform__lr0p0015__f1__t42,3dac4a27,phase4d-transfer-lr-warmup__minipigs__sub-03_ses-03_task-AcousStim_acq-LHanest_desc-raw__scratch_uniform__scratch_uniform__lr0p0015__f1__t42,finished,0.7321134805679321,0.8178830742835999,True,,4322.0,False
scratch_adapter_warmup,minipigs,sub-03,sub-03_ses-03_task-AcousStim_acq-LHanest_desc-raw,0.0015,500,scratch,phase4d-transfer-lr-warmup__minipigs__sub-03_ses-03_task-AcousStim_acq-LHanest_desc-raw__scratch_adapter_warmup__scratch_adapter_warmup__lr0p0015__f1__t42,956edb87,phase4d-transfer-lr-warmup__minipigs__sub-03_ses-03_task-AcousStim_acq-LHanest_desc-raw__scratch_adapter_warmup__scratch_adapter_warmup__lr0p0015__f1__t42,finished,0.7420918345451355,0.8036390542984009,True,,4060.0,False
scratch_uniform,minipigs,sub-03,sub-03_ses-03_task-AcousStim_acq-RHanest_desc-raw,0.0003,0,scratch,phase4d-transfer-lr-warmup__minipigs__sub-03_ses-03_task-AcousStim_acq-RHanest_desc-raw__scratch_uniform__scratch_uniform__lr0p0003__f1__t42,86585a5e,phase4d-transfer-lr-warmup__minipigs__sub-03_ses-03_task-AcousStim_acq-RHanest_desc-raw__scratch_uniform__scratch_uniform__lr0p0003__f1__t42,finished,0.6543160676956177,0.7206709980964661,True,,6156.0,False
scratch_uniform,minipigs,sub-03,sub-03_ses-03_task-AcousStim_acq-LHanest_desc-raw,0.003,0,scratch,phase4d-transfer-lr-warmup__minipigs__sub-03_ses-03_task-AcousStim_acq-LHanest_desc-raw__scratch_uniform__scratch_uniform__lr0p003__f1__t42,2e4fa156,phase4d-transfer-lr-warmup__minipigs__sub-03_ses-03_task-AcousStim_acq-LHanest_desc-raw__scratch_uniform__scratch_uniform__lr0p003__f1__t42,finished,0.7238790392875671,0.8049774169921875,True,,3929.0,False
scratch_adapter_warmup,minipigs,sub-03,sub-03_ses-03_task-AcousStim_acq-LHanest_desc-raw,0.0003,500,scratch,phase4d-transfer-lr-warmup__minipigs__sub-03_ses-03_task-AcousStim_acq-LHanest_desc-raw__scratch_adapter_warmup__scratch_adapter_warmup__lr0p0003__f1__t42,9b004dce,phase4d-transfer-lr-warmup__minipigs__sub-03_ses-03_task-AcousStim_acq-LHanest_desc-raw__scratch_adapter_warmup__scratch_adapter_warmup__lr0p0003__f1__t42,finished,0.7013619542121887,0.7858229875564575,True,,12313.0,False
scratch_adapter_warmup,minipigs,sub-03,sub-03_ses-03_task-AcousStim_acq-LHanest_desc-raw,0.003,500,scratch,phase4d-transfer-lr-warmup__minipigs__sub-03_ses-03_task-AcousStim_acq-LHanest_desc-raw__scratch_adapter_warmup__scratch_adapter_warmup__lr0p003__f1__t42,a0bc26f5,phase4d-transfer-lr-warmup__minipigs__sub-03_ses-03_task-AcousStim_acq-LHanest_desc-raw__scratch_adapter_warmup__scratch_adapter_warmup__lr0p003__f1__t42,finished,0.7145800590515137,0.797678530216217,True,,3143.0,False
scratch_uniform,minipigs,sub-03,sub-03_ses-03_task-AcousStim_acq-RHanest_desc-raw,0.003,0,scratch,phase4d-transfer-lr-warmup__minipigs__sub-03_ses-03_task-AcousStim_acq-RHanest_desc-raw__scratch_uniform__scratch_uniform__lr0p003__f1__t42,4056a0b4,phase4d-transfer-lr-warmup__minipigs__sub-03_ses-03_task-AcousStim_acq-RHanest_desc-raw__scratch_uniform__scratch_uniform__lr0p003__f1__t42,finished,0.6613160371780396,0.7672381401062012,True,,5370.0,False
scratch_adapter_warmup,minipigs,sub-03,sub-03_ses-03_task-AcousStim_acq-RHanest_desc-raw,0.003,500,scratch,phase4d-transfer-lr-warmup__minipigs__sub-03_ses-03_task-AcousStim_acq-RHanest_desc-raw__scratch_adapter_warmup__scratch_adapter_warmup__lr0p003__f1__t42,68bb0d06,phase4d-transfer-lr-warmup__minipigs__sub-03_ses-03_task-AcousStim_acq-RHanest_desc-raw__scratch_adapter_warmup__scratch_adapter_warmup__lr0p003__f1__t42,finished,0.7241017818450928,0.7766096591949463,True,,4846.0,False
scratch_adapter_warmup,minipigs,sub-03,sub-03_ses-03_task-AcousStim_acq-RHanest_desc-raw,0.0015,500,scratch,phase4d-transfer-lr-warmup__minipigs__sub-03_ses-03_task-AcousStim_acq-RHanest_desc-raw__scratch_adapter_warmup__scratch_adapter_warmup__lr0p0015__f1__t42,84b5822d,phase4d-transfer-lr-warmup__minipigs__sub-03_ses-03_task-AcousStim_acq-RHanest_desc-raw__scratch_adapter_warmup__scratch_adapter_warmup__lr0p0015__f1__t42,finished,0.6750996112823486,0.7740974426269531,True,,3536.0,False
scratch_uniform,minipigs,sub-03,sub-03_ses-03_task-AcousStim_acq-RHanest_desc-raw,0.0015,0,scratch,phase4d-transfer-lr-warmup__minipigs__sub-03_ses-03_task-AcousStim_acq-RHanest_desc-raw__scratch_uniform__scratch_uniform__lr0p0015__f1__t42,557370ec,phase4d-transfer-lr-warmup__minipigs__sub-03_ses-03_task-AcousStim_acq-RHanest_desc-raw__scratch_uniform__scratch_uniform__lr0p0015__f1__t42,finished,0.677140474319458,0.7812589406967163,True,,5239.0,False
scratch_uniform,minipigs,sub-03,sub-03_ses-04_task-AcousStim_acq-LHanest_desc-raw,0.0003,0,scratch,phase4d-transfer-lr-warmup__minipigs__sub-03_ses-04_task-AcousStim_acq-LHanest_desc-raw__scratch_uniform__scratch_uniform__lr0p0003__f1__t42,f8a9f927,phase4d-transfer-lr-warmup__minipigs__sub-03_ses-04_task-AcousStim_acq-LHanest_desc-raw__scratch_uniform__scratch_uniform__lr0p0003__f1__t42,finished,0.8337387442588806,0.8680760860443115,True,,1637.0,False
scratch_adapter_warmup,minipigs,sub-03,sub-03_ses-03_task-AcousStim_acq-RHanest_desc-raw,0.0003,500,scratch,phase4d-transfer-lr-warmup__minipigs__sub-03_ses-03_task-AcousStim_acq-RHanest_desc-raw__scratch_adapter_warmup__scratch_adapter_warmup__lr0p0003__f1__t42,4174533b,phase4d-transfer-lr-warmup__minipigs__sub-03_ses-03_task-AcousStim_acq-RHanest_desc-raw__scratch_adapter_warmup__scratch_adapter_warmup__lr0p0003__f1__t42,finished,0.6410226821899414,0.7312413454055786,True,,6418.0,False
scratch_uniform,minipigs,sub-03,sub-03_ses-04_task-AcousStim_acq-LHanest_desc-raw,0.0015,0,scratch,phase4d-transfer-lr-warmup__minipigs__sub-03_ses-04_task-AcousStim_acq-LHanest_desc-raw__scratch_uniform__scratch_uniform__lr0p0015__f1__t42,a1953d0c,phase4d-transfer-lr-warmup__minipigs__sub-03_ses-04_task-AcousStim_acq-LHanest_desc-raw__scratch_uniform__scratch_uniform__lr0p0015__f1__t42,finished,0.8322615027427673,0.9089462161064148,True,,1553.0,False
scratch_adapter_warmup,minipigs,sub-03,sub-03_ses-04_task-AcousStim_acq-LHanest_desc-raw,0.0003,500,scratch,phase4d-transfer-lr-warmup__minipigs__sub-03_ses-04_task-AcousStim_acq-LHanest_desc-raw__scratch_adapter_warmup__scratch_adapter_warmup__lr0p0003__f1__t42,101d4132,phase4d-transfer-lr-warmup__minipigs__sub-03_ses-04_task-AcousStim_acq-LHanest_desc-raw__scratch_adapter_warmup__scratch_adapter_warmup__lr0p0003__f1__t42,finished,0.7435606718063354,0.8341192603111267,True,,1847.0,False
scratch_uniform,minipigs,sub-03,sub-03_ses-04_task-AcousStim_acq-LHanest_desc-raw,0.003,0,scratch,phase4d-transfer-lr-warmup__minipigs__sub-03_ses-04_task-AcousStim_acq-LHanest_desc-raw__scratch_uniform__scratch_uniform__lr0p003__f1__t42,4f2b0958,phase4d-transfer-lr-warmup__minipigs__sub-03_ses-04_task-AcousStim_acq-LHanest_desc-raw__scratch_uniform__scratch_uniform__lr0p003__f1__t42,finished,0.8445395231246948,0.9045432209968568,True,,1553.0,False
scratch_adapter_warmup,minipigs,sub-03,sub-03_ses-04_task-AcousStim_acq-LHanest_desc-raw,0.0015,500,scratch,phase4d-transfer-lr-warmup__minipigs__sub-03_ses-04_task-AcousStim_acq-LHanest_desc-raw__scratch_adapter_warmup__scratch_adapter_warmup__lr0p0015__f1__t42,e4018897,phase4d-transfer-lr-warmup__minipigs__sub-03_ses-04_task-AcousStim_acq-LHanest_desc-raw__scratch_adapter_warmup__scratch_adapter_warmup__lr0p0015__f1__t42,finished,0.8628077507019043,0.8872140049934387,True,,1385.0,False
scratch_adapter_warmup,minipigs,sub-03,sub-03_ses-04_task-AcousStim_acq-LHanest_desc-raw,0.003,500,scratch,phase4d-transfer-lr-warmup__minipigs__sub-03_ses-04_task-AcousStim_acq-LHanest_desc-raw__scratch_adapter_warmup__scratch_adapter_warmup__lr0p003__f1__t42,bd5fd936,phase4d-transfer-lr-warmup__minipigs__sub-03_ses-04_task-AcousStim_acq-LHanest_desc-raw__scratch_adapter_warmup__scratch_adapter_warmup__lr0p003__f1__t42,finished,0.8259680867195129,0.899040699005127,True,,1385.0,False
scratch_uniform,minipigs,sub-03,sub-03_ses-04_task-AcousStim_acq-RHanest_desc-raw,0.003,0,scratch,phase4d-transfer-lr-warmup__minipigs__sub-03_ses-04_task-AcousStim_acq-RHanest_desc-raw__scratch_uniform__scratch_uniform__lr0p003__f1__t42,18c98fe9,phase4d-transfer-lr-warmup__minipigs__sub-03_ses-04_task-AcousStim_acq-RHanest_desc-raw__scratch_uniform__scratch_uniform__lr0p003__f1__t42,finished,0.4367855191230774,0.690426230430603,True,,2855.0,False
scratch_uniform,minipigs,sub-03,sub-03_ses-04_task-AcousStim_acq-RHanest_desc-raw,0.0015,0,scratch,phase4d-transfer-lr-warmup__minipigs__sub-03_ses-04_task-AcousStim_acq-RHanest_desc-raw__scratch_uniform__scratch_uniform__lr0p0015__f1__t42,5e25e4f5,phase4d-transfer-lr-warmup__minipigs__sub-03_ses-04_task-AcousStim_acq-RHanest_desc-raw__scratch_uniform__scratch_uniform__lr0p0015__f1__t42,finished,0.4814067482948303,0.6704333424568176,True,,1931.0,False
scratch_adapter_warmup,minipigs,sub-03,sub-03_ses-04_task-AcousStim_acq-RHanest_desc-raw,0.0003,500,scratch,phase4d-transfer-lr-warmup__minipigs__sub-03_ses-04_task-AcousStim_acq-RHanest_desc-raw__scratch_adapter_warmup__scratch_adapter_warmup__lr0p0003__f1__t42,9511e7c7,phase4d-transfer-lr-warmup__minipigs__sub-03_ses-04_task-AcousStim_acq-RHanest_desc-raw__scratch_adapter_warmup__scratch_adapter_warmup__lr0p0003__f1__t42,finished,0.46556955575942993,0.5956757664680481,True,,2309.0,False
scratch_adapter_warmup,minipigs,sub-03,sub-03_ses-04_task-AcousStim_acq-RHanest_desc-raw,0.0015,500,scratch,phase4d-transfer-lr-warmup__minipigs__sub-03_ses-04_task-AcousStim_acq-RHanest_desc-raw__scratch_adapter_warmup__scratch_adapter_warmup__lr0p0015__f1__t42,7f8c7488,phase4d-transfer-lr-warmup__minipigs__sub-03_ses-04_task-AcousStim_acq-RHanest_desc-raw__scratch_adapter_warmup__scratch_adapter_warmup__lr0p0015__f1__t42,finished,0.4888649880886078,0.6986827254295349,True,,2267.0,False
scratch_adapter_warmup,minipigs,sub-03,sub-03_ses-04_task-AcousStim_acq-RHanest_desc-raw,0.003,500,scratch,phase4d-transfer-lr-warmup__minipigs__sub-03_ses-04_task-AcousStim_acq-RHanest_desc-raw__scratch_adapter_warmup__scratch_adapter_warmup__lr0p003__f1__t42,e655b109,phase4d-transfer-lr-warmup__minipigs__sub-03_ses-04_task-AcousStim_acq-RHanest_desc-raw__scratch_adapter_warmup__scratch_adapter_warmup__lr0p003__f1__t42,finished,0.3677867650985718,0.6678975820541382,True,,1469.0,False
scratch_uniform,minipigs,sub-03,sub-03_ses-06_task-AcousStim_acq-LH_desc-raw,0.0003,0,scratch,phase4d-transfer-lr-warmup__minipigs__sub-03_ses-06_task-AcousStim_acq-LH_desc-raw__scratch_uniform__scratch_uniform__lr0p0003__f1__t42,d4c797d9,phase4d-transfer-lr-warmup__minipigs__sub-03_ses-06_task-AcousStim_acq-LH_desc-raw__scratch_uniform__scratch_uniform__lr0p0003__f1__t42,finished,0.57813960313797,0.7073158025741577,True,,2351.0,False
scratch_uniform,minipigs,sub-03,sub-03_ses-04_task-AcousStim_acq-RHanest_desc-raw,0.0003,0,scratch,phase4d-transfer-lr-warmup__minipigs__sub-03_ses-04_task-AcousStim_acq-RHanest_desc-raw__scratch_uniform__scratch_uniform__lr0p0003__f1__t42,2f45903d,phase4d-transfer-lr-warmup__minipigs__sub-03_ses-04_task-AcousStim_acq-RHanest_desc-raw__scratch_uniform__scratch_uniform__lr0p0003__f1__t42,finished,0.4242895841598511,0.6043199896812439,True,,1637.0,False
scratch_adapter_warmup,minipigs,sub-03,sub-03_ses-06_task-AcousStim_acq-LH_desc-raw,0.003,500,scratch,phase4d-transfer-lr-warmup__minipigs__sub-03_ses-06_task-AcousStim_acq-LH_desc-raw__scratch_adapter_warmup__scratch_adapter_warmup__lr0p003__f1__t42,f5d659c4,phase4d-transfer-lr-warmup__minipigs__sub-03_ses-06_task-AcousStim_acq-LH_desc-raw__scratch_adapter_warmup__scratch_adapter_warmup__lr0p003__f1__t42,finished,0.5488647818565369,0.7378507256507874,True,,1487.0,False
scratch_uniform,minipigs,sub-03,sub-03_ses-06_task-AcousStim_acq-LH_desc-raw,0.003,0,scratch,phase4d-transfer-lr-warmup__minipigs__sub-03_ses-06_task-AcousStim_acq-LH_desc-raw__scratch_uniform__scratch_uniform__lr0p003__f1__t42,8fd23746,phase4d-transfer-lr-warmup__minipigs__sub-03_ses-06_task-AcousStim_acq-LH_desc-raw__scratch_uniform__scratch_uniform__lr0p003__f1__t42,finished,0.5538638830184937,0.7622408866882324,True,,1775.0,False
scratch_adapter_warmup,minipigs,sub-03,sub-03_ses-06_task-AcousStim_acq-LH_desc-raw,0.0015,500,scratch,phase4d-transfer-lr-warmup__minipigs__sub-03_ses-06_task-AcousStim_acq-LH_desc-raw__scratch_adapter_warmup__scratch_adapter_warmup__lr0p0015__f1__t42,29d207a5,phase4d-transfer-lr-warmup__minipigs__sub-03_ses-06_task-AcousStim_acq-LH_desc-raw__scratch_adapter_warmup__scratch_adapter_warmup__lr0p0015__f1__t42,finished,0.5983926057815552,0.7427621483802795,True,,2207.0,False
scratch_adapter_warmup,minipigs,sub-03,sub-03_ses-06_task-AcousStim_acq-LH_desc-raw,0.0003,500,scratch,phase4d-transfer-lr-warmup__minipigs__sub-03_ses-06_task-AcousStim_acq-LH_desc-raw__scratch_adapter_warmup__scratch_adapter_warmup__lr0p0003__f1__t42,d294ad73,phase4d-transfer-lr-warmup__minipigs__sub-03_ses-06_task-AcousStim_acq-LH_desc-raw__scratch_adapter_warmup__scratch_adapter_warmup__lr0p0003__f1__t42,finished,0.5104522705078125,0.7409155368804932,True,,2543.0,False
scratch_uniform,minipigs,sub-03,sub-03_ses-06_task-AcousStim_acq-RH_desc-raw,0.0003,0,scratch,phase4d-transfer-lr-warmup__minipigs__sub-03_ses-06_task-AcousStim_acq-RH_desc-raw__scratch_uniform__scratch_uniform__lr0p0003__f1__t42,7346fff2,phase4d-transfer-lr-warmup__minipigs__sub-03_ses-06_task-AcousStim_acq-RH_desc-raw__scratch_uniform__scratch_uniform__lr0p0003__f1__t42,finished,0.537567138671875,0.6816189289093018,True,,2879.0,False
scratch_uniform,minipigs,sub-03,sub-03_ses-06_task-AcousStim_acq-RH_desc-raw,0.0015,0,scratch,phase4d-transfer-lr-warmup__minipigs__sub-03_ses-06_task-AcousStim_acq-RH_desc-raw__scratch_uniform__scratch_uniform__lr0p0015__f1__t42,3fb75878,phase4d-transfer-lr-warmup__minipigs__sub-03_ses-06_task-AcousStim_acq-RH_desc-raw__scratch_uniform__scratch_uniform__lr0p0015__f1__t42,finished,0.5996930599212646,0.7584322690963745,True,,2879.0,False
scratch_uniform,minipigs,sub-03,sub-03_ses-06_task-AcousStim_acq-LH_desc-raw,0.0015,0,scratch,phase4d-transfer-lr-warmup__minipigs__sub-03_ses-06_task-AcousStim_acq-LH_desc-raw__scratch_uniform__scratch_uniform__lr0p0015__f1__t42,1431427d,phase4d-transfer-lr-warmup__minipigs__sub-03_ses-06_task-AcousStim_acq-LH_desc-raw__scratch_uniform__scratch_uniform__lr0p0015__f1__t42,finished,0.5851479172706604,0.7542835474014282,True,,1439.0,False
scratch_uniform,minipigs,sub-03,sub-03_ses-06_task-AcousStim_acq-RH_desc-raw,0.003,0,scratch,phase4d-transfer-lr-warmup__minipigs__sub-03_ses-06_task-AcousStim_acq-RH_desc-raw__scratch_uniform__scratch_uniform__lr0p003__f1__t42,64bd79ef,phase4d-transfer-lr-warmup__minipigs__sub-03_ses-06_task-AcousStim_acq-RH_desc-raw__scratch_uniform__scratch_uniform__lr0p003__f1__t42,finished,0.5609475374221802,0.758711040019989,True,,1775.0,False
scratch_adapter_warmup,minipigs,sub-03,sub-03_ses-06_task-AcousStim_acq-RH_desc-raw,0.003,500,scratch,phase4d-transfer-lr-warmup__minipigs__sub-03_ses-06_task-AcousStim_acq-RH_desc-raw__scratch_adapter_warmup__scratch_adapter_warmup__lr0p003__f1__t42,424a5041,phase4d-transfer-lr-warmup__minipigs__sub-03_ses-06_task-AcousStim_acq-RH_desc-raw__scratch_adapter_warmup__scratch_adapter_warmup__lr0p003__f1__t42,finished,0.6422296762466431,0.7879720330238342,True,,2735.0,False
scratch_adapter_warmup,minipigs,sub-03,sub-03_ses-06_task-AcousStim_acq-RH_desc-raw,0.0003,500,scratch,phase4d-transfer-lr-warmup__minipigs__sub-03_ses-06_task-AcousStim_acq-RH_desc-raw__scratch_adapter_warmup__scratch_adapter_warmup__lr0p0003__f1__t42,2a1bd3f0,phase4d-transfer-lr-warmup__minipigs__sub-03_ses-06_task-AcousStim_acq-RH_desc-raw__scratch_adapter_warmup__scratch_adapter_warmup__lr0p0003__f1__t42,finished,0.5313899517059326,0.6495471000671387,True,,3311.0,False
scratch_adapter_warmup,minipigs,sub-03,sub-03_ses-06_task-AcousStim_acq-RH_desc-raw,0.0015,500,scratch,phase4d-transfer-lr-warmup__minipigs__sub-03_ses-06_task-AcousStim_acq-RH_desc-raw__scratch_adapter_warmup__scratch_adapter_warmup__lr0p0015__f1__t42,162c54d4,phase4d-transfer-lr-warmup__minipigs__sub-03_ses-06_task-AcousStim_acq-RH_desc-raw__scratch_adapter_warmup__scratch_adapter_warmup__lr0p0015__f1__t42,finished,0.5789507627487183,0.77118980884552,True,,2543.0,False
scratch_uniform,minipigs,sub-03,sub-03_ses-07_task-AcousStim_acq-LHanest_desc-raw,0.0015,0,scratch,phase4d-transfer-lr-warmup__minipigs__sub-03_ses-07_task-AcousStim_acq-LHanest_desc-raw__scratch_uniform__scratch_uniform__lr0p0015__f1__t42,91457584,phase4d-transfer-lr-warmup__minipigs__sub-03_ses-07_task-AcousStim_acq-LHanest_desc-raw__scratch_uniform__scratch_uniform__lr0p0015__f1__t42,finished,0.5172282457351685,0.7208141088485718,True,,1187.0,False
scratch_uniform,minipigs,sub-03,sub-03_ses-07_task-AcousStim_acq-LHanest_desc-raw,0.003,0,scratch,phase4d-transfer-lr-warmup__minipigs__sub-03_ses-07_task-AcousStim_acq-LHanest_desc-raw__scratch_uniform__scratch_uniform__lr0p003__f1__t42,890bc184,phase4d-transfer-lr-warmup__minipigs__sub-03_ses-07_task-AcousStim_acq-LHanest_desc-raw__scratch_uniform__scratch_uniform__lr0p003__f1__t42,finished,0.5092973709106445,0.7553804516792297,True,,1759.0,False
scratch_adapter_warmup,minipigs,sub-03,sub-03_ses-07_task-AcousStim_acq-LHanest_desc-raw,0.0003,500,scratch,phase4d-transfer-lr-warmup__minipigs__sub-03_ses-07_task-AcousStim_acq-LHanest_desc-raw__scratch_adapter_warmup__scratch_adapter_warmup__lr0p0003__f1__t42,359b26de,phase4d-transfer-lr-warmup__minipigs__sub-03_ses-07_task-AcousStim_acq-LHanest_desc-raw__scratch_adapter_warmup__scratch_adapter_warmup__lr0p0003__f1__t42,finished,0.4915123581886291,0.7203829884529114,True,,2375.0,False
scratch_uniform,minipigs,sub-03,sub-03_ses-07_task-AcousStim_acq-LHanest_desc-raw,0.0003,0,scratch,phase4d-transfer-lr-warmup__minipigs__sub-03_ses-07_task-AcousStim_acq-LHanest_desc-raw__scratch_uniform__scratch_uniform__lr0p0003__f1__t42,42433c13,phase4d-transfer-lr-warmup__minipigs__sub-03_ses-07_task-AcousStim_acq-LHanest_desc-raw__scratch_uniform__scratch_uniform__lr0p0003__f1__t42,finished,0.5046229362487793,0.7245925664901733,True,,2287.0,False
scratch_adapter_warmup,minipigs,sub-03,sub-03_ses-07_task-AcousStim_acq-LHanest_desc-raw,0.0015,500,scratch,phase4d-transfer-lr-warmup__minipigs__sub-03_ses-07_task-AcousStim_acq-LHanest_desc-raw__scratch_adapter_warmup__scratch_adapter_warmup__lr0p0015__f1__t42,4570f3bd,phase4d-transfer-lr-warmup__minipigs__sub-03_ses-07_task-AcousStim_acq-LHanest_desc-raw__scratch_adapter_warmup__scratch_adapter_warmup__lr0p0015__f1__t42,finished,0.4364549219608307,0.7483510971069336,True,,1187.0,False
scratch_uniform,minipigs,sub-03,sub-03_ses-07_task-AcousStim_acq-RH_desc-raw,0.0003,0,scratch,phase4d-transfer-lr-warmup__minipigs__sub-03_ses-07_task-AcousStim_acq-RH_desc-raw__scratch_uniform__scratch_uniform__lr0p0003__f1__t42,68866dc3,phase4d-transfer-lr-warmup__minipigs__sub-03_ses-07_task-AcousStim_acq-RH_desc-raw__scratch_uniform__scratch_uniform__lr0p0003__f1__t42,finished,0.3739653527736664,0.4512609839439392,True,,2992.0,True
scratch_adapter_warmup,minipigs,sub-03,sub-03_ses-07_task-AcousStim_acq-LHanest_desc-raw,0.003,500,scratch,phase4d-transfer-lr-warmup__minipigs__sub-03_ses-07_task-AcousStim_acq-LHanest_desc-raw__scratch_adapter_warmup__scratch_adapter_warmup__lr0p003__f1__t42,6df67bcc,phase4d-transfer-lr-warmup__minipigs__sub-03_ses-07_task-AcousStim_acq-LHanest_desc-raw__scratch_adapter_warmup__scratch_adapter_warmup__lr0p003__f1__t42,finished,0.47562581300735474,0.7272531986236572,True,,1627.0,False
scratch_uniform,minipigs,sub-03,sub-03_ses-07_task-AcousStim_acq-RH_desc-raw,0.0015,0,scratch,phase4d-transfer-lr-warmup__minipigs__sub-03_ses-07_task-AcousStim_acq-RH_desc-raw__scratch_uniform__scratch_uniform__lr0p0015__f1__t42,17caba12,phase4d-transfer-lr-warmup__minipigs__sub-03_ses-07_task-AcousStim_acq-RH_desc-raw__scratch_uniform__scratch_uniform__lr0p0015__f1__t42,finished,0.32888975739479065,0.463798463344574,True,,1147.0,False
scratch_uniform,minipigs,sub-03,sub-03_ses-07_task-AcousStim_acq-RH_desc-raw,0.003,0,scratch,phase4d-transfer-lr-warmup__minipigs__sub-03_ses-07_task-AcousStim_acq-RH_desc-raw__scratch_uniform__scratch_uniform__lr0p003__f1__t42,b2057857,phase4d-transfer-lr-warmup__minipigs__sub-03_ses-07_task-AcousStim_acq-RH_desc-raw__scratch_uniform__scratch_uniform__lr0p003__f1__t42,finished,0.2871009111404419,0.4446987509727478,True,,2131.0,False
scratch_adapter_warmup,minipigs,sub-03,sub-03_ses-07_task-AcousStim_acq-RH_desc-raw,0.0003,500,scratch,phase4d-transfer-lr-warmup__minipigs__sub-03_ses-07_task-AcousStim_acq-RH_desc-raw__scratch_adapter_warmup__scratch_adapter_warmup__lr0p0003__f1__t42,6c292e98,phase4d-transfer-lr-warmup__minipigs__sub-03_ses-07_task-AcousStim_acq-RH_desc-raw__scratch_adapter_warmup__scratch_adapter_warmup__lr0p0003__f1__t42,finished,0.36313241720199585,0.4999316930770874,True,,1475.0,False
scratch_adapter_warmup,minipigs,sub-03,sub-03_ses-07_task-AcousStim_acq-RH_desc-raw,0.003,500,scratch,phase4d-transfer-lr-warmup__minipigs__sub-03_ses-07_task-AcousStim_acq-RH_desc-raw__scratch_adapter_warmup__scratch_adapter_warmup__lr0p003__f1__t42,90a308a5,phase4d-transfer-lr-warmup__minipigs__sub-03_ses-07_task-AcousStim_acq-RH_desc-raw__scratch_adapter_warmup__scratch_adapter_warmup__lr0p003__f1__t42,finished,0.325553834438324,0.4506780505180359,True,,1516.0,False
scratch_adapter_warmup,minipigs,sub-03,sub-03_ses-07_task-AcousStim_acq-RH_desc-raw,0.0015,500,scratch,phase4d-transfer-lr-warmup__minipigs__sub-03_ses-07_task-AcousStim_acq-RH_desc-raw__scratch_adapter_warmup__scratch_adapter_warmup__lr0p0015__f1__t42,f2ebd105,phase4d-transfer-lr-warmup__minipigs__sub-03_ses-07_task-AcousStim_acq-RH_desc-raw__scratch_adapter_warmup__scratch_adapter_warmup__lr0p0015__f1__t42,finished,0.3173103928565979,0.4661705493927002,True,,983.0,False
scratch_uniform,minipigs,sub-03,sub-03_ses-07_task-AcousStim_acq-RHanest_desc-raw,0.003,0,scratch,phase4d-transfer-lr-warmup__minipigs__sub-03_ses-07_task-AcousStim_acq-RHanest_desc-raw__scratch_uniform__scratch_uniform__lr0p003__f1__t42,7691ae08,phase4d-transfer-lr-warmup__minipigs__sub-03_ses-07_task-AcousStim_acq-RHanest_desc-raw__scratch_uniform__scratch_uniform__lr0p003__f1__t42,finished,0.3941285014152527,0.6005973815917969,True,,3431.0,False
scratch_uniform,minipigs,sub-03,sub-03_ses-07_task-AcousStim_acq-RHanest_desc-raw,0.0003,0,scratch,phase4d-transfer-lr-warmup__minipigs__sub-03_ses-07_task-AcousStim_acq-RHanest_desc-raw__scratch_uniform__scratch_uniform__lr0p0003__f1__t42,2dc32916,phase4d-transfer-lr-warmup__minipigs__sub-03_ses-07_task-AcousStim_acq-RHanest_desc-raw__scratch_uniform__scratch_uniform__lr0p0003__f1__t42,finished,0.3619087636470794,0.49169808626174927,True,,1099.0,False
scratch_uniform,minipigs,sub-03,sub-03_ses-07_task-AcousStim_acq-RHanest_desc-raw,0.0015,0,scratch,phase4d-transfer-lr-warmup__minipigs__sub-03_ses-07_task-AcousStim_acq-RHanest_desc-raw__scratch_uniform__scratch_uniform__lr0p0015__f1__t42,7dc81658,phase4d-transfer-lr-warmup__minipigs__sub-03_ses-07_task-AcousStim_acq-RHanest_desc-raw__scratch_uniform__scratch_uniform__lr0p0015__f1__t42,finished,0.3985013961791992,0.5355709791183472,True,,1055.0,False
scratch_adapter_warmup,minipigs,sub-03,sub-03_ses-07_task-AcousStim_acq-RHanest_desc-raw,0.0015,500,scratch,phase4d-transfer-lr-warmup__minipigs__sub-03_ses-07_task-AcousStim_acq-RHanest_desc-raw__scratch_adapter_warmup__scratch_adapter_warmup__lr0p0015__f1__t42,cb975554,phase4d-transfer-lr-warmup__minipigs__sub-03_ses-07_task-AcousStim_acq-RHanest_desc-raw__scratch_adapter_warmup__scratch_adapter_warmup__lr0p0015__f1__t42,finished,0.4123702049255371,0.5592312812805176,True,,2331.0,False
scratch_adapter_warmup,minipigs,sub-03,sub-03_ses-07_task-AcousStim_acq-RHanest_desc-raw,0.0003,500,scratch,phase4d-transfer-lr-warmup__minipigs__sub-03_ses-07_task-AcousStim_acq-RHanest_desc-raw__scratch_adapter_warmup__scratch_adapter_warmup__lr0p0003__f1__t42,25e629f3,phase4d-transfer-lr-warmup__minipigs__sub-03_ses-07_task-AcousStim_acq-RHanest_desc-raw__scratch_adapter_warmup__scratch_adapter_warmup__lr0p0003__f1__t42,finished,0.4045411944389343,0.5009810924530029,True,,1407.0,False
scratch_uniform,minipigs,sub-04,sub-04_ses-01_task-AcousStim_acq-LH_desc-raw,0.0003,0,scratch,phase4d-transfer-lr-warmup__minipigs__sub-04_ses-01_task-AcousStim_acq-LH_desc-raw__scratch_uniform__scratch_uniform__lr0p0003__f1__t42,e54d9d11,phase4d-transfer-lr-warmup__minipigs__sub-04_ses-01_task-AcousStim_acq-LH_desc-raw__scratch_uniform__scratch_uniform__lr0p0003__f1__t42,finished,0.9714963436126708,0.9812925457954408,True,,1294.0,False
scratch_adapter_warmup,minipigs,sub-03,sub-03_ses-07_task-AcousStim_acq-RHanest_desc-raw,0.003,500,scratch,phase4d-transfer-lr-warmup__minipigs__sub-03_ses-07_task-AcousStim_acq-RHanest_desc-raw__scratch_adapter_warmup__scratch_adapter_warmup__lr0p003__f1__t42,a5c06589,phase4d-transfer-lr-warmup__minipigs__sub-03_ses-07_task-AcousStim_acq-RHanest_desc-raw__scratch_adapter_warmup__scratch_adapter_warmup__lr0p003__f1__t42,finished,0.42841190099716187,0.5516367554664612,True,,1847.0,False
scratch_uniform,minipigs,sub-04,sub-04_ses-01_task-AcousStim_acq-LH_desc-raw,0.003,0,scratch,phase4d-transfer-lr-warmup__minipigs__sub-04_ses-01_task-AcousStim_acq-LH_desc-raw__scratch_uniform__scratch_uniform__lr0p003__f1__t42,830b598b,phase4d-transfer-lr-warmup__minipigs__sub-04_ses-01_task-AcousStim_acq-LH_desc-raw__scratch_uniform__scratch_uniform__lr0p003__f1__t42,finished,0.9278899431228638,0.9384902119636536,True,,664.0,False
scratch_adapter_warmup,minipigs,sub-04,sub-04_ses-01_task-AcousStim_acq-LH_desc-raw,0.003,500,scratch,phase4d-transfer-lr-warmup__minipigs__sub-04_ses-01_task-AcousStim_acq-LH_desc-raw__scratch_adapter_warmup__scratch_adapter_warmup__lr0p003__f1__t42,7b2bd515,phase4d-transfer-lr-warmup__minipigs__sub-04_ses-01_task-AcousStim_acq-LH_desc-raw__scratch_adapter_warmup__scratch_adapter_warmup__lr0p003__f1__t42,finished,0.8589175939559937,0.9143649935722352,True,,1469.0,False
scratch_adapter_warmup,minipigs,sub-04,sub-04_ses-01_task-AcousStim_acq-LH_desc-raw,0.0015,500,scratch,phase4d-transfer-lr-warmup__minipigs__sub-04_ses-01_task-AcousStim_acq-LH_desc-raw__scratch_adapter_warmup__scratch_adapter_warmup__lr0p0015__f1__t42,48e90afe,phase4d-transfer-lr-warmup__minipigs__sub-04_ses-01_task-AcousStim_acq-LH_desc-raw__scratch_adapter_warmup__scratch_adapter_warmup__lr0p0015__f1__t42,finished,0.9601972103118896,0.9501134157180786,True,,1049.0,False
scratch_adapter_warmup,minipigs,sub-04,sub-04_ses-01_task-AcousStim_acq-LH_desc-raw,0.0003,500,scratch,phase4d-transfer-lr-warmup__minipigs__sub-04_ses-01_task-AcousStim_acq-LH_desc-raw__scratch_adapter_warmup__scratch_adapter_warmup__lr0p0003__f1__t42,6a5ec028,phase4d-transfer-lr-warmup__minipigs__sub-04_ses-01_task-AcousStim_acq-LH_desc-raw__scratch_adapter_warmup__scratch_adapter_warmup__lr0p0003__f1__t42,finished,0.968780279159546,0.9724042415618896,True,,1469.0,False
scratch_uniform,minipigs,sub-04,sub-04_ses-01_task-AcousStim_acq-LH_desc-raw,0.0015,0,scratch,phase4d-transfer-lr-warmup__minipigs__sub-04_ses-01_task-AcousStim_acq-LH_desc-raw__scratch_uniform__scratch_uniform__lr0p0015__f1__t42,9ec4e48d,phase4d-transfer-lr-warmup__minipigs__sub-04_ses-01_task-AcousStim_acq-LH_desc-raw__scratch_uniform__scratch_uniform__lr0p0015__f1__t42,finished,0.9002342820167542,0.9500681161880492,True,,734.0,False
scratch_uniform,minipigs,sub-04,sub-04_ses-01_task-AcousStim_acq-RH_desc-raw,0.0003,0,scratch,phase4d-transfer-lr-warmup__minipigs__sub-04_ses-01_task-AcousStim_acq-RH_desc-raw__scratch_uniform__scratch_uniform__lr0p0003__f1__t42,4e4d4e99,phase4d-transfer-lr-warmup__minipigs__sub-04_ses-01_task-AcousStim_acq-RH_desc-raw__scratch_uniform__scratch_uniform__lr0p0003__f1__t42,finished,0.585395336151123,0.8021119832992554,True,,1364.0,False
scratch_uniform,minipigs,sub-04,sub-04_ses-01_task-AcousStim_acq-RH_desc-raw,0.0015,0,scratch,phase4d-transfer-lr-warmup__minipigs__sub-04_ses-01_task-AcousStim_acq-RH_desc-raw__scratch_uniform__scratch_uniform__lr0p0015__f1__t42,1955e09a,phase4d-transfer-lr-warmup__minipigs__sub-04_ses-01_task-AcousStim_acq-RH_desc-raw__scratch_uniform__scratch_uniform__lr0p0015__f1__t42,finished,0.527867317199707,0.8640203475952148,True,,594.0,False
scratch_uniform,minipigs,sub-04,sub-04_ses-01_task-AcousStim_acq-RH_desc-raw,0.003,0,scratch,phase4d-transfer-lr-warmup__minipigs__sub-04_ses-01_task-AcousStim_acq-RH_desc-raw__scratch_uniform__scratch_uniform__lr0p003__f1__t42,15f068ef,phase4d-transfer-lr-warmup__minipigs__sub-04_ses-01_task-AcousStim_acq-RH_desc-raw__scratch_uniform__scratch_uniform__lr0p003__f1__t42,finished,0.508210301399231,0.8217996954917908,True,,804.0,False
scratch_adapter_warmup,minipigs,sub-04,sub-04_ses-01_task-AcousStim_acq-RH_desc-raw,0.0003,500,scratch,phase4d-transfer-lr-warmup__minipigs__sub-04_ses-01_task-AcousStim_acq-RH_desc-raw__scratch_adapter_warmup__scratch_adapter_warmup__lr0p0003__f1__t42,f97d9a55,phase4d-transfer-lr-warmup__minipigs__sub-04_ses-01_task-AcousStim_acq-RH_desc-raw__scratch_adapter_warmup__scratch_adapter_warmup__lr0p0003__f1__t42,finished,0.624914824962616,0.8723169565200806,True,,1329.0,False
scratch_adapter_warmup,minipigs,sub-04,sub-04_ses-01_task-AcousStim_acq-RH_desc-raw,0.003,500,scratch,phase4d-transfer-lr-warmup__minipigs__sub-04_ses-01_task-AcousStim_acq-RH_desc-raw__scratch_adapter_warmup__scratch_adapter_warmup__lr0p003__f1__t42,694effc8,phase4d-transfer-lr-warmup__minipigs__sub-04_ses-01_task-AcousStim_acq-RH_desc-raw__scratch_adapter_warmup__scratch_adapter_warmup__lr0p003__f1__t42,finished,0.5310664176940918,0.8598282933235168,True,,839.0,False
scratch_adapter_warmup,minipigs,sub-04,sub-04_ses-01_task-AcousStim_acq-RH_desc-raw,0.0015,500,scratch,phase4d-transfer-lr-warmup__minipigs__sub-04_ses-01_task-AcousStim_acq-RH_desc-raw__scratch_adapter_warmup__scratch_adapter_warmup__lr0p0015__f1__t42,b6f3a244,phase4d-transfer-lr-warmup__minipigs__sub-04_ses-01_task-AcousStim_acq-RH_desc-raw__scratch_adapter_warmup__scratch_adapter_warmup__lr0p0015__f1__t42,finished,0.6012605428695679,0.8493251204490662,True,,944.0,False
scratch_uniform,minipigs,sub-04,sub-04_ses-02_task-AcousStim_acq-LH_desc-raw,0.0003,0,scratch,phase4d-transfer-lr-warmup__minipigs__sub-04_ses-02_task-AcousStim_acq-LH_desc-raw__scratch_uniform__scratch_uniform__lr0p0003__f1__t42,b704b963,phase4d-transfer-lr-warmup__minipigs__sub-04_ses-02_task-AcousStim_acq-LH_desc-raw__scratch_uniform__scratch_uniform__lr0p0003__f1__t42,finished,0.2787308394908905,0.3591892421245575,True,,2547.0,False
scratch_adapter_warmup,minipigs,sub-04,sub-04_ses-02_task-AcousStim_acq-LH_desc-raw,0.003,500,scratch,phase4d-transfer-lr-warmup__minipigs__sub-04_ses-02_task-AcousStim_acq-LH_desc-raw__scratch_adapter_warmup__scratch_adapter_warmup__lr0p003__f1__t42,cd6e425c,phase4d-transfer-lr-warmup__minipigs__sub-04_ses-02_task-AcousStim_acq-LH_desc-raw__scratch_adapter_warmup__scratch_adapter_warmup__lr0p003__f1__t42,finished,0.22359664738178253,0.29591065645217896,True,,1420.0,False
scratch_adapter_warmup,minipigs,sub-04,sub-04_ses-02_task-AcousStim_acq-LH_desc-raw,0.0003,500,scratch,phase4d-transfer-lr-warmup__minipigs__sub-04_ses-02_task-AcousStim_acq-LH_desc-raw__scratch_adapter_warmup__scratch_adapter_warmup__lr0p0003__f1__t42,c6b0ec39,phase4d-transfer-lr-warmup__minipigs__sub-04_ses-02_task-AcousStim_acq-LH_desc-raw__scratch_adapter_warmup__scratch_adapter_warmup__lr0p0003__f1__t42,finished,0.24503298103809357,0.3314569592475891,True,,2253.0,False
scratch_uniform,minipigs,sub-04,sub-04_ses-02_task-AcousStim_acq-LH_desc-raw,0.003,0,scratch,phase4d-transfer-lr-warmup__minipigs__sub-04_ses-02_task-AcousStim_acq-LH_desc-raw__scratch_uniform__scratch_uniform__lr0p003__f1__t42,3ce665a6,phase4d-transfer-lr-warmup__minipigs__sub-04_ses-02_task-AcousStim_acq-LH_desc-raw__scratch_uniform__scratch_uniform__lr0p003__f1__t42,finished,0.25622856616973877,0.350700318813324,True,,1371.0,False
scratch_adapter_warmup,minipigs,sub-04,sub-04_ses-02_task-AcousStim_acq-LH_desc-raw,0.0015,500,scratch,phase4d-transfer-lr-warmup__minipigs__sub-04_ses-02_task-AcousStim_acq-LH_desc-raw__scratch_adapter_warmup__scratch_adapter_warmup__lr0p0015__f1__t42,8173d695,phase4d-transfer-lr-warmup__minipigs__sub-04_ses-02_task-AcousStim_acq-LH_desc-raw__scratch_adapter_warmup__scratch_adapter_warmup__lr0p0015__f1__t42,finished,0.2583296298980713,0.33880677819252014,True,,1959.0,False
scratch_uniform,minipigs,sub-04,sub-04_ses-02_task-AcousStim_acq-RH_desc-raw,0.0003,0,scratch,phase4d-transfer-lr-warmup__minipigs__sub-04_ses-02_task-AcousStim_acq-RH_desc-raw__scratch_uniform__scratch_uniform__lr0p0003__f1__t42,84a8f8b4,phase4d-transfer-lr-warmup__minipigs__sub-04_ses-02_task-AcousStim_acq-RH_desc-raw__scratch_uniform__scratch_uniform__lr0p0003__f1__t42,finished,0.30940598249435425,0.33263108134269714,True,,1469.0,False
scratch_adapter_warmup,minipigs,sub-04,sub-04_ses-02_task-AcousStim_acq-RH_desc-raw,0.0003,500,scratch,phase4d-transfer-lr-warmup__minipigs__sub-04_ses-02_task-AcousStim_acq-RH_desc-raw__scratch_adapter_warmup__scratch_adapter_warmup__lr0p0003__f1__t42,a5504878,phase4d-transfer-lr-warmup__minipigs__sub-04_ses-02_task-AcousStim_acq-RH_desc-raw__scratch_adapter_warmup__scratch_adapter_warmup__lr0p0003__f1__t42,finished,0.3094150424003601,0.34393829107284546,True,,1763.0,False
scratch_uniform,minipigs,sub-04,sub-04_ses-02_task-AcousStim_acq-LH_desc-raw,0.0015,0,scratch,phase4d-transfer-lr-warmup__minipigs__sub-04_ses-02_task-AcousStim_acq-LH_desc-raw__scratch_uniform__scratch_uniform__lr0p0015__f1__t42,ad84e661,phase4d-transfer-lr-warmup__minipigs__sub-04_ses-02_task-AcousStim_acq-LH_desc-raw__scratch_uniform__scratch_uniform__lr0p0015__f1__t42,finished,0.25092613697052,0.3520655930042267,True,,2694.0,False
scratch_uniform,minipigs,sub-04,sub-04_ses-02_task-AcousStim_acq-RH_desc-raw,0.003,0,scratch,phase4d-transfer-lr-warmup__minipigs__sub-04_ses-02_task-AcousStim_acq-RH_desc-raw__scratch_uniform__scratch_uniform__lr0p003__f1__t42,fc5d48c4,phase4d-transfer-lr-warmup__minipigs__sub-04_ses-02_task-AcousStim_acq-RH_desc-raw__scratch_uniform__scratch_uniform__lr0p003__f1__t42,finished,0.29203927516937256,0.34224528074264526,True,,1714.0,False
scratch_uniform,minipigs,sub-04,sub-04_ses-02_task-AcousStim_acq-RH_desc-raw,0.0015,0,scratch,phase4d-transfer-lr-warmup__minipigs__sub-04_ses-02_task-AcousStim_acq-RH_desc-raw__scratch_uniform__scratch_uniform__lr0p0015__f1__t42,062b3ca5,phase4d-transfer-lr-warmup__minipigs__sub-04_ses-02_task-AcousStim_acq-RH_desc-raw__scratch_uniform__scratch_uniform__lr0p0015__f1__t42,finished,0.2838694751262665,0.31672143936157227,True,,832.0,False
scratch_uniform,minipigs,sub-04,sub-04_ses-03_task-AcousStim_acq-LH_desc-raw,0.0015,0,scratch,phase4d-transfer-lr-warmup__minipigs__sub-04_ses-03_task-AcousStim_acq-LH_desc-raw__scratch_uniform__scratch_uniform__lr0p0015__f1__t42,675ba2e7,phase4d-transfer-lr-warmup__minipigs__sub-04_ses-03_task-AcousStim_acq-LH_desc-raw__scratch_uniform__scratch_uniform__lr0p0015__f1__t42,finished,0.20978304743766785,0.3446725904941559,True,,3483.0,True
scratch_adapter_warmup,minipigs,sub-04,sub-04_ses-02_task-AcousStim_acq-RH_desc-raw,0.003,500,scratch,phase4d-transfer-lr-warmup__minipigs__sub-04_ses-02_task-AcousStim_acq-RH_desc-raw__scratch_adapter_warmup__scratch_adapter_warmup__lr0p003__f1__t42,cdfbb5d0,phase4d-transfer-lr-warmup__minipigs__sub-04_ses-02_task-AcousStim_acq-RH_desc-raw__scratch_adapter_warmup__scratch_adapter_warmup__lr0p003__f1__t42,finished,0.27103814482688904,0.32920041680336,True,,1322.0,False
scratch_adapter_warmup,minipigs,sub-04,sub-04_ses-02_task-AcousStim_acq-RH_desc-raw,0.0015,500,scratch,phase4d-transfer-lr-warmup__minipigs__sub-04_ses-02_task-AcousStim_acq-RH_desc-raw__scratch_adapter_warmup__scratch_adapter_warmup__lr0p0015__f1__t42,5ca47f89,phase4d-transfer-lr-warmup__minipigs__sub-04_ses-02_task-AcousStim_acq-RH_desc-raw__scratch_adapter_warmup__scratch_adapter_warmup__lr0p0015__f1__t42,finished,0.29702240228652954,0.3654128909111023,True,,1371.0,False
scratch_uniform,minipigs,sub-04,sub-04_ses-03_task-AcousStim_acq-LH_desc-raw,0.003,0,scratch,phase4d-transfer-lr-warmup__minipigs__sub-04_ses-03_task-AcousStim_acq-LH_desc-raw__scratch_uniform__scratch_uniform__lr0p003__f1__t42,005b10ab,phase4d-transfer-lr-warmup__minipigs__sub-04_ses-03_task-AcousStim_acq-LH_desc-raw__scratch_uniform__scratch_uniform__lr0p003__f1__t42,finished,0.24831397831439972,0.3448482155799866,True,,3639.0,False
scratch_uniform,minipigs,sub-04,sub-04_ses-03_task-AcousStim_acq-LH_desc-raw,0.0003,0,scratch,phase4d-transfer-lr-warmup__minipigs__sub-04_ses-03_task-AcousStim_acq-LH_desc-raw__scratch_uniform__scratch_uniform__lr0p0003__f1__t42,56cb9629,phase4d-transfer-lr-warmup__minipigs__sub-04_ses-03_task-AcousStim_acq-LH_desc-raw__scratch_uniform__scratch_uniform__lr0p0003__f1__t42,finished,0.22177141904830933,0.33579814434051514,True,,2235.0,False
scratch_adapter_warmup,minipigs,sub-04,sub-04_ses-03_task-AcousStim_acq-LH_desc-raw,0.0015,500,scratch,phase4d-transfer-lr-warmup__minipigs__sub-04_ses-03_task-AcousStim_acq-LH_desc-raw__scratch_adapter_warmup__scratch_adapter_warmup__lr0p0015__f1__t42,4a0ee686,phase4d-transfer-lr-warmup__minipigs__sub-04_ses-03_task-AcousStim_acq-LH_desc-raw__scratch_adapter_warmup__scratch_adapter_warmup__lr0p0015__f1__t42,finished,0.2204921990633011,0.2917139232158661,True,,1559.0,False
scratch_uniform,minipigs,sub-04,sub-04_ses-03_task-AcousStim_acq-RH_desc-raw,0.0015,0,scratch,phase4d-transfer-lr-warmup__minipigs__sub-04_ses-03_task-AcousStim_acq-RH_desc-raw__scratch_uniform__scratch_uniform__lr0p0015__f1__t42,9c38e62f,phase4d-transfer-lr-warmup__minipigs__sub-04_ses-03_task-AcousStim_acq-RH_desc-raw__scratch_uniform__scratch_uniform__lr0p0015__f1__t42,finished,0.2301462888717651,0.3365696966648102,True,,3327.0,False
scratch_adapter_warmup,minipigs,sub-04,sub-04_ses-03_task-AcousStim_acq-LH_desc-raw,0.0003,500,scratch,phase4d-transfer-lr-warmup__minipigs__sub-04_ses-03_task-AcousStim_acq-LH_desc-raw__scratch_adapter_warmup__scratch_adapter_warmup__lr0p0003__f1__t42,e221c21a,phase4d-transfer-lr-warmup__minipigs__sub-04_ses-03_task-AcousStim_acq-LH_desc-raw__scratch_adapter_warmup__scratch_adapter_warmup__lr0p0003__f1__t42,finished,0.22312013804912567,0.3455299139022827,True,,2235.0,False
scratch_uniform,minipigs,sub-04,sub-04_ses-03_task-AcousStim_acq-RH_desc-raw,0.003,0,scratch,phase4d-transfer-lr-warmup__minipigs__sub-04_ses-03_task-AcousStim_acq-RH_desc-raw__scratch_uniform__scratch_uniform__lr0p003__f1__t42,4ac02051,phase4d-transfer-lr-warmup__minipigs__sub-04_ses-03_task-AcousStim_acq-RH_desc-raw__scratch_uniform__scratch_uniform__lr0p003__f1__t42,finished,0.19875821471214297,0.3167519271373749,True,,1975.0,False
scratch_uniform,minipigs,sub-04,sub-04_ses-03_task-AcousStim_acq-RH_desc-raw,0.0003,0,scratch,phase4d-transfer-lr-warmup__minipigs__sub-04_ses-03_task-AcousStim_acq-RH_desc-raw__scratch_uniform__scratch_uniform__lr0p0003__f1__t42,500159d7,phase4d-transfer-lr-warmup__minipigs__sub-04_ses-03_task-AcousStim_acq-RH_desc-raw__scratch_uniform__scratch_uniform__lr0p0003__f1__t42,finished,0.21795502305030823,0.3415938913822174,True,,4107.0,False
scratch_adapter_warmup,minipigs,sub-04,sub-04_ses-03_task-AcousStim_acq-LH_desc-raw,0.003,500,scratch,phase4d-transfer-lr-warmup__minipigs__sub-04_ses-03_task-AcousStim_acq-LH_desc-raw__scratch_adapter_warmup__scratch_adapter_warmup__lr0p003__f1__t42,64aaed81,phase4d-transfer-lr-warmup__minipigs__sub-04_ses-03_task-AcousStim_acq-LH_desc-raw__scratch_adapter_warmup__scratch_adapter_warmup__lr0p003__f1__t42,finished,0.2578234076499939,0.3318132758140564,True,,1403.0,False
scratch_adapter_warmup,minipigs,sub-04,sub-04_ses-03_task-AcousStim_acq-RH_desc-raw,0.0003,500,scratch,phase4d-transfer-lr-warmup__minipigs__sub-04_ses-03_task-AcousStim_acq-RH_desc-raw__scratch_adapter_warmup__scratch_adapter_warmup__lr0p0003__f1__t42,da732045,phase4d-transfer-lr-warmup__minipigs__sub-04_ses-03_task-AcousStim_acq-RH_desc-raw__scratch_adapter_warmup__scratch_adapter_warmup__lr0p0003__f1__t42,finished,0.2074115425348282,0.3248167932033539,True,,3275.0,False
scratch_adapter_warmup,minipigs,sub-04,sub-04_ses-03_task-AcousStim_acq-RH_desc-raw,0.0015,500,scratch,phase4d-transfer-lr-warmup__minipigs__sub-04_ses-03_task-AcousStim_acq-RH_desc-raw__scratch_adapter_warmup__scratch_adapter_warmup__lr0p0015__f1__t42,7ca48390,phase4d-transfer-lr-warmup__minipigs__sub-04_ses-03_task-AcousStim_acq-RH_desc-raw__scratch_adapter_warmup__scratch_adapter_warmup__lr0p0015__f1__t42,finished,0.207107275724411,0.353552907705307,True,,3951.0,False
scratch_adapter_warmup,minipigs,sub-04,sub-04_ses-03_task-AcousStim_acq-RH_desc-raw,0.003,500,scratch,phase4d-transfer-lr-warmup__minipigs__sub-04_ses-03_task-AcousStim_acq-RH_desc-raw__scratch_adapter_warmup__scratch_adapter_warmup__lr0p003__f1__t42,efff71e9,phase4d-transfer-lr-warmup__minipigs__sub-04_ses-03_task-AcousStim_acq-RH_desc-raw__scratch_adapter_warmup__scratch_adapter_warmup__lr0p003__f1__t42,finished,0.2126401960849762,0.3448779284954071,True,,1819.0,False
scratch_uniform,minipigs,sub-04,sub-04_ses-04_task-AcousStim_acq-LH_desc-raw,0.0003,0,scratch,phase4d-transfer-lr-warmup__minipigs__sub-04_ses-04_task-AcousStim_acq-LH_desc-raw__scratch_uniform__scratch_uniform__lr0p0003__f1__t42,067b328a,phase4d-transfer-lr-warmup__minipigs__sub-04_ses-04_task-AcousStim_acq-LH_desc-raw__scratch_uniform__scratch_uniform__lr0p0003__f1__t42,finished,0.4428981244564056,0.5482783317565918,True,,2339.0,False
scratch_uniform,minipigs,sub-04,sub-04_ses-04_task-AcousStim_acq-LH_desc-raw,0.003,0,scratch,phase4d-transfer-lr-warmup__minipigs__sub-04_ses-04_task-AcousStim_acq-LH_desc-raw__scratch_uniform__scratch_uniform__lr0p003__f1__t42,df649af9,phase4d-transfer-lr-warmup__minipigs__sub-04_ses-04_task-AcousStim_acq-LH_desc-raw__scratch_uniform__scratch_uniform__lr0p003__f1__t42,finished,0.4954259991645813,0.5494315028190613,True,,2699.0,False
scratch_uniform,minipigs,sub-04,sub-04_ses-04_task-AcousStim_acq-LH_desc-raw,0.0015,0,scratch,phase4d-transfer-lr-warmup__minipigs__sub-04_ses-04_task-AcousStim_acq-LH_desc-raw__scratch_uniform__scratch_uniform__lr0p0015__f1__t42,d2e0f11a,phase4d-transfer-lr-warmup__minipigs__sub-04_ses-04_task-AcousStim_acq-LH_desc-raw__scratch_uniform__scratch_uniform__lr0p0015__f1__t42,finished,0.42198625206947327,0.5581742525100708,True,,1619.0,False
scratch_adapter_warmup,minipigs,sub-04,sub-04_ses-04_task-AcousStim_acq-LH_desc-raw,0.0003,500,scratch,phase4d-transfer-lr-warmup__minipigs__sub-04_ses-04_task-AcousStim_acq-LH_desc-raw__scratch_adapter_warmup__scratch_adapter_warmup__lr0p0003__f1__t42,df6d094e,phase4d-transfer-lr-warmup__minipigs__sub-04_ses-04_task-AcousStim_acq-LH_desc-raw__scratch_adapter_warmup__scratch_adapter_warmup__lr0p0003__f1__t42,finished,0.4466959536075592,0.506879448890686,True,,2303.0,False
scratch_uniform,minipigs,sub-04,sub-04_ses-04_task-AcousStim_acq-RH_desc-raw,0.0003,0,scratch,phase4d-transfer-lr-warmup__minipigs__sub-04_ses-04_task-AcousStim_acq-RH_desc-raw__scratch_uniform__scratch_uniform__lr0p0003__f1__t42,0a4146ca,phase4d-transfer-lr-warmup__minipigs__sub-04_ses-04_task-AcousStim_acq-RH_desc-raw__scratch_uniform__scratch_uniform__lr0p0003__f1__t42,finished,0.3011796176433563,0.5127557516098022,True,,3275.0,False
scratch_adapter_warmup,minipigs,sub-04,sub-04_ses-04_task-AcousStim_acq-LH_desc-raw,0.0015,500,scratch,phase4d-transfer-lr-warmup__minipigs__sub-04_ses-04_task-AcousStim_acq-LH_desc-raw__scratch_adapter_warmup__scratch_adapter_warmup__lr0p0015__f1__t42,ef371dbf,phase4d-transfer-lr-warmup__minipigs__sub-04_ses-04_task-AcousStim_acq-LH_desc-raw__scratch_adapter_warmup__scratch_adapter_warmup__lr0p0015__f1__t42,finished,0.3984170556068421,0.5277031064033508,True,,1547.0,False
scratch_adapter_warmup,minipigs,sub-04,sub-04_ses-04_task-AcousStim_acq-LH_desc-raw,0.003,500,scratch,phase4d-transfer-lr-warmup__minipigs__sub-04_ses-04_task-AcousStim_acq-LH_desc-raw__scratch_adapter_warmup__scratch_adapter_warmup__lr0p003__f1__t42,a7b948d8,phase4d-transfer-lr-warmup__minipigs__sub-04_ses-04_task-AcousStim_acq-LH_desc-raw__scratch_adapter_warmup__scratch_adapter_warmup__lr0p003__f1__t42,finished,0.4829980432987213,0.5242347121238708,True,,1619.0,False
scratch_uniform,minipigs,sub-04,sub-04_ses-04_task-AcousStim_acq-RH_desc-raw,0.0015,0,scratch,phase4d-transfer-lr-warmup__minipigs__sub-04_ses-04_task-AcousStim_acq-RH_desc-raw__scratch_uniform__scratch_uniform__lr0p0015__f1__t42,6e94b3f1,phase4d-transfer-lr-warmup__minipigs__sub-04_ses-04_task-AcousStim_acq-RH_desc-raw__scratch_uniform__scratch_uniform__lr0p0015__f1__t42,finished,0.34038498997688293,0.5275881290435791,True,,2879.0,False
scratch_adapter_warmup,minipigs,sub-04,sub-04_ses-04_task-AcousStim_acq-RH_desc-raw,0.0003,500,scratch,phase4d-transfer-lr-warmup__minipigs__sub-04_ses-04_task-AcousStim_acq-RH_desc-raw__scratch_adapter_warmup__scratch_adapter_warmup__lr0p0003__f1__t42,a5ad6504,phase4d-transfer-lr-warmup__minipigs__sub-04_ses-04_task-AcousStim_acq-RH_desc-raw__scratch_adapter_warmup__scratch_adapter_warmup__lr0p0003__f1__t42,finished,0.2711995840072632,0.5049331188201904,True,,3419.0,False
scratch_uniform,minipigs,sub-04,sub-04_ses-04_task-AcousStim_acq-RH_desc-raw,0.003,0,scratch,phase4d-transfer-lr-warmup__minipigs__sub-04_ses-04_task-AcousStim_acq-RH_desc-raw__scratch_uniform__scratch_uniform__lr0p003__f1__t42,7e5cf19b,phase4d-transfer-lr-warmup__minipigs__sub-04_ses-04_task-AcousStim_acq-RH_desc-raw__scratch_uniform__scratch_uniform__lr0p003__f1__t42,finished,0.3298943042755127,0.5141103863716125,True,,3275.0,False
scratch_adapter_warmup,minipigs,sub-04,sub-04_ses-04_task-AcousStim_acq-RH_desc-raw,0.0015,500,scratch,phase4d-transfer-lr-warmup__minipigs__sub-04_ses-04_task-AcousStim_acq-RH_desc-raw__scratch_adapter_warmup__scratch_adapter_warmup__lr0p0015__f1__t42,8c9be0f3,phase4d-transfer-lr-warmup__minipigs__sub-04_ses-04_task-AcousStim_acq-RH_desc-raw__scratch_adapter_warmup__scratch_adapter_warmup__lr0p0015__f1__t42,finished,0.34472525119781494,0.4959678947925568,True,,2699.0,False
scratch_uniform,minipigs,sub-05,sub-05_ses-01_task-AcousStim_acq-LH_desc-raw,0.0003,0,scratch,phase4d-transfer-lr-warmup__minipigs__sub-05_ses-01_task-AcousStim_acq-LH_desc-raw__scratch_uniform__scratch_uniform__lr0p0003__f1__t42,aa467733,phase4d-transfer-lr-warmup__minipigs__sub-05_ses-01_task-AcousStim_acq-LH_desc-raw__scratch_uniform__scratch_uniform__lr0p0003__f1__t42,finished,0.6250721216201782,0.7111029624938965,True,,1377.0,False
scratch_adapter_warmup,minipigs,sub-05,sub-05_ses-01_task-AcousStim_acq-LH_desc-raw,0.0003,500,scratch,phase4d-transfer-lr-warmup__minipigs__sub-05_ses-01_task-AcousStim_acq-LH_desc-raw__scratch_adapter_warmup__scratch_adapter_warmup__lr0p0003__f1__t42,38dd6119,phase4d-transfer-lr-warmup__minipigs__sub-05_ses-01_task-AcousStim_acq-LH_desc-raw__scratch_adapter_warmup__scratch_adapter_warmup__lr0p0003__f1__t42,finished,0.570079505443573,0.7426764369010925,True,,1533.0,False
scratch_uniform,minipigs,sub-05,sub-05_ses-01_task-AcousStim_acq-LH_desc-raw,0.0015,0,scratch,phase4d-transfer-lr-warmup__minipigs__sub-05_ses-01_task-AcousStim_acq-LH_desc-raw__scratch_uniform__scratch_uniform__lr0p0015__f1__t42,aa60bd19,phase4d-transfer-lr-warmup__minipigs__sub-05_ses-01_task-AcousStim_acq-LH_desc-raw__scratch_uniform__scratch_uniform__lr0p0015__f1__t42,finished,0.6100008487701416,0.704319953918457,True,,1299.0,False
scratch_adapter_warmup,minipigs,sub-04,sub-04_ses-04_task-AcousStim_acq-RH_desc-raw,0.003,500,scratch,phase4d-transfer-lr-warmup__minipigs__sub-04_ses-04_task-AcousStim_acq-RH_desc-raw__scratch_adapter_warmup__scratch_adapter_warmup__lr0p003__f1__t42,4343e6cf,phase4d-transfer-lr-warmup__minipigs__sub-04_ses-04_task-AcousStim_acq-RH_desc-raw__scratch_adapter_warmup__scratch_adapter_warmup__lr0p003__f1__t42,finished,0.33700984716415405,0.5189895033836365,True,,3203.0,False
scratch_adapter_warmup,minipigs,sub-05,sub-05_ses-01_task-AcousStim_acq-LH_desc-raw,0.003,500,scratch,phase4d-transfer-lr-warmup__minipigs__sub-05_ses-01_task-AcousStim_acq-LH_desc-raw__scratch_adapter_warmup__scratch_adapter_warmup__lr0p003__f1__t42,c751b58e,phase4d-transfer-lr-warmup__minipigs__sub-05_ses-01_task-AcousStim_acq-LH_desc-raw__scratch_adapter_warmup__scratch_adapter_warmup__lr0p003__f1__t42,finished,0.5302757024765015,0.6723279356956482,True,,831.0,False
scratch_adapter_warmup,minipigs,sub-05,sub-05_ses-01_task-AcousStim_acq-LH_desc-raw,0.0015,500,scratch,phase4d-transfer-lr-warmup__minipigs__sub-05_ses-01_task-AcousStim_acq-LH_desc-raw__scratch_adapter_warmup__scratch_adapter_warmup__lr0p0015__f1__t42,cb62926c,phase4d-transfer-lr-warmup__minipigs__sub-05_ses-01_task-AcousStim_acq-LH_desc-raw__scratch_adapter_warmup__scratch_adapter_warmup__lr0p0015__f1__t42,finished,0.5996031761169434,0.6714498400688171,True,,1117.0,False
scratch_adapter_warmup,minipigs,sub-05,sub-05_ses-01_task-AcousStim_acq-RH_desc-raw,0.0003,500,scratch,phase4d-transfer-lr-warmup__minipigs__sub-05_ses-01_task-AcousStim_acq-RH_desc-raw__scratch_adapter_warmup__scratch_adapter_warmup__lr0p0003__f1__t42,758e3646,phase4d-transfer-lr-warmup__minipigs__sub-05_ses-01_task-AcousStim_acq-RH_desc-raw__scratch_adapter_warmup__scratch_adapter_warmup__lr0p0003__f1__t42,finished,0.34917664527893066,0.39393946528434753,True,,1143.0,False
scratch_adapter_warmup,minipigs,sub-05,sub-05_ses-01_task-AcousStim_acq-RH_desc-raw,0.0015,500,scratch,phase4d-transfer-lr-warmup__minipigs__sub-05_ses-01_task-AcousStim_acq-RH_desc-raw__scratch_adapter_warmup__scratch_adapter_warmup__lr0p0015__f1__t42,799ca137,phase4d-transfer-lr-warmup__minipigs__sub-05_ses-01_task-AcousStim_acq-RH_desc-raw__scratch_adapter_warmup__scratch_adapter_warmup__lr0p0015__f1__t42,finished,0.35385069251060486,0.468437135219574,True,,1065.0,False
scratch_adapter_warmup,minipigs,sub-05,sub-05_ses-01_task-AcousStim_acq-RH_desc-raw,0.003,500,scratch,phase4d-transfer-lr-warmup__minipigs__sub-05_ses-01_task-AcousStim_acq-RH_desc-raw__scratch_adapter_warmup__scratch_adapter_warmup__lr0p003__f1__t42,ca1f0333,phase4d-transfer-lr-warmup__minipigs__sub-05_ses-01_task-AcousStim_acq-RH_desc-raw__scratch_adapter_warmup__scratch_adapter_warmup__lr0p003__f1__t42,finished,0.3843101859092712,0.4897943437099457,True,,1247.0,False
scratch_uniform,minipigs,sub-05,sub-05_ses-01_task-AcousStim_acq-RH_desc-raw,0.0003,0,scratch,phase4d-transfer-lr-warmup__minipigs__sub-05_ses-01_task-AcousStim_acq-RH_desc-raw__scratch_uniform__scratch_uniform__lr0p0003__f1__t42,0e1bf3fb,phase4d-transfer-lr-warmup__minipigs__sub-05_ses-01_task-AcousStim_acq-RH_desc-raw__scratch_uniform__scratch_uniform__lr0p0003__f1__t42,finished,0.33444827795028687,0.37064921855926514,True,,987.0,False
scratch_uniform,minipigs,sub-05,sub-05_ses-01_task-AcousStim_acq-RH_desc-raw,0.0015,0,scratch,phase4d-transfer-lr-warmup__minipigs__sub-05_ses-01_task-AcousStim_acq-RH_desc-raw__scratch_uniform__scratch_uniform__lr0p0015__f1__t42,9e2dc767,phase4d-transfer-lr-warmup__minipigs__sub-05_ses-01_task-AcousStim_acq-RH_desc-raw__scratch_uniform__scratch_uniform__lr0p0015__f1__t42,finished,0.3087521493434906,0.44342172145843506,True,,2131.0,True
scratch_uniform,minipigs,sub-05,sub-05_ses-01_task-AcousStim_acq-LH_desc-raw,0.003,0,scratch,phase4d-transfer-lr-warmup__minipigs__sub-05_ses-01_task-AcousStim_acq-LH_desc-raw__scratch_uniform__scratch_uniform__lr0p003__f1__t42,993b217a,phase4d-transfer-lr-warmup__minipigs__sub-05_ses-01_task-AcousStim_acq-LH_desc-raw__scratch_uniform__scratch_uniform__lr0p003__f1__t42,finished,0.5577753186225891,0.7198988795280457,True,,519.0,False
scratch_uniform,minipigs,sub-05,sub-05_ses-01_task-AcousStim_acq-RH_desc-raw,0.003,0,scratch,phase4d-transfer-lr-warmup__minipigs__sub-05_ses-01_task-AcousStim_acq-RH_desc-raw__scratch_uniform__scratch_uniform__lr0p003__f1__t42,593cab12,phase4d-transfer-lr-warmup__minipigs__sub-05_ses-01_task-AcousStim_acq-RH_desc-raw__scratch_uniform__scratch_uniform__lr0p003__f1__t42,finished,0.33421432971954346,0.48972174525260925,True,,2235.0,False
scratch_uniform,minipigs,sub-05,sub-05_ses-02_task-AcousStim_acq-LH_desc-raw,0.0003,0,scratch,phase4d-transfer-lr-warmup__minipigs__sub-05_ses-02_task-AcousStim_acq-LH_desc-raw__scratch_uniform__scratch_uniform__lr0p0003__f1__t42,2787e6bd,phase4d-transfer-lr-warmup__minipigs__sub-05_ses-02_task-AcousStim_acq-LH_desc-raw__scratch_uniform__scratch_uniform__lr0p0003__f1__t42,finished,0.48423632979393005,0.6389517188072205,True,,2049.0,False
scratch_uniform,minipigs,sub-05,sub-05_ses-02_task-AcousStim_acq-LH_desc-raw,0.0015,0,scratch,phase4d-transfer-lr-warmup__minipigs__sub-05_ses-02_task-AcousStim_acq-LH_desc-raw__scratch_uniform__scratch_uniform__lr0p0015__f1__t42,10e2b9ef,phase4d-transfer-lr-warmup__minipigs__sub-05_ses-02_task-AcousStim_acq-LH_desc-raw__scratch_uniform__scratch_uniform__lr0p0015__f1__t42,finished,0.4706049859523773,0.6171764135360718,True,,949.0,False
scratch_uniform,minipigs,sub-05,sub-05_ses-02_task-AcousStim_acq-LH_desc-raw,0.003,0,scratch,phase4d-transfer-lr-warmup__minipigs__sub-05_ses-02_task-AcousStim_acq-LH_desc-raw__scratch_uniform__scratch_uniform__lr0p003__f1__t42,d4868fd9,phase4d-transfer-lr-warmup__minipigs__sub-05_ses-02_task-AcousStim_acq-LH_desc-raw__scratch_uniform__scratch_uniform__lr0p003__f1__t42,finished,0.5048765540122986,0.7196065783500671,True,,1249.0,False
scratch_uniform,minipigs,sub-05,sub-05_ses-02_task-AcousStim_acq-RH_desc-raw,0.0003,0,scratch,phase4d-transfer-lr-warmup__minipigs__sub-05_ses-02_task-AcousStim_acq-RH_desc-raw__scratch_uniform__scratch_uniform__lr0p0003__f1__t42,36d4f1c2,phase4d-transfer-lr-warmup__minipigs__sub-05_ses-02_task-AcousStim_acq-RH_desc-raw__scratch_uniform__scratch_uniform__lr0p0003__f1__t42,finished,0.1364986002445221,0.42732593417167664,True,,3749.0,True
scratch_adapter_warmup,minipigs,sub-05,sub-05_ses-02_task-AcousStim_acq-LH_desc-raw,0.003,500,scratch,phase4d-transfer-lr-warmup__minipigs__sub-05_ses-02_task-AcousStim_acq-LH_desc-raw__scratch_adapter_warmup__scratch_adapter_warmup__lr0p003__f1__t42,427269ae,phase4d-transfer-lr-warmup__minipigs__sub-05_ses-02_task-AcousStim_acq-LH_desc-raw__scratch_adapter_warmup__scratch_adapter_warmup__lr0p003__f1__t42,finished,0.4215050041675568,0.6249088644981384,True,,1449.0,False
scratch_adapter_warmup,minipigs,sub-05,sub-05_ses-02_task-AcousStim_acq-LH_desc-raw,0.0003,500,scratch,phase4d-transfer-lr-warmup__minipigs__sub-05_ses-02_task-AcousStim_acq-LH_desc-raw__scratch_adapter_warmup__scratch_adapter_warmup__lr0p0003__f1__t42,ffa3320d,phase4d-transfer-lr-warmup__minipigs__sub-05_ses-02_task-AcousStim_acq-LH_desc-raw__scratch_adapter_warmup__scratch_adapter_warmup__lr0p0003__f1__t42,finished,0.4555560648441314,0.6509916186332703,True,,2499.0,False
scratch_adapter_warmup,minipigs,sub-05,sub-05_ses-02_task-AcousStim_acq-LH_desc-raw,0.0015,500,scratch,phase4d-transfer-lr-warmup__minipigs__sub-05_ses-02_task-AcousStim_acq-LH_desc-raw__scratch_adapter_warmup__scratch_adapter_warmup__lr0p0015__f1__t42,987f9217,phase4d-transfer-lr-warmup__minipigs__sub-05_ses-02_task-AcousStim_acq-LH_desc-raw__scratch_adapter_warmup__scratch_adapter_warmup__lr0p0015__f1__t42,finished,0.5030712485313416,0.6697251796722412,True,,1549.0,False
scratch_uniform,minipigs,sub-05,sub-05_ses-02_task-AcousStim_acq-RH_desc-raw,0.0015,0,scratch,phase4d-transfer-lr-warmup__minipigs__sub-05_ses-02_task-AcousStim_acq-RH_desc-raw__scratch_uniform__scratch_uniform__lr0p0015__f1__t42,947b195a,phase4d-transfer-lr-warmup__minipigs__sub-05_ses-02_task-AcousStim_acq-RH_desc-raw__scratch_uniform__scratch_uniform__lr0p0015__f1__t42,finished,0.16218841075897217,0.3685311675071716,True,,799.0,False
scratch_uniform,minipigs,sub-05,sub-05_ses-02_task-AcousStim_acq-RH_desc-raw,0.003,0,scratch,phase4d-transfer-lr-warmup__minipigs__sub-05_ses-02_task-AcousStim_acq-RH_desc-raw__scratch_uniform__scratch_uniform__lr0p003__f1__t42,edffe2a5,phase4d-transfer-lr-warmup__minipigs__sub-05_ses-02_task-AcousStim_acq-RH_desc-raw__scratch_uniform__scratch_uniform__lr0p003__f1__t42,finished,0.15480920672416687,0.3682473599910736,True,,4499.0,False
scratch_adapter_warmup,minipigs,sub-05,sub-05_ses-02_task-AcousStim_acq-RH_desc-raw,0.0003,500,scratch,phase4d-transfer-lr-warmup__minipigs__sub-05_ses-02_task-AcousStim_acq-RH_desc-raw__scratch_adapter_warmup__scratch_adapter_warmup__lr0p0003__f1__t42,831bc851,phase4d-transfer-lr-warmup__minipigs__sub-05_ses-02_task-AcousStim_acq-RH_desc-raw__scratch_adapter_warmup__scratch_adapter_warmup__lr0p0003__f1__t42,finished,0.11692681908607484,0.4055052995681762,True,,1949.0,False
scratch_adapter_warmup,minipigs,sub-05,sub-05_ses-02_task-AcousStim_acq-RH_desc-raw,0.0015,500,scratch,phase4d-transfer-lr-warmup__minipigs__sub-05_ses-02_task-AcousStim_acq-RH_desc-raw__scratch_adapter_warmup__scratch_adapter_warmup__lr0p0015__f1__t42,ac4c5e93,phase4d-transfer-lr-warmup__minipigs__sub-05_ses-02_task-AcousStim_acq-RH_desc-raw__scratch_adapter_warmup__scratch_adapter_warmup__lr0p0015__f1__t42,finished,0.1257060021162033,0.35995811223983765,True,,2199.0,False
scratch_uniform,minipigs,sub-06,sub-06_ses-02_task-AcousStim_acq-LH_desc-raw,0.0015,0,scratch,phase4d-transfer-lr-warmup__minipigs__sub-06_ses-02_task-AcousStim_acq-LH_desc-raw__scratch_uniform__scratch_uniform__lr0p0015__f1__t42,2ea68ca9,phase4d-transfer-lr-warmup__minipigs__sub-06_ses-02_task-AcousStim_acq-LH_desc-raw__scratch_uniform__scratch_uniform__lr0p0015__f1__t42,finished,0.2138555347919464,0.25620943307876587,True,,2143.0,False
scratch_adapter_warmup,minipigs,sub-05,sub-05_ses-02_task-AcousStim_acq-RH_desc-raw,0.003,500,scratch,phase4d-transfer-lr-warmup__minipigs__sub-05_ses-02_task-AcousStim_acq-RH_desc-raw__scratch_adapter_warmup__scratch_adapter_warmup__lr0p003__f1__t42,df600073,phase4d-transfer-lr-warmup__minipigs__sub-05_ses-02_task-AcousStim_acq-RH_desc-raw__scratch_adapter_warmup__scratch_adapter_warmup__lr0p003__f1__t42,finished,0.1396636664867401,0.33162468671798706,True,,2399.0,False
scratch_uniform,minipigs,sub-06,sub-06_ses-02_task-AcousStim_acq-LH_desc-raw,0.0003,0,scratch,phase4d-transfer-lr-warmup__minipigs__sub-06_ses-02_task-AcousStim_acq-LH_desc-raw__scratch_uniform__scratch_uniform__lr0p0003__f1__t42,2dd4c110,phase4d-transfer-lr-warmup__minipigs__sub-06_ses-02_task-AcousStim_acq-LH_desc-raw__scratch_uniform__scratch_uniform__lr0p0003__f1__t42,finished,0.23367294669151303,0.25695860385894775,True,,3751.0,False
scratch_uniform,minipigs,sub-06,sub-06_ses-02_task-AcousStim_acq-LH_desc-raw,0.003,0,scratch,phase4d-transfer-lr-warmup__minipigs__sub-06_ses-02_task-AcousStim_acq-LH_desc-raw__scratch_uniform__scratch_uniform__lr0p003__f1__t42,d2703e5d,phase4d-transfer-lr-warmup__minipigs__sub-06_ses-02_task-AcousStim_acq-LH_desc-raw__scratch_uniform__scratch_uniform__lr0p003__f1__t42,finished,0.22870588302612305,0.2331032752990723,True,,3483.0,False
scratch_adapter_warmup,minipigs,sub-06,sub-06_ses-02_task-AcousStim_acq-LH_desc-raw,0.0003,500,scratch,phase4d-transfer-lr-warmup__minipigs__sub-06_ses-02_task-AcousStim_acq-LH_desc-raw__scratch_adapter_warmup__scratch_adapter_warmup__lr0p0003__f1__t42,1bb4b27a,phase4d-transfer-lr-warmup__minipigs__sub-06_ses-02_task-AcousStim_acq-LH_desc-raw__scratch_adapter_warmup__scratch_adapter_warmup__lr0p0003__f1__t42,finished,0.21790120005607605,0.2722340226173401,True,,3751.0,False
scratch_adapter_warmup,minipigs,sub-06,sub-06_ses-02_task-AcousStim_acq-LH_desc-raw,0.0015,500,scratch,phase4d-transfer-lr-warmup__minipigs__sub-06_ses-02_task-AcousStim_acq-LH_desc-raw__scratch_adapter_warmup__scratch_adapter_warmup__lr0p0015__f1__t42,7e72d6cc,phase4d-transfer-lr-warmup__minipigs__sub-06_ses-02_task-AcousStim_acq-LH_desc-raw__scratch_adapter_warmup__scratch_adapter_warmup__lr0p0015__f1__t42,finished,0.2003065049648285,0.267881840467453,True,,2143.0,False
scratch_uniform,minipigs,sub-06,sub-06_ses-02_task-AcousStim_acq-RH_desc-raw,0.0003,0,scratch,phase4d-transfer-lr-warmup__minipigs__sub-06_ses-02_task-AcousStim_acq-RH_desc-raw__scratch_uniform__scratch_uniform__lr0p0003__f1__t42,a2ab5d36,phase4d-transfer-lr-warmup__minipigs__sub-06_ses-02_task-AcousStim_acq-RH_desc-raw__scratch_uniform__scratch_uniform__lr0p0003__f1__t42,finished,0.34690141677856445,0.4791525602340698,True,,2076.0,False
scratch_adapter_warmup,minipigs,sub-06,sub-06_ses-02_task-AcousStim_acq-LH_desc-raw,0.003,500,scratch,phase4d-transfer-lr-warmup__minipigs__sub-06_ses-02_task-AcousStim_acq-LH_desc-raw__scratch_adapter_warmup__scratch_adapter_warmup__lr0p003__f1__t42,731e25dc,phase4d-transfer-lr-warmup__minipigs__sub-06_ses-02_task-AcousStim_acq-LH_desc-raw__scratch_adapter_warmup__scratch_adapter_warmup__lr0p003__f1__t42,finished,0.2193978726863861,0.2707868814468384,True,,5024.0,False
scratch_uniform,minipigs,sub-06,sub-06_ses-02_task-AcousStim_acq-RH_desc-raw,0.0015,0,scratch,phase4d-transfer-lr-warmup__minipigs__sub-06_ses-02_task-AcousStim_acq-RH_desc-raw__scratch_uniform__scratch_uniform__lr0p0015__f1__t42,29a4936c,phase4d-transfer-lr-warmup__minipigs__sub-06_ses-02_task-AcousStim_acq-RH_desc-raw__scratch_uniform__scratch_uniform__lr0p0015__f1__t42,finished,0.2879977226257324,0.4160950183868408,True,,1272.0,False
scratch_adapter_warmup,minipigs,sub-06,sub-06_ses-02_task-AcousStim_acq-RH_desc-raw,0.0003,500,scratch,phase4d-transfer-lr-warmup__minipigs__sub-06_ses-02_task-AcousStim_acq-RH_desc-raw__scratch_adapter_warmup__scratch_adapter_warmup__lr0p0003__f1__t42,f4c157eb,phase4d-transfer-lr-warmup__minipigs__sub-06_ses-02_task-AcousStim_acq-RH_desc-raw__scratch_adapter_warmup__scratch_adapter_warmup__lr0p0003__f1__t42,finished,0.28820502758026123,0.4578974843025207,True,,2076.0,False
scratch_adapter_warmup,minipigs,sub-06,sub-06_ses-02_task-AcousStim_acq-RH_desc-raw,0.003,500,scratch,phase4d-transfer-lr-warmup__minipigs__sub-06_ses-02_task-AcousStim_acq-RH_desc-raw__scratch_adapter_warmup__scratch_adapter_warmup__lr0p003__f1__t42,7e4aa6a0,phase4d-transfer-lr-warmup__minipigs__sub-06_ses-02_task-AcousStim_acq-RH_desc-raw__scratch_adapter_warmup__scratch_adapter_warmup__lr0p003__f1__t42,finished,0.2727760374546051,0.47532451152801514,True,,1272.0,False
scratch_uniform,minipigs,sub-06,sub-06_ses-02_task-AcousStim_acq-RH_desc-raw,0.003,0,scratch,phase4d-transfer-lr-warmup__minipigs__sub-06_ses-02_task-AcousStim_acq-RH_desc-raw__scratch_uniform__scratch_uniform__lr0p003__f1__t42,f3b03d9c,phase4d-transfer-lr-warmup__minipigs__sub-06_ses-02_task-AcousStim_acq-RH_desc-raw__scratch_uniform__scratch_uniform__lr0p003__f1__t42,finished,0.29500725865364075,0.4563820362091065,True,,3148.0,False
scratch_adapter_warmup,minipigs,sub-06,sub-06_ses-02_task-AcousStim_acq-RH_desc-raw,0.0015,500,scratch,phase4d-transfer-lr-warmup__minipigs__sub-06_ses-02_task-AcousStim_acq-RH_desc-raw__scratch_adapter_warmup__scratch_adapter_warmup__lr0p0015__f1__t42,b88974bf,phase4d-transfer-lr-warmup__minipigs__sub-06_ses-02_task-AcousStim_acq-RH_desc-raw__scratch_adapter_warmup__scratch_adapter_warmup__lr0p0015__f1__t42,finished,0.3238998055458069,0.4785323441028595,True,,3684.0,False
scratch_uniform,minipigs,sub-07,sub-07_ses-01_task-AcousStim_acq-LH_desc-raw,0.0015,0,scratch,phase4d-transfer-lr-warmup__minipigs__sub-07_ses-01_task-AcousStim_acq-LH_desc-raw__scratch_uniform__scratch_uniform__lr0p0015__f1__t42,b6b46546,phase4d-transfer-lr-warmup__minipigs__sub-07_ses-01_task-AcousStim_acq-LH_desc-raw__scratch_uniform__scratch_uniform__lr0p0015__f1__t42,finished,0.5086575746536255,0.8284012079238892,True,,1409.0,False
scratch_uniform,minipigs,sub-07,sub-07_ses-01_task-AcousStim_acq-LH_desc-raw,0.0003,0,scratch,phase4d-transfer-lr-warmup__minipigs__sub-07_ses-01_task-AcousStim_acq-LH_desc-raw__scratch_uniform__scratch_uniform__lr0p0003__f1__t42,b6f835f2,phase4d-transfer-lr-warmup__minipigs__sub-07_ses-01_task-AcousStim_acq-LH_desc-raw__scratch_uniform__scratch_uniform__lr0p0003__f1__t42,finished,0.5060423016548157,0.768695056438446,True,,1649.0,False
scratch_uniform,minipigs,sub-07,sub-07_ses-02_task-AcousStim_acq-LH_desc-raw,0.0015,0,scratch,phase4d-transfer-lr-warmup__minipigs__sub-07_ses-02_task-AcousStim_acq-LH_desc-raw__scratch_uniform__scratch_uniform__lr0p0015__f1__t42,646e6b4e,phase4d-transfer-lr-warmup__minipigs__sub-07_ses-02_task-AcousStim_acq-LH_desc-raw__scratch_uniform__scratch_uniform__lr0p0015__f1__t42,finished,0.5585654973983765,0.9229370951652528,True,,1187.0,False
scratch_adapter_warmup,minipigs,sub-07,sub-07_ses-01_task-AcousStim_acq-LH_desc-raw,0.0003,500,scratch,phase4d-transfer-lr-warmup__minipigs__sub-07_ses-01_task-AcousStim_acq-LH_desc-raw__scratch_adapter_warmup__scratch_adapter_warmup__lr0p0003__f1__t42,2221b60d,phase4d-transfer-lr-warmup__minipigs__sub-07_ses-01_task-AcousStim_acq-LH_desc-raw__scratch_adapter_warmup__scratch_adapter_warmup__lr0p0003__f1__t42,finished,0.47026506066322327,0.8022028207778931,True,,2099.0,False
scratch_adapter_warmup,minipigs,sub-07,sub-07_ses-01_task-AcousStim_acq-LH_desc-raw,0.0015,500,scratch,phase4d-transfer-lr-warmup__minipigs__sub-07_ses-01_task-AcousStim_acq-LH_desc-raw__scratch_adapter_warmup__scratch_adapter_warmup__lr0p0015__f1__t42,d0134f48,phase4d-transfer-lr-warmup__minipigs__sub-07_ses-01_task-AcousStim_acq-LH_desc-raw__scratch_adapter_warmup__scratch_adapter_warmup__lr0p0015__f1__t42,finished,0.5566900968551636,0.8311054706573486,True,,1229.0,False
scratch_uniform,minipigs,sub-07,sub-07_ses-01_task-AcousStim_acq-LH_desc-raw,0.003,0,scratch,phase4d-transfer-lr-warmup__minipigs__sub-07_ses-01_task-AcousStim_acq-LH_desc-raw__scratch_uniform__scratch_uniform__lr0p003__f1__t42,1cc86a98,phase4d-transfer-lr-warmup__minipigs__sub-07_ses-01_task-AcousStim_acq-LH_desc-raw__scratch_uniform__scratch_uniform__lr0p003__f1__t42,finished,0.5124973654747009,0.8191393613815308,True,,659.0,False
scratch_adapter_warmup,minipigs,sub-07,sub-07_ses-01_task-AcousStim_acq-LH_desc-raw,0.003,500,scratch,phase4d-transfer-lr-warmup__minipigs__sub-07_ses-01_task-AcousStim_acq-LH_desc-raw__scratch_adapter_warmup__scratch_adapter_warmup__lr0p003__f1__t42,718dd4c5,phase4d-transfer-lr-warmup__minipigs__sub-07_ses-01_task-AcousStim_acq-LH_desc-raw__scratch_adapter_warmup__scratch_adapter_warmup__lr0p003__f1__t42,finished,0.5410154461860657,0.8138426542282104,True,,1439.0,False
scratch_uniform,minipigs,sub-07,sub-07_ses-02_task-AcousStim_acq-LH_desc-raw,0.0003,0,scratch,phase4d-transfer-lr-warmup__minipigs__sub-07_ses-02_task-AcousStim_acq-LH_desc-raw__scratch_uniform__scratch_uniform__lr0p0003__f1__t42,56d2329c,phase4d-transfer-lr-warmup__minipigs__sub-07_ses-02_task-AcousStim_acq-LH_desc-raw__scratch_uniform__scratch_uniform__lr0p0003__f1__t42,finished,0.562983512878418,0.9328665733337402,True,,1484.0,False
scratch_adapter_warmup,minipigs,sub-07,sub-07_ses-02_task-AcousStim_acq-LH_desc-raw,0.0003,500,scratch,phase4d-transfer-lr-warmup__minipigs__sub-07_ses-02_task-AcousStim_acq-LH_desc-raw__scratch_adapter_warmup__scratch_adapter_warmup__lr0p0003__f1__t42,8ad8602b,phase4d-transfer-lr-warmup__minipigs__sub-07_ses-02_task-AcousStim_acq-LH_desc-raw__scratch_adapter_warmup__scratch_adapter_warmup__lr0p0003__f1__t42,finished,0.5317681431770325,0.9225866198539734,True,,1754.0,False
scratch_uniform,minipigs,sub-07,sub-07_ses-02_task-AcousStim_acq-LH_desc-raw,0.003,0,scratch,phase4d-transfer-lr-warmup__minipigs__sub-07_ses-02_task-AcousStim_acq-LH_desc-raw__scratch_uniform__scratch_uniform__lr0p003__f1__t42,cbd89cc9,phase4d-transfer-lr-warmup__minipigs__sub-07_ses-02_task-AcousStim_acq-LH_desc-raw__scratch_uniform__scratch_uniform__lr0p003__f1__t42,finished,0.5402183532714844,0.92352032661438,True,,917.0,False
scratch_adapter_warmup,minipigs,sub-07,sub-07_ses-02_task-AcousStim_acq-LH_desc-raw,0.003,500,scratch,phase4d-transfer-lr-warmup__minipigs__sub-07_ses-02_task-AcousStim_acq-LH_desc-raw__scratch_adapter_warmup__scratch_adapter_warmup__lr0p003__f1__t42,35150bc8,phase4d-transfer-lr-warmup__minipigs__sub-07_ses-02_task-AcousStim_acq-LH_desc-raw__scratch_adapter_warmup__scratch_adapter_warmup__lr0p003__f1__t42,finished,0.6286311149597168,0.889952540397644,True,,701.0,False
scratch_adapter_warmup,minipigs,sub-07,sub-07_ses-02_task-AcousStim_acq-LH_desc-raw,0.0015,500,scratch,phase4d-transfer-lr-warmup__minipigs__sub-07_ses-02_task-AcousStim_acq-LH_desc-raw__scratch_adapter_warmup__scratch_adapter_warmup__lr0p0015__f1__t42,44a46bf2,phase4d-transfer-lr-warmup__minipigs__sub-07_ses-02_task-AcousStim_acq-LH_desc-raw__scratch_adapter_warmup__scratch_adapter_warmup__lr0p0015__f1__t42,finished,0.5594774484634399,0.8895769715309143,True,,1052.0,False
scratch_uniform,minipigs,sub-07,sub-07_ses-02_task-AcousStim_acq-RH_desc-raw,0.003,0,scratch,phase4d-transfer-lr-warmup__minipigs__sub-07_ses-02_task-AcousStim_acq-RH_desc-raw__scratch_uniform__scratch_uniform__lr0p003__f1__t42,d3c99766,phase4d-transfer-lr-warmup__minipigs__sub-07_ses-02_task-AcousStim_acq-RH_desc-raw__scratch_uniform__scratch_uniform__lr0p003__f1__t42,finished,0.60926353931427,0.7795656323432922,True,,805.0,False
scratch_uniform,minipigs,sub-07,sub-07_ses-02_task-AcousStim_acq-RH_desc-raw,0.0003,0,scratch,phase4d-transfer-lr-warmup__minipigs__sub-07_ses-02_task-AcousStim_acq-RH_desc-raw__scratch_uniform__scratch_uniform__lr0p0003__f1__t42,e01b4936,phase4d-transfer-lr-warmup__minipigs__sub-07_ses-02_task-AcousStim_acq-RH_desc-raw__scratch_uniform__scratch_uniform__lr0p0003__f1__t42,finished,0.6017778515815735,0.7439984083175659,True,,2391.0,False
scratch_uniform,minipigs,sub-07,sub-07_ses-02_task-AcousStim_acq-RH_desc-raw,0.0015,0,scratch,phase4d-transfer-lr-warmup__minipigs__sub-07_ses-02_task-AcousStim_acq-RH_desc-raw__scratch_uniform__scratch_uniform__lr0p0015__f1__t42,bfe6f92b,phase4d-transfer-lr-warmup__minipigs__sub-07_ses-02_task-AcousStim_acq-RH_desc-raw__scratch_uniform__scratch_uniform__lr0p0015__f1__t42,finished,0.6041119694709778,0.7860255837440491,True,,1117.0,False
scratch_adapter_warmup,minipigs,sub-07,sub-07_ses-02_task-AcousStim_acq-RH_desc-raw,0.0003,500,scratch,phase4d-transfer-lr-warmup__minipigs__sub-07_ses-02_task-AcousStim_acq-RH_desc-raw__scratch_adapter_warmup__scratch_adapter_warmup__lr0p0003__f1__t42,893e6c00,phase4d-transfer-lr-warmup__minipigs__sub-07_ses-02_task-AcousStim_acq-RH_desc-raw__scratch_adapter_warmup__scratch_adapter_warmup__lr0p0003__f1__t42,finished,0.5192210674285889,0.7271170020103455,True,,1325.0,False
scratch_adapter_warmup,minipigs,sub-07,sub-07_ses-02_task-AcousStim_acq-RH_desc-raw,0.0015,500,scratch,phase4d-transfer-lr-warmup__minipigs__sub-07_ses-02_task-AcousStim_acq-RH_desc-raw__scratch_adapter_warmup__scratch_adapter_warmup__lr0p0015__f1__t42,b467150b,phase4d-transfer-lr-warmup__minipigs__sub-07_ses-02_task-AcousStim_acq-RH_desc-raw__scratch_adapter_warmup__scratch_adapter_warmup__lr0p0015__f1__t42,finished,0.6021292805671692,0.7437907457351685,True,,935.0,False
scratch_uniform,minipigs,sub-07,sub-07_ses-03_task-AcousStim_acq-LH_desc-raw,0.0015,0,scratch,phase4d-transfer-lr-warmup__minipigs__sub-07_ses-03_task-AcousStim_acq-LH_desc-raw__scratch_uniform__scratch_uniform__lr0p0015__f1__t42,41de8172,phase4d-transfer-lr-warmup__minipigs__sub-07_ses-03_task-AcousStim_acq-LH_desc-raw__scratch_uniform__scratch_uniform__lr0p0015__f1__t42,finished,0.6838134527206421,0.953949809074402,True,,1749.0,False
scratch_uniform,minipigs,sub-07,sub-07_ses-03_task-AcousStim_acq-LH_desc-raw,0.0003,0,scratch,phase4d-transfer-lr-warmup__minipigs__sub-07_ses-03_task-AcousStim_acq-LH_desc-raw__scratch_uniform__scratch_uniform__lr0p0003__f1__t42,2aff06fb,phase4d-transfer-lr-warmup__minipigs__sub-07_ses-03_task-AcousStim_acq-LH_desc-raw__scratch_uniform__scratch_uniform__lr0p0003__f1__t42,finished,0.6673390865325928,0.9052796959877014,True,,1824.0,False
scratch_uniform,minipigs,sub-07,sub-07_ses-03_task-AcousStim_acq-LH_desc-raw,0.003,0,scratch,phase4d-transfer-lr-warmup__minipigs__sub-07_ses-03_task-AcousStim_acq-LH_desc-raw__scratch_uniform__scratch_uniform__lr0p003__f1__t42,eb95b593,phase4d-transfer-lr-warmup__minipigs__sub-07_ses-03_task-AcousStim_acq-LH_desc-raw__scratch_uniform__scratch_uniform__lr0p003__f1__t42,finished,0.800950825214386,0.9847939610481262,True,,799.0,False
scratch_adapter_warmup,minipigs,sub-07,sub-07_ses-02_task-AcousStim_acq-RH_desc-raw,0.003,500,scratch,phase4d-transfer-lr-warmup__minipigs__sub-07_ses-02_task-AcousStim_acq-RH_desc-raw__scratch_adapter_warmup__scratch_adapter_warmup__lr0p003__f1__t42,5ba45613,phase4d-transfer-lr-warmup__minipigs__sub-07_ses-02_task-AcousStim_acq-RH_desc-raw__scratch_adapter_warmup__scratch_adapter_warmup__lr0p003__f1__t42,finished,0.5657365322113037,0.725300669670105,True,,935.0,False
scratch_adapter_warmup,minipigs,sub-07,sub-07_ses-03_task-AcousStim_acq-LH_desc-raw,0.0003,500,scratch,phase4d-transfer-lr-warmup__minipigs__sub-07_ses-03_task-AcousStim_acq-LH_desc-raw__scratch_adapter_warmup__scratch_adapter_warmup__lr0p0003__f1__t42,9c1c744d,phase4d-transfer-lr-warmup__minipigs__sub-07_ses-03_task-AcousStim_acq-LH_desc-raw__scratch_adapter_warmup__scratch_adapter_warmup__lr0p0003__f1__t42,finished,0.6767719984054565,0.937698483467102,True,,2074.0,False
scratch_adapter_warmup,minipigs,sub-07,sub-07_ses-03_task-AcousStim_acq-LH_desc-raw,0.0015,500,scratch,phase4d-transfer-lr-warmup__minipigs__sub-07_ses-03_task-AcousStim_acq-LH_desc-raw__scratch_adapter_warmup__scratch_adapter_warmup__lr0p0015__f1__t42,8ee45b06,phase4d-transfer-lr-warmup__minipigs__sub-07_ses-03_task-AcousStim_acq-LH_desc-raw__scratch_adapter_warmup__scratch_adapter_warmup__lr0p0015__f1__t42,finished,0.6922272443771362,0.9545860886573792,True,,874.0,False
scratch_adapter_warmup,minipigs,sub-07,sub-07_ses-03_task-AcousStim_acq-LH_desc-raw,0.003,500,scratch,phase4d-transfer-lr-warmup__minipigs__sub-07_ses-03_task-AcousStim_acq-LH_desc-raw__scratch_adapter_warmup__scratch_adapter_warmup__lr0p003__f1__t42,c678c22d,phase4d-transfer-lr-warmup__minipigs__sub-07_ses-03_task-AcousStim_acq-LH_desc-raw__scratch_adapter_warmup__scratch_adapter_warmup__lr0p003__f1__t42,finished,0.7901632189750671,1.0,True,,1524.0,False
scratch_uniform,minipigs,sub-07,sub-07_ses-03_task-AcousStim_acq-RH_desc-raw,0.0003,0,scratch,phase4d-transfer-lr-warmup__minipigs__sub-07_ses-03_task-AcousStim_acq-RH_desc-raw__scratch_uniform__scratch_uniform__lr0p0003__f1__t42,48068132,phase4d-transfer-lr-warmup__minipigs__sub-07_ses-03_task-AcousStim_acq-RH_desc-raw__scratch_uniform__scratch_uniform__lr0p0003__f1__t42,finished,0.6200429201126099,0.8939736485481262,True,,935.0,False
scratch_adapter_warmup,minipigs,sub-07,sub-07_ses-03_task-AcousStim_acq-RH_desc-raw,0.0003,500,scratch,phase4d-transfer-lr-warmup__minipigs__sub-07_ses-03_task-AcousStim_acq-RH_desc-raw__scratch_adapter_warmup__scratch_adapter_warmup__lr0p0003__f1__t42,5d9159cc,phase4d-transfer-lr-warmup__minipigs__sub-07_ses-03_task-AcousStim_acq-RH_desc-raw__scratch_adapter_warmup__scratch_adapter_warmup__lr0p0003__f1__t42,finished,0.6202509999275208,0.916883111000061,True,,1079.0,False
scratch_uniform,minipigs,sub-07,sub-07_ses-03_task-AcousStim_acq-RH_desc-raw,0.0015,0,scratch,phase4d-transfer-lr-warmup__minipigs__sub-07_ses-03_task-AcousStim_acq-RH_desc-raw__scratch_uniform__scratch_uniform__lr0p0015__f1__t42,c41b432d,phase4d-transfer-lr-warmup__minipigs__sub-07_ses-03_task-AcousStim_acq-RH_desc-raw__scratch_uniform__scratch_uniform__lr0p0015__f1__t42,finished,0.613351583480835,0.9332097172737122,True,,671.0,False
scratch_uniform,minipigs,sub-07,sub-07_ses-04_task-AcousStim_acq-LH_desc-raw,0.0003,0,scratch,phase4d-transfer-lr-warmup__minipigs__sub-07_ses-04_task-AcousStim_acq-LH_desc-raw__scratch_uniform__scratch_uniform__lr0p0003__f1__t42,d7e7e8fd,phase4d-transfer-lr-warmup__minipigs__sub-07_ses-04_task-AcousStim_acq-LH_desc-raw__scratch_uniform__scratch_uniform__lr0p0003__f1__t42,finished,0.5265759229660034,0.8249234557151794,True,,974.0,False
scratch_uniform,minipigs,sub-07,sub-07_ses-03_task-AcousStim_acq-RH_desc-raw,0.003,0,scratch,phase4d-transfer-lr-warmup__minipigs__sub-07_ses-03_task-AcousStim_acq-RH_desc-raw__scratch_uniform__scratch_uniform__lr0p003__f1__t42,e65262b3,phase4d-transfer-lr-warmup__minipigs__sub-07_ses-03_task-AcousStim_acq-RH_desc-raw__scratch_uniform__scratch_uniform__lr0p003__f1__t42,finished,0.5943789482116699,0.9510204195976256,True,,671.0,False
scratch_uniform,minipigs,sub-07,sub-07_ses-04_task-AcousStim_acq-LH_desc-raw,0.0015,0,scratch,phase4d-transfer-lr-warmup__minipigs__sub-07_ses-04_task-AcousStim_acq-LH_desc-raw__scratch_uniform__scratch_uniform__lr0p0015__f1__t42,96c48637,phase4d-transfer-lr-warmup__minipigs__sub-07_ses-04_task-AcousStim_acq-LH_desc-raw__scratch_uniform__scratch_uniform__lr0p0015__f1__t42,finished,0.4539526402950287,0.8842592239379883,True,,899.0,False
scratch_adapter_warmup,minipigs,sub-07,sub-07_ses-03_task-AcousStim_acq-RH_desc-raw,0.0015,500,scratch,phase4d-transfer-lr-warmup__minipigs__sub-07_ses-03_task-AcousStim_acq-RH_desc-raw__scratch_adapter_warmup__scratch_adapter_warmup__lr0p0015__f1__t42,ffc7d372,phase4d-transfer-lr-warmup__minipigs__sub-07_ses-03_task-AcousStim_acq-RH_desc-raw__scratch_adapter_warmup__scratch_adapter_warmup__lr0p0015__f1__t42,finished,0.6550208926200867,0.9383429288864136,True,,863.0,False
scratch_adapter_warmup,minipigs,sub-07,sub-07_ses-04_task-AcousStim_acq-LH_desc-raw,0.0015,500,scratch,phase4d-transfer-lr-warmup__minipigs__sub-07_ses-04_task-AcousStim_acq-LH_desc-raw__scratch_adapter_warmup__scratch_adapter_warmup__lr0p0015__f1__t42,85c5d395,phase4d-transfer-lr-warmup__minipigs__sub-07_ses-04_task-AcousStim_acq-LH_desc-raw__scratch_adapter_warmup__scratch_adapter_warmup__lr0p0015__f1__t42,finished,0.5367782115936279,0.8124338984489441,True,,944.0,False
scratch_adapter_warmup,minipigs,sub-07,sub-07_ses-04_task-AcousStim_acq-LH_desc-raw,0.0003,500,scratch,phase4d-transfer-lr-warmup__minipigs__sub-07_ses-04_task-AcousStim_acq-LH_desc-raw__scratch_adapter_warmup__scratch_adapter_warmup__lr0p0003__f1__t42,2f7ce362,phase4d-transfer-lr-warmup__minipigs__sub-07_ses-04_task-AcousStim_acq-LH_desc-raw__scratch_adapter_warmup__scratch_adapter_warmup__lr0p0003__f1__t42,finished,0.4978715777397156,0.8037037253379822,True,,1604.0,False
scratch_adapter_warmup,minipigs,sub-07,sub-07_ses-03_task-AcousStim_acq-RH_desc-raw,0.003,500,scratch,phase4d-transfer-lr-warmup__minipigs__sub-07_ses-03_task-AcousStim_acq-RH_desc-raw__scratch_adapter_warmup__scratch_adapter_warmup__lr0p003__f1__t42,295ebc1c,phase4d-transfer-lr-warmup__minipigs__sub-07_ses-03_task-AcousStim_acq-RH_desc-raw__scratch_adapter_warmup__scratch_adapter_warmup__lr0p003__f1__t42,finished,0.5864986777305603,0.9697921276092528,True,,887.0,False
scratch_uniform,minipigs,sub-07,sub-07_ses-04_task-AcousStim_acq-LH_desc-raw,0.003,0,scratch,phase4d-transfer-lr-warmup__minipigs__sub-07_ses-04_task-AcousStim_acq-LH_desc-raw__scratch_uniform__scratch_uniform__lr0p003__f1__t42,24b9492e,phase4d-transfer-lr-warmup__minipigs__sub-07_ses-04_task-AcousStim_acq-LH_desc-raw__scratch_uniform__scratch_uniform__lr0p003__f1__t42,finished,0.5339506268501282,0.8781328201293945,True,,1094.0,False
scratch_adapter_warmup,minipigs,sub-07,sub-07_ses-04_task-AcousStim_acq-LH_desc-raw,0.003,500,scratch,phase4d-transfer-lr-warmup__minipigs__sub-07_ses-04_task-AcousStim_acq-LH_desc-raw__scratch_adapter_warmup__scratch_adapter_warmup__lr0p003__f1__t42,4f433227,phase4d-transfer-lr-warmup__minipigs__sub-07_ses-04_task-AcousStim_acq-LH_desc-raw__scratch_adapter_warmup__scratch_adapter_warmup__lr0p003__f1__t42,finished,0.5330293774604797,0.723202645778656,True,,329.0,False
scratch_uniform,minipigs,sub-07,sub-07_ses-04_task-AcousStim_acq-RH_desc-raw,0.0015,0,scratch,phase4d-transfer-lr-warmup__minipigs__sub-07_ses-04_task-AcousStim_acq-RH_desc-raw__scratch_uniform__scratch_uniform__lr0p0015__f1__t42,b9a3de5d,phase4d-transfer-lr-warmup__minipigs__sub-07_ses-04_task-AcousStim_acq-RH_desc-raw__scratch_uniform__scratch_uniform__lr0p0015__f1__t42,finished,0.5263180136680603,0.7570176124572754,True,,431.0,False
scratch_uniform,minipigs,sub-07,sub-07_ses-04_task-AcousStim_acq-RH_desc-raw,0.0003,0,scratch,phase4d-transfer-lr-warmup__minipigs__sub-07_ses-04_task-AcousStim_acq-RH_desc-raw__scratch_uniform__scratch_uniform__lr0p0003__f1__t42,88df0a5d,phase4d-transfer-lr-warmup__minipigs__sub-07_ses-04_task-AcousStim_acq-RH_desc-raw__scratch_uniform__scratch_uniform__lr0p0003__f1__t42,finished,0.5432108044624329,0.6986111402511597,True,,899.0,False
scratch_uniform,minipigs,sub-07,sub-07_ses-04_task-AcousStim_acq-RH_desc-raw,0.003,0,scratch,phase4d-transfer-lr-warmup__minipigs__sub-07_ses-04_task-AcousStim_acq-RH_desc-raw__scratch_uniform__scratch_uniform__lr0p003__f1__t42,8cdb78c3,phase4d-transfer-lr-warmup__minipigs__sub-07_ses-04_task-AcousStim_acq-RH_desc-raw__scratch_uniform__scratch_uniform__lr0p003__f1__t42,finished,0.5050317049026489,0.7186274528503418,True,,449.0,False
scratch_adapter_warmup,minipigs,sub-07,sub-07_ses-04_task-AcousStim_acq-RH_desc-raw,0.0003,500,scratch,phase4d-transfer-lr-warmup__minipigs__sub-07_ses-04_task-AcousStim_acq-RH_desc-raw__scratch_adapter_warmup__scratch_adapter_warmup__lr0p0003__f1__t42,ef3b452d,phase4d-transfer-lr-warmup__minipigs__sub-07_ses-04_task-AcousStim_acq-RH_desc-raw__scratch_adapter_warmup__scratch_adapter_warmup__lr0p0003__f1__t42,finished,0.5477968454360962,0.8080853819847107,True,,1331.0,False
scratch_adapter_warmup,minipigs,sub-07,sub-07_ses-05_task-AcousStim_acq-LH_desc-raw,0.0003,500,scratch,phase4d-transfer-lr-warmup__minipigs__sub-07_ses-05_task-AcousStim_acq-LH_desc-raw__scratch_adapter_warmup__scratch_adapter_warmup__lr0p0003__f1__t42,b733b2a3,phase4d-transfer-lr-warmup__minipigs__sub-07_ses-05_task-AcousStim_acq-LH_desc-raw__scratch_adapter_warmup__scratch_adapter_warmup__lr0p0003__f1__t42,finished,0.3908120989799499,0.5660637021064758,True,,2249.0,False
scratch_adapter_warmup,minipigs,sub-07,sub-07_ses-04_task-AcousStim_acq-RH_desc-raw,0.0015,500,scratch,phase4d-transfer-lr-warmup__minipigs__sub-07_ses-04_task-AcousStim_acq-RH_desc-raw__scratch_adapter_warmup__scratch_adapter_warmup__lr0p0015__f1__t42,d6f1797f,phase4d-transfer-lr-warmup__minipigs__sub-07_ses-04_task-AcousStim_acq-RH_desc-raw__scratch_adapter_warmup__scratch_adapter_warmup__lr0p0015__f1__t42,finished,0.6264004707336426,0.7015351057052612,True,,935.0,False
scratch_adapter_warmup,minipigs,sub-07,sub-07_ses-05_task-AcousStim_acq-LH_desc-raw,0.003,500,scratch,phase4d-transfer-lr-warmup__minipigs__sub-07_ses-05_task-AcousStim_acq-LH_desc-raw__scratch_adapter_warmup__scratch_adapter_warmup__lr0p003__f1__t42,26bf4cf3,phase4d-transfer-lr-warmup__minipigs__sub-07_ses-05_task-AcousStim_acq-LH_desc-raw__scratch_adapter_warmup__scratch_adapter_warmup__lr0p003__f1__t42,finished,0.3379184305667877,0.4576579928398132,True,,1224.0,False
scratch_uniform,minipigs,sub-07,sub-07_ses-05_task-AcousStim_acq-LH_desc-raw,0.0015,0,scratch,phase4d-transfer-lr-warmup__minipigs__sub-07_ses-05_task-AcousStim_acq-LH_desc-raw__scratch_uniform__scratch_uniform__lr0p0015__f1__t42,655a8f65,phase4d-transfer-lr-warmup__minipigs__sub-07_ses-05_task-AcousStim_acq-LH_desc-raw__scratch_uniform__scratch_uniform__lr0p0015__f1__t42,finished,0.32879647612571716,0.5728272199630737,True,,2774.0,True
scratch_adapter_warmup,minipigs,sub-07,sub-07_ses-04_task-AcousStim_acq-RH_desc-raw,0.003,500,scratch,phase4d-transfer-lr-warmup__minipigs__sub-07_ses-04_task-AcousStim_acq-RH_desc-raw__scratch_adapter_warmup__scratch_adapter_warmup__lr0p003__f1__t42,581edcca,phase4d-transfer-lr-warmup__minipigs__sub-07_ses-04_task-AcousStim_acq-RH_desc-raw__scratch_adapter_warmup__scratch_adapter_warmup__lr0p003__f1__t42,finished,0.6311408877372742,0.7283138632774353,True,,1079.0,False
scratch_uniform,minipigs,sub-07,sub-07_ses-05_task-AcousStim_acq-LH_desc-raw,0.0003,0,scratch,phase4d-transfer-lr-warmup__minipigs__sub-07_ses-05_task-AcousStim_acq-LH_desc-raw__scratch_uniform__scratch_uniform__lr0p0003__f1__t42,bc3341ab,phase4d-transfer-lr-warmup__minipigs__sub-07_ses-05_task-AcousStim_acq-LH_desc-raw__scratch_uniform__scratch_uniform__lr0p0003__f1__t42,finished,0.459930956363678,0.6648625135421753,True,,2899.0,False
scratch_adapter_warmup,minipigs,sub-07,sub-07_ses-05_task-AcousStim_acq-LH_desc-raw,0.0015,500,scratch,phase4d-transfer-lr-warmup__minipigs__sub-07_ses-05_task-AcousStim_acq-LH_desc-raw__scratch_adapter_warmup__scratch_adapter_warmup__lr0p0015__f1__t42,dcbf9447,phase4d-transfer-lr-warmup__minipigs__sub-07_ses-05_task-AcousStim_acq-LH_desc-raw__scratch_adapter_warmup__scratch_adapter_warmup__lr0p0015__f1__t42,finished,0.3196091055870056,0.48545950651168823,True,,1499.0,False
scratch_uniform,minipigs,sub-07,sub-07_ses-05_task-AcousStim_acq-LH_desc-raw,0.003,0,scratch,phase4d-transfer-lr-warmup__minipigs__sub-07_ses-05_task-AcousStim_acq-LH_desc-raw__scratch_uniform__scratch_uniform__lr0p003__f1__t42,053c9322,phase4d-transfer-lr-warmup__minipigs__sub-07_ses-05_task-AcousStim_acq-LH_desc-raw__scratch_uniform__scratch_uniform__lr0p003__f1__t42,finished,0.3438650369644165,0.5596131682395935,True,,1674.0,False
scratch_uniform,minipigs,sub-07,sub-07_ses-05_task-AcousStim_acq-RH_desc-raw,0.0015,0,scratch,phase4d-transfer-lr-warmup__minipigs__sub-07_ses-05_task-AcousStim_acq-RH_desc-raw__scratch_uniform__scratch_uniform__lr0p0015__f1__t42,afdaf607,phase4d-transfer-lr-warmup__minipigs__sub-07_ses-05_task-AcousStim_acq-RH_desc-raw__scratch_uniform__scratch_uniform__lr0p0015__f1__t42,finished,0.4837380349636078,0.5685890316963196,True,,1535.0,False
scratch_uniform,minipigs,sub-07,sub-07_ses-05_task-AcousStim_acq-RH_desc-raw,0.0003,0,scratch,phase4d-transfer-lr-warmup__minipigs__sub-07_ses-05_task-AcousStim_acq-RH_desc-raw__scratch_uniform__scratch_uniform__lr0p0003__f1__t42,79b499aa,phase4d-transfer-lr-warmup__minipigs__sub-07_ses-05_task-AcousStim_acq-RH_desc-raw__scratch_uniform__scratch_uniform__lr0p0003__f1__t42,finished,0.5153059363365173,0.5791933536529541,True,,1375.0,False
scratch_uniform,minipigs,sub-07,sub-07_ses-05_task-AcousStim_acq-RH_desc-raw,0.003,0,scratch,phase4d-transfer-lr-warmup__minipigs__sub-07_ses-05_task-AcousStim_acq-RH_desc-raw__scratch_uniform__scratch_uniform__lr0p003__f1__t42,e900954d,phase4d-transfer-lr-warmup__minipigs__sub-07_ses-05_task-AcousStim_acq-RH_desc-raw__scratch_uniform__scratch_uniform__lr0p003__f1__t42,finished,0.5093066692352295,0.6441969871520996,True,,639.0,False
scratch_adapter_warmup,minipigs,sub-07,sub-07_ses-05_task-AcousStim_acq-RH_desc-raw,0.0015,500,scratch,phase4d-transfer-lr-warmup__minipigs__sub-07_ses-05_task-AcousStim_acq-RH_desc-raw__scratch_adapter_warmup__scratch_adapter_warmup__lr0p0015__f1__t42,40ae54c8,phase4d-transfer-lr-warmup__minipigs__sub-07_ses-05_task-AcousStim_acq-RH_desc-raw__scratch_adapter_warmup__scratch_adapter_warmup__lr0p0015__f1__t42,finished,0.4916096031665802,0.6163066029548645,True,,1695.0,False
transfer_uniform,monkeys,sub-01,sub-01_ses-011_task-AcousStim_acq-RH_desc-raw,0.003,0,pretrained,phase4d-transfer-lr-warmup__monkeys__sub-01_ses-011_task-AcousStim_acq-RH_desc-raw__fullpool-monkeys-sub-01-sel42-model42-step500__transfer_uniform__lr0p003__f1__t42,77300a00,phase4d-transfer-lr-warmup__monkeys__sub-01_ses-011_task-AcousStim_acq-RH_desc-raw__fullpool-monkeys-sub-01-sel42-model42-step500__transfer_uniform__lr0p003__f1__t42,finished,0.3968242406845093,0.6271846294403076,True,,3995.0,False
scratch_adapter_warmup,minipigs,sub-07,sub-07_ses-05_task-AcousStim_acq-RH_desc-raw,0.003,500,scratch,phase4d-transfer-lr-warmup__minipigs__sub-07_ses-05_task-AcousStim_acq-RH_desc-raw__scratch_adapter_warmup__scratch_adapter_warmup__lr0p003__f1__t42,ad26f3c2,phase4d-transfer-lr-warmup__minipigs__sub-07_ses-05_task-AcousStim_acq-RH_desc-raw__scratch_adapter_warmup__scratch_adapter_warmup__lr0p003__f1__t42,finished,0.4652479290962219,0.5815430879592896,True,,1279.0,False
transfer_uniform,monkeys,sub-01,sub-01_ses-011_task-AcousStim_acq-RH_desc-raw,0.0003,0,pretrained,phase4d-transfer-lr-warmup__monkeys__sub-01_ses-011_task-AcousStim_acq-RH_desc-raw__fullpool-monkeys-sub-01-sel42-model42-step500__transfer_uniform__lr0p0003__f1__t42,af9d263f,phase4d-transfer-lr-warmup__monkeys__sub-01_ses-011_task-AcousStim_acq-RH_desc-raw__fullpool-monkeys-sub-01-sel42-model42-step500__transfer_uniform__lr0p0003__f1__t42,finished,0.3298410475254059,0.6064724326133728,True,,3023.0,False
transfer_discriminative,monkeys,sub-01,sub-01_ses-011_task-AcousStim_acq-RH_desc-raw,0.003,0,pretrained,phase4d-transfer-lr-warmup__monkeys__sub-01_ses-011_task-AcousStim_acq-RH_desc-raw__fullpool-monkeys-sub-01-sel42-model42-step500__transfer_discriminative__lr0p003__f1__t42,88d9483f,phase4d-transfer-lr-warmup__monkeys__sub-01_ses-011_task-AcousStim_acq-RH_desc-raw__fullpool-monkeys-sub-01-sel42-model42-step500__transfer_discriminative__lr0p003__f1__t42,finished,0.353922575712204,0.6559274792671204,True,,5075.0,False
transfer_discriminative,monkeys,sub-01,sub-01_ses-011_task-AcousStim_acq-RH_desc-raw,0.0015,0,pretrained,phase4d-transfer-lr-warmup__monkeys__sub-01_ses-011_task-AcousStim_acq-RH_desc-raw__fullpool-monkeys-sub-01-sel42-model42-step500__transfer_discriminative__lr0p0015__f1__t42,08259e9b,phase4d-transfer-lr-warmup__monkeys__sub-01_ses-011_task-AcousStim_acq-RH_desc-raw__fullpool-monkeys-sub-01-sel42-model42-step500__transfer_discriminative__lr0p0015__f1__t42,finished,0.3723685145378113,0.6261000037193298,True,,8531.0,False
transfer_adapter_warmup_uniform,monkeys,sub-01,sub-01_ses-011_task-AcousStim_acq-RH_desc-raw,0.0003,500,pretrained,phase4d-transfer-lr-warmup__monkeys__sub-01_ses-011_task-AcousStim_acq-RH_desc-raw__fullpool-monkeys-sub-01-sel42-model42-step500__transfer_adapter_warmup_uniform__lr0p0003__f1__t42,647b893a,phase4d-transfer-lr-warmup__monkeys__sub-01_ses-011_task-AcousStim_acq-RH_desc-raw__fullpool-monkeys-sub-01-sel42-model42-step500__transfer_adapter_warmup_uniform__lr0p0003__f1__t42,finished,0.3177020847797394,0.6284862160682678,True,,4103.0,False
transfer_uniform,monkeys,sub-01,sub-01_ses-011_task-AcousStim_acq-RH_desc-raw,0.0015,0,pretrained,phase4d-transfer-lr-warmup__monkeys__sub-01_ses-011_task-AcousStim_acq-RH_desc-raw__fullpool-monkeys-sub-01-sel42-model42-step500__transfer_uniform__lr0p0015__f1__t42,d996af1a,phase4d-transfer-lr-warmup__monkeys__sub-01_ses-011_task-AcousStim_acq-RH_desc-raw__fullpool-monkeys-sub-01-sel42-model42-step500__transfer_uniform__lr0p0015__f1__t42,finished,0.38075780868530273,0.6374315023422241,True,,6263.0,False
scratch_adapter_warmup,minipigs,sub-07,sub-07_ses-05_task-AcousStim_acq-RH_desc-raw,0.0003,500,scratch,phase4d-transfer-lr-warmup__minipigs__sub-07_ses-05_task-AcousStim_acq-RH_desc-raw__scratch_adapter_warmup__scratch_adapter_warmup__lr0p0003__f1__t42,08fc937b,phase4d-transfer-lr-warmup__minipigs__sub-07_ses-05_task-AcousStim_acq-RH_desc-raw__scratch_adapter_warmup__scratch_adapter_warmup__lr0p0003__f1__t42,finished,0.49481046199798584,0.5759021639823914,True,,1343.0,False
transfer_adapter_warmup_discriminative,monkeys,sub-01,sub-01_ses-011_task-AcousStim_acq-RH_desc-raw,0.0003,500,pretrained,phase4d-transfer-lr-warmup__monkeys__sub-01_ses-011_task-AcousStim_acq-RH_desc-raw__fullpool-monkeys-sub-01-sel42-model42-step500__transfer_adapter_warmup_discriminative__lr0p0003__f1__t42,84192305,phase4d-transfer-lr-warmup__monkeys__sub-01_ses-011_task-AcousStim_acq-RH_desc-raw__fullpool-monkeys-sub-01-sel42-model42-step500__transfer_adapter_warmup_discriminative__lr0p0003__f1__t42,finished,0.35196730494499207,0.548885703086853,True,,9179.0,False
transfer_adapter_warmup_uniform,monkeys,sub-01,sub-01_ses-011_task-AcousStim_acq-RH_desc-raw,0.0015,500,pretrained,phase4d-transfer-lr-warmup__monkeys__sub-01_ses-011_task-AcousStim_acq-RH_desc-raw__fullpool-monkeys-sub-01-sel42-model42-step500__transfer_adapter_warmup_uniform__lr0p0015__f1__t42,59b99a96,phase4d-transfer-lr-warmup__monkeys__sub-01_ses-011_task-AcousStim_acq-RH_desc-raw__fullpool-monkeys-sub-01-sel42-model42-step500__transfer_adapter_warmup_uniform__lr0p0015__f1__t42,finished,0.3812751173973083,0.6293045878410339,True,,3995.0,False
transfer_adapter_warmup_uniform,monkeys,sub-01,sub-01_ses-011_task-AcousStim_acq-RH_desc-raw,0.003,500,pretrained,phase4d-transfer-lr-warmup__monkeys__sub-01_ses-011_task-AcousStim_acq-RH_desc-raw__fullpool-monkeys-sub-01-sel42-model42-step500__transfer_adapter_warmup_uniform__lr0p003__f1__t42,66051ff8,phase4d-transfer-lr-warmup__monkeys__sub-01_ses-011_task-AcousStim_acq-RH_desc-raw__fullpool-monkeys-sub-01-sel42-model42-step500__transfer_adapter_warmup_uniform__lr0p003__f1__t42,finished,0.3725639581680298,0.6061431765556335,True,,3995.0,False
transfer_adapter_warmup_discriminative,monkeys,sub-01,sub-01_ses-011_task-AcousStim_acq-RH_desc-raw,0.0015,500,pretrained,phase4d-transfer-lr-warmup__monkeys__sub-01_ses-011_task-AcousStim_acq-RH_desc-raw__fullpool-monkeys-sub-01-sel42-model42-step500__transfer_adapter_warmup_discriminative__lr0p0015__f1__t42,9ce7bb51,phase4d-transfer-lr-warmup__monkeys__sub-01_ses-011_task-AcousStim_acq-RH_desc-raw__fullpool-monkeys-sub-01-sel42-model42-step500__transfer_adapter_warmup_discriminative__lr0p0015__f1__t42,finished,0.36483389139175415,0.6639650464057922,True,,4103.0,False
transfer_adapter_warmup_discriminative,monkeys,sub-01,sub-01_ses-011_task-AcousStim_acq-RH_desc-raw,0.003,500,pretrained,phase4d-transfer-lr-warmup__monkeys__sub-01_ses-011_task-AcousStim_acq-RH_desc-raw__fullpool-monkeys-sub-01-sel42-model42-step500__transfer_adapter_warmup_discriminative__lr0p003__f1__t42,bbc3668c,phase4d-transfer-lr-warmup__monkeys__sub-01_ses-011_task-AcousStim_acq-RH_desc-raw__fullpool-monkeys-sub-01-sel42-model42-step500__transfer_adapter_warmup_discriminative__lr0p003__f1__t42,finished,0.34061408042907715,0.6313505172729492,True,,2375.0,False
transfer_discriminative,monkeys,sub-01,sub-01_ses-011_task-AcousStim_acq-RH_desc-raw,0.0003,0,pretrained,phase4d-transfer-lr-warmup__monkeys__sub-01_ses-011_task-AcousStim_acq-RH_desc-raw__fullpool-monkeys-sub-01-sel42-model42-step500__transfer_discriminative__lr0p0003__f1__t42,04cd5648,phase4d-transfer-lr-warmup__monkeys__sub-01_ses-011_task-AcousStim_acq-RH_desc-raw__fullpool-monkeys-sub-01-sel42-model42-step500__transfer_discriminative__lr0p0003__f1__t42,finished,0.35281503200531006,0.5795034170150757,True,,6695.0,False
transfer_uniform,monkeys,sub-01,sub-01_ses-013_task-AcousStim_acq-RH_desc-raw,0.0003,0,pretrained,phase4d-transfer-lr-warmup__monkeys__sub-01_ses-013_task-AcousStim_acq-RH_desc-raw__fullpool-monkeys-sub-01-sel42-model42-step500__transfer_uniform__lr0p0003__f1__t42,ee7a1d30,phase4d-transfer-lr-warmup__monkeys__sub-01_ses-013_task-AcousStim_acq-RH_desc-raw__fullpool-monkeys-sub-01-sel42-model42-step500__transfer_uniform__lr0p0003__f1__t42,finished,0.3362520933151245,0.6171717047691345,True,,2545.0,False
transfer_uniform,monkeys,sub-01,sub-01_ses-013_task-AcousStim_acq-RH_desc-raw,0.0015,0,pretrained,phase4d-transfer-lr-warmup__monkeys__sub-01_ses-013_task-AcousStim_acq-RH_desc-raw__fullpool-monkeys-sub-01-sel42-model42-step500__transfer_uniform__lr0p0015__f1__t42,be0b3ee5,phase4d-transfer-lr-warmup__monkeys__sub-01_ses-013_task-AcousStim_acq-RH_desc-raw__fullpool-monkeys-sub-01-sel42-model42-step500__transfer_uniform__lr0p0015__f1__t42,finished,0.38853737711906433,0.6079102754592896,True,,1025.0,False
transfer_uniform,monkeys,sub-01,sub-01_ses-013_task-AcousStim_acq-RH_desc-raw,0.003,0,pretrained,phase4d-transfer-lr-warmup__monkeys__sub-01_ses-013_task-AcousStim_acq-RH_desc-raw__fullpool-monkeys-sub-01-sel42-model42-step500__transfer_uniform__lr0p003__f1__t42,7137a4dc,phase4d-transfer-lr-warmup__monkeys__sub-01_ses-013_task-AcousStim_acq-RH_desc-raw__fullpool-monkeys-sub-01-sel42-model42-step500__transfer_uniform__lr0p003__f1__t42,finished,0.2856094241142273,0.5844732522964478,True,,1101.0,False
transfer_discriminative,monkeys,sub-01,sub-01_ses-013_task-AcousStim_acq-RH_desc-raw,0.003,0,pretrained,phase4d-transfer-lr-warmup__monkeys__sub-01_ses-013_task-AcousStim_acq-RH_desc-raw__fullpool-monkeys-sub-01-sel42-model42-step500__transfer_discriminative__lr0p003__f1__t42,ba9d3c3a,phase4d-transfer-lr-warmup__monkeys__sub-01_ses-013_task-AcousStim_acq-RH_desc-raw__fullpool-monkeys-sub-01-sel42-model42-step500__transfer_discriminative__lr0p003__f1__t42,finished,0.4225473999977112,0.6486812829971313,True,,1633.0,False
transfer_discriminative,monkeys,sub-01,sub-01_ses-013_task-AcousStim_acq-RH_desc-raw,0.0015,0,pretrained,phase4d-transfer-lr-warmup__monkeys__sub-01_ses-013_task-AcousStim_acq-RH_desc-raw__fullpool-monkeys-sub-01-sel42-model42-step500__transfer_discriminative__lr0p0015__f1__t42,0c6e545b,phase4d-transfer-lr-warmup__monkeys__sub-01_ses-013_task-AcousStim_acq-RH_desc-raw__fullpool-monkeys-sub-01-sel42-model42-step500__transfer_discriminative__lr0p0015__f1__t42,finished,0.39604419469833374,0.5590661764144897,True,,1443.0,False
transfer_adapter_warmup_uniform,monkeys,sub-01,sub-01_ses-013_task-AcousStim_acq-RH_desc-raw,0.0003,500,pretrained,phase4d-transfer-lr-warmup__monkeys__sub-01_ses-013_task-AcousStim_acq-RH_desc-raw__fullpool-monkeys-sub-01-sel42-model42-step500__transfer_adapter_warmup_uniform__lr0p0003__f1__t42,c0b62641,phase4d-transfer-lr-warmup__monkeys__sub-01_ses-013_task-AcousStim_acq-RH_desc-raw__fullpool-monkeys-sub-01-sel42-model42-step500__transfer_adapter_warmup_uniform__lr0p0003__f1__t42,finished,0.36623433232307434,0.570777177810669,True,,3077.0,False
transfer_discriminative,monkeys,sub-01,sub-01_ses-013_task-AcousStim_acq-RH_desc-raw,0.0003,0,pretrained,phase4d-transfer-lr-warmup__monkeys__sub-01_ses-013_task-AcousStim_acq-RH_desc-raw__fullpool-monkeys-sub-01-sel42-model42-step500__transfer_discriminative__lr0p0003__f1__t42,4eccd72d,phase4d-transfer-lr-warmup__monkeys__sub-01_ses-013_task-AcousStim_acq-RH_desc-raw__fullpool-monkeys-sub-01-sel42-model42-step500__transfer_discriminative__lr0p0003__f1__t42,finished,0.31713077425956726,0.5612088441848755,True,,2317.0,False
transfer_adapter_warmup_discriminative,monkeys,sub-01,sub-01_ses-013_task-AcousStim_acq-RH_desc-raw,0.0015,500,pretrained,phase4d-transfer-lr-warmup__monkeys__sub-01_ses-013_task-AcousStim_acq-RH_desc-raw__fullpool-monkeys-sub-01-sel42-model42-step500__transfer_adapter_warmup_discriminative__lr0p0015__f1__t42,c9c84c9a,phase4d-transfer-lr-warmup__monkeys__sub-01_ses-013_task-AcousStim_acq-RH_desc-raw__fullpool-monkeys-sub-01-sel42-model42-step500__transfer_adapter_warmup_discriminative__lr0p0015__f1__t42,finished,0.3519695997238159,0.5898579359054565,True,,1557.0,False
transfer_adapter_warmup_uniform,monkeys,sub-01,sub-01_ses-013_task-AcousStim_acq-RH_desc-raw,0.003,500,pretrained,phase4d-transfer-lr-warmup__monkeys__sub-01_ses-013_task-AcousStim_acq-RH_desc-raw__fullpool-monkeys-sub-01-sel42-model42-step500__transfer_adapter_warmup_uniform__lr0p003__f1__t42,349d7a76,phase4d-transfer-lr-warmup__monkeys__sub-01_ses-013_task-AcousStim_acq-RH_desc-raw__fullpool-monkeys-sub-01-sel42-model42-step500__transfer_adapter_warmup_uniform__lr0p003__f1__t42,finished,0.30938026309013367,0.6117788553237915,True,,1709.0,False
transfer_adapter_warmup_discriminative,monkeys,sub-01,sub-01_ses-013_task-AcousStim_acq-RH_desc-raw,0.0003,500,pretrained,phase4d-transfer-lr-warmup__monkeys__sub-01_ses-013_task-AcousStim_acq-RH_desc-raw__fullpool-monkeys-sub-01-sel42-model42-step500__transfer_adapter_warmup_discriminative__lr0p0003__f1__t42,5b9502e6,phase4d-transfer-lr-warmup__monkeys__sub-01_ses-013_task-AcousStim_acq-RH_desc-raw__fullpool-monkeys-sub-01-sel42-model42-step500__transfer_adapter_warmup_discriminative__lr0p0003__f1__t42,finished,0.36660948395729065,0.5081090927124023,True,,2925.0,False
transfer_uniform,monkeys,sub-01,sub-01_ses-014_task-AcousStim_acq-RH_desc-raw,0.0003,0,pretrained,phase4d-transfer-lr-warmup__monkeys__sub-01_ses-014_task-AcousStim_acq-RH_desc-raw__fullpool-monkeys-sub-01-sel42-model42-step500__transfer_uniform__lr0p0003__f1__t42,a977394b,phase4d-transfer-lr-warmup__monkeys__sub-01_ses-014_task-AcousStim_acq-RH_desc-raw__fullpool-monkeys-sub-01-sel42-model42-step500__transfer_uniform__lr0p0003__f1__t42,finished,0.3524516224861145,0.6477605700492859,True,,4175.0,False
transfer_adapter_warmup_discriminative,monkeys,sub-01,sub-01_ses-013_task-AcousStim_acq-RH_desc-raw,0.003,500,pretrained,phase4d-transfer-lr-warmup__monkeys__sub-01_ses-013_task-AcousStim_acq-RH_desc-raw__fullpool-monkeys-sub-01-sel42-model42-step500__transfer_adapter_warmup_discriminative__lr0p003__f1__t42,fddd1e4c,phase4d-transfer-lr-warmup__monkeys__sub-01_ses-013_task-AcousStim_acq-RH_desc-raw__fullpool-monkeys-sub-01-sel42-model42-step500__transfer_adapter_warmup_discriminative__lr0p003__f1__t42,finished,0.3000694513320923,0.6404902338981628,True,,2393.0,False
transfer_uniform,monkeys,sub-01,sub-01_ses-014_task-AcousStim_acq-RH_desc-raw,0.0015,0,pretrained,phase4d-transfer-lr-warmup__monkeys__sub-01_ses-014_task-AcousStim_acq-RH_desc-raw__fullpool-monkeys-sub-01-sel42-model42-step500__transfer_uniform__lr0p0015__f1__t42,b4872086,phase4d-transfer-lr-warmup__monkeys__sub-01_ses-014_task-AcousStim_acq-RH_desc-raw__fullpool-monkeys-sub-01-sel42-model42-step500__transfer_uniform__lr0p0015__f1__t42,finished,0.30972954630851746,0.7141912579536438,True,,2029.0,False
transfer_uniform,monkeys,sub-01,sub-01_ses-014_task-AcousStim_acq-RH_desc-raw,0.003,0,pretrained,phase4d-transfer-lr-warmup__monkeys__sub-01_ses-014_task-AcousStim_acq-RH_desc-raw__fullpool-monkeys-sub-01-sel42-model42-step500__transfer_uniform__lr0p003__f1__t42,c9cf826f,phase4d-transfer-lr-warmup__monkeys__sub-01_ses-014_task-AcousStim_acq-RH_desc-raw__fullpool-monkeys-sub-01-sel42-model42-step500__transfer_uniform__lr0p003__f1__t42,finished,0.396370142698288,0.6824331879615784,True,,1913.0,False
transfer_discriminative,monkeys,sub-01,sub-01_ses-014_task-AcousStim_acq-RH_desc-raw,0.0003,0,pretrained,phase4d-transfer-lr-warmup__monkeys__sub-01_ses-014_task-AcousStim_acq-RH_desc-raw__fullpool-monkeys-sub-01-sel42-model42-step500__transfer_discriminative__lr0p0003__f1__t42,75469912,phase4d-transfer-lr-warmup__monkeys__sub-01_ses-014_task-AcousStim_acq-RH_desc-raw__fullpool-monkeys-sub-01-sel42-model42-step500__transfer_discriminative__lr0p0003__f1__t42,finished,0.3498806655406952,0.6029999852180481,True,,1739.0,False
transfer_discriminative,monkeys,sub-01,sub-01_ses-014_task-AcousStim_acq-RH_desc-raw,0.0015,0,pretrained,phase4d-transfer-lr-warmup__monkeys__sub-01_ses-014_task-AcousStim_acq-RH_desc-raw__fullpool-monkeys-sub-01-sel42-model42-step500__transfer_discriminative__lr0p0015__f1__t42,5590c9b3,phase4d-transfer-lr-warmup__monkeys__sub-01_ses-014_task-AcousStim_acq-RH_desc-raw__fullpool-monkeys-sub-01-sel42-model42-step500__transfer_discriminative__lr0p0015__f1__t42,finished,0.3238760828971863,0.6728037595748901,True,,2841.0,False
transfer_adapter_warmup_uniform,monkeys,sub-01,sub-01_ses-014_task-AcousStim_acq-RH_desc-raw,0.0003,500,pretrained,phase4d-transfer-lr-warmup__monkeys__sub-01_ses-014_task-AcousStim_acq-RH_desc-raw__fullpool-monkeys-sub-01-sel42-model42-step500__transfer_adapter_warmup_uniform__lr0p0003__f1__t42,e05a2db9,phase4d-transfer-lr-warmup__monkeys__sub-01_ses-014_task-AcousStim_acq-RH_desc-raw__fullpool-monkeys-sub-01-sel42-model42-step500__transfer_adapter_warmup_uniform__lr0p0003__f1__t42,finished,0.39139285683631897,0.6254666447639465,True,,3015.0,False
transfer_discriminative,monkeys,sub-01,sub-01_ses-014_task-AcousStim_acq-RH_desc-raw,0.003,0,pretrained,phase4d-transfer-lr-warmup__monkeys__sub-01_ses-014_task-AcousStim_acq-RH_desc-raw__fullpool-monkeys-sub-01-sel42-model42-step500__transfer_discriminative__lr0p003__f1__t42,77895a15,phase4d-transfer-lr-warmup__monkeys__sub-01_ses-014_task-AcousStim_acq-RH_desc-raw__fullpool-monkeys-sub-01-sel42-model42-step500__transfer_discriminative__lr0p003__f1__t42,finished,0.3045158386230469,0.675266683101654,True,,2087.0,False
transfer_adapter_warmup_discriminative,monkeys,sub-01,sub-01_ses-014_task-AcousStim_acq-RH_desc-raw,0.0003,500,pretrained,phase4d-transfer-lr-warmup__monkeys__sub-01_ses-014_task-AcousStim_acq-RH_desc-raw__fullpool-monkeys-sub-01-sel42-model42-step500__transfer_adapter_warmup_discriminative__lr0p0003__f1__t42,e27b26ec,phase4d-transfer-lr-warmup__monkeys__sub-01_ses-014_task-AcousStim_acq-RH_desc-raw__fullpool-monkeys-sub-01-sel42-model42-step500__transfer_adapter_warmup_discriminative__lr0p0003__f1__t42,finished,0.3378722071647644,0.5927305221557617,True,,2841.0,False
transfer_adapter_warmup_uniform,monkeys,sub-01,sub-01_ses-014_task-AcousStim_acq-RH_desc-raw,0.003,500,pretrained,phase4d-transfer-lr-warmup__monkeys__sub-01_ses-014_task-AcousStim_acq-RH_desc-raw__fullpool-monkeys-sub-01-sel42-model42-step500__transfer_adapter_warmup_uniform__lr0p003__f1__t42,c7d7c739,phase4d-transfer-lr-warmup__monkeys__sub-01_ses-014_task-AcousStim_acq-RH_desc-raw__fullpool-monkeys-sub-01-sel42-model42-step500__transfer_adapter_warmup_uniform__lr0p003__f1__t42,finished,0.34203213453292847,0.6607975363731384,True,,1623.0,False
transfer_adapter_warmup_uniform,monkeys,sub-01,sub-01_ses-014_task-AcousStim_acq-RH_desc-raw,0.0015,500,pretrained,phase4d-transfer-lr-warmup__monkeys__sub-01_ses-014_task-AcousStim_acq-RH_desc-raw__fullpool-monkeys-sub-01-sel42-model42-step500__transfer_adapter_warmup_uniform__lr0p0015__f1__t42,1bac609b,phase4d-transfer-lr-warmup__monkeys__sub-01_ses-014_task-AcousStim_acq-RH_desc-raw__fullpool-monkeys-sub-01-sel42-model42-step500__transfer_adapter_warmup_uniform__lr0p0015__f1__t42,finished,0.3352378010749817,0.6580250859260559,True,,2841.0,False
transfer_uniform,monkeys,sub-01,sub-01_ses-015_task-AcousStim_acq-RH_desc-raw,0.0003,0,pretrained,phase4d-transfer-lr-warmup__monkeys__sub-01_ses-015_task-AcousStim_acq-RH_desc-raw__fullpool-monkeys-sub-01-sel42-model42-step500__transfer_uniform__lr0p0003__f1__t42,7e77230e,phase4d-transfer-lr-warmup__monkeys__sub-01_ses-015_task-AcousStim_acq-RH_desc-raw__fullpool-monkeys-sub-01-sel42-model42-step500__transfer_uniform__lr0p0003__f1__t42,finished,0.4675261080265045,0.7435106635093689,True,,3695.0,False
transfer_adapter_warmup_discriminative,monkeys,sub-01,sub-01_ses-014_task-AcousStim_acq-RH_desc-raw,0.003,500,pretrained,phase4d-transfer-lr-warmup__monkeys__sub-01_ses-014_task-AcousStim_acq-RH_desc-raw__fullpool-monkeys-sub-01-sel42-model42-step500__transfer_adapter_warmup_discriminative__lr0p003__f1__t42,f9554907,phase4d-transfer-lr-warmup__monkeys__sub-01_ses-014_task-AcousStim_acq-RH_desc-raw__fullpool-monkeys-sub-01-sel42-model42-step500__transfer_adapter_warmup_discriminative__lr0p003__f1__t42,finished,0.2914785146713257,0.6347091794013977,True,,2551.0,False
transfer_adapter_warmup_discriminative,monkeys,sub-01,sub-01_ses-014_task-AcousStim_acq-RH_desc-raw,0.0015,500,pretrained,phase4d-transfer-lr-warmup__monkeys__sub-01_ses-014_task-AcousStim_acq-RH_desc-raw__fullpool-monkeys-sub-01-sel42-model42-step500__transfer_adapter_warmup_discriminative__lr0p0015__f1__t42,5a2d66c1,phase4d-transfer-lr-warmup__monkeys__sub-01_ses-014_task-AcousStim_acq-RH_desc-raw__fullpool-monkeys-sub-01-sel42-model42-step500__transfer_adapter_warmup_discriminative__lr0p0015__f1__t42,finished,0.3008902966976166,0.6568655371665955,True,,2203.0,False
transfer_uniform,monkeys,sub-01,sub-01_ses-015_task-AcousStim_acq-RH_desc-raw,0.0015,0,pretrained,phase4d-transfer-lr-warmup__monkeys__sub-01_ses-015_task-AcousStim_acq-RH_desc-raw__fullpool-monkeys-sub-01-sel42-model42-step500__transfer_uniform__lr0p0015__f1__t42,42a00976,phase4d-transfer-lr-warmup__monkeys__sub-01_ses-015_task-AcousStim_acq-RH_desc-raw__fullpool-monkeys-sub-01-sel42-model42-step500__transfer_uniform__lr0p0015__f1__t42,finished,0.4943565726280213,0.6566557288169861,True,,1935.0,False
transfer_discriminative,monkeys,sub-01,sub-01_ses-015_task-AcousStim_acq-RH_desc-raw,0.003,0,pretrained,phase4d-transfer-lr-warmup__monkeys__sub-01_ses-015_task-AcousStim_acq-RH_desc-raw__fullpool-monkeys-sub-01-sel42-model42-step500__transfer_discriminative__lr0p003__f1__t42,7d8ae4f1,phase4d-transfer-lr-warmup__monkeys__sub-01_ses-015_task-AcousStim_acq-RH_desc-raw__fullpool-monkeys-sub-01-sel42-model42-step500__transfer_discriminative__lr0p003__f1__t42,finished,0.45622479915618896,0.7074507474899292,True,,3563.0,False
transfer_uniform,monkeys,sub-01,sub-01_ses-015_task-AcousStim_acq-RH_desc-raw,0.003,0,pretrained,phase4d-transfer-lr-warmup__monkeys__sub-01_ses-015_task-AcousStim_acq-RH_desc-raw__fullpool-monkeys-sub-01-sel42-model42-step500__transfer_uniform__lr0p003__f1__t42,534aa230,phase4d-transfer-lr-warmup__monkeys__sub-01_ses-015_task-AcousStim_acq-RH_desc-raw__fullpool-monkeys-sub-01-sel42-model42-step500__transfer_uniform__lr0p003__f1__t42,finished,0.4422704577445984,0.6784051060676575,True,,1539.0,False
transfer_adapter_warmup_uniform,monkeys,sub-01,sub-01_ses-013_task-AcousStim_acq-RH_desc-raw,0.0015,500,pretrained,phase4d-transfer-lr-warmup__monkeys__sub-01_ses-013_task-AcousStim_acq-RH_desc-raw__fullpool-monkeys-sub-01-sel42-model42-step500__transfer_adapter_warmup_uniform__lr0p0015__f1__t42,331a215d,phase4d-transfer-lr-warmup__monkeys__sub-01_ses-013_task-AcousStim_acq-RH_desc-raw__fullpool-monkeys-sub-01-sel42-model42-step500__transfer_adapter_warmup_uniform__lr0p0015__f1__t42,finished,0.31314170360565186,0.5899895429611206,True,,1177.0,False
transfer_discriminative,monkeys,sub-01,sub-01_ses-015_task-AcousStim_acq-RH_desc-raw,0.0003,0,pretrained,phase4d-transfer-lr-warmup__monkeys__sub-01_ses-015_task-AcousStim_acq-RH_desc-raw__fullpool-monkeys-sub-01-sel42-model42-step500__transfer_discriminative__lr0p0003__f1__t42,abc703cf,phase4d-transfer-lr-warmup__monkeys__sub-01_ses-015_task-AcousStim_acq-RH_desc-raw__fullpool-monkeys-sub-01-sel42-model42-step500__transfer_discriminative__lr0p0003__f1__t42,finished,0.3358612656593323,0.6227619051933289,True,,3255.0,False
transfer_adapter_warmup_uniform,monkeys,sub-01,sub-01_ses-015_task-AcousStim_acq-RH_desc-raw,0.0003,500,pretrained,phase4d-transfer-lr-warmup__monkeys__sub-01_ses-015_task-AcousStim_acq-RH_desc-raw__fullpool-monkeys-sub-01-sel42-model42-step500__transfer_adapter_warmup_uniform__lr0p0003__f1__t42,47928ee0,phase4d-transfer-lr-warmup__monkeys__sub-01_ses-015_task-AcousStim_acq-RH_desc-raw__fullpool-monkeys-sub-01-sel42-model42-step500__transfer_adapter_warmup_uniform__lr0p0003__f1__t42,finished,0.4419729709625244,0.6677553057670593,True,,3211.0,False
transfer_discriminative,monkeys,sub-01,sub-01_ses-015_task-AcousStim_acq-RH_desc-raw,0.0015,0,pretrained,phase4d-transfer-lr-warmup__monkeys__sub-01_ses-015_task-AcousStim_acq-RH_desc-raw__fullpool-monkeys-sub-01-sel42-model42-step500__transfer_discriminative__lr0p0015__f1__t42,8de0f792,phase4d-transfer-lr-warmup__monkeys__sub-01_ses-015_task-AcousStim_acq-RH_desc-raw__fullpool-monkeys-sub-01-sel42-model42-step500__transfer_discriminative__lr0p0015__f1__t42,finished,0.46852928400039673,0.7071636915206909,True,,3651.0,False
transfer_adapter_warmup_uniform,monkeys,sub-01,sub-01_ses-015_task-AcousStim_acq-RH_desc-raw,0.0015,500,pretrained,phase4d-transfer-lr-warmup__monkeys__sub-01_ses-015_task-AcousStim_acq-RH_desc-raw__fullpool-monkeys-sub-01-sel42-model42-step500__transfer_adapter_warmup_uniform__lr0p0015__f1__t42,3d289d37,phase4d-transfer-lr-warmup__monkeys__sub-01_ses-015_task-AcousStim_acq-RH_desc-raw__fullpool-monkeys-sub-01-sel42-model42-step500__transfer_adapter_warmup_uniform__lr0p0015__f1__t42,finished,0.4479967653751374,0.6851121783256531,True,,2419.0,False
transfer_adapter_warmup_discriminative,monkeys,sub-01,sub-01_ses-015_task-AcousStim_acq-RH_desc-raw,0.0003,500,pretrained,phase4d-transfer-lr-warmup__monkeys__sub-01_ses-015_task-AcousStim_acq-RH_desc-raw__fullpool-monkeys-sub-01-sel42-model42-step500__transfer_adapter_warmup_discriminative__lr0p0003__f1__t42,008b4f41,phase4d-transfer-lr-warmup__monkeys__sub-01_ses-015_task-AcousStim_acq-RH_desc-raw__fullpool-monkeys-sub-01-sel42-model42-step500__transfer_adapter_warmup_discriminative__lr0p0003__f1__t42,finished,0.3757148683071137,0.603603184223175,True,,4795.0,False
transfer_adapter_warmup_uniform,monkeys,sub-01,sub-01_ses-015_task-AcousStim_acq-RH_desc-raw,0.003,500,pretrained,phase4d-transfer-lr-warmup__monkeys__sub-01_ses-015_task-AcousStim_acq-RH_desc-raw__fullpool-monkeys-sub-01-sel42-model42-step500__transfer_adapter_warmup_uniform__lr0p003__f1__t42,26ad976d,phase4d-transfer-lr-warmup__monkeys__sub-01_ses-015_task-AcousStim_acq-RH_desc-raw__fullpool-monkeys-sub-01-sel42-model42-step500__transfer_adapter_warmup_uniform__lr0p003__f1__t42,finished,0.41182202100753784,0.6525304317474365,True,,1627.0,False
transfer_adapter_warmup_discriminative,monkeys,sub-01,sub-01_ses-015_task-AcousStim_acq-RH_desc-raw,0.003,500,pretrained,phase4d-transfer-lr-warmup__monkeys__sub-01_ses-015_task-AcousStim_acq-RH_desc-raw__fullpool-monkeys-sub-01-sel42-model42-step500__transfer_adapter_warmup_discriminative__lr0p003__f1__t42,1d8d4520,phase4d-transfer-lr-warmup__monkeys__sub-01_ses-015_task-AcousStim_acq-RH_desc-raw__fullpool-monkeys-sub-01-sel42-model42-step500__transfer_adapter_warmup_discriminative__lr0p003__f1__t42,finished,0.44996166229248047,0.6815102696418762,True,,4443.0,False
transfer_adapter_warmup_discriminative,monkeys,sub-01,sub-01_ses-015_task-AcousStim_acq-RH_desc-raw,0.0015,500,pretrained,phase4d-transfer-lr-warmup__monkeys__sub-01_ses-015_task-AcousStim_acq-RH_desc-raw__fullpool-monkeys-sub-01-sel42-model42-step500__transfer_adapter_warmup_discriminative__lr0p0015__f1__t42,bb5bcdaf,phase4d-transfer-lr-warmup__monkeys__sub-01_ses-015_task-AcousStim_acq-RH_desc-raw__fullpool-monkeys-sub-01-sel42-model42-step500__transfer_adapter_warmup_discriminative__lr0p0015__f1__t42,finished,0.4563140273094177,0.628369927406311,True,,2419.0,False
transfer_uniform,monkeys,sub-01,sub-01_ses-02_task-AcousStim_acq-RH_desc-raw,0.0003,0,pretrained,phase4d-transfer-lr-warmup__monkeys__sub-01_ses-02_task-AcousStim_acq-RH_desc-raw__fullpool-monkeys-sub-01-sel42-model42-step500__transfer_uniform__lr0p0003__f1__t42,c7d8da66,phase4d-transfer-lr-warmup__monkeys__sub-01_ses-02_task-AcousStim_acq-RH_desc-raw__fullpool-monkeys-sub-01-sel42-model42-step500__transfer_uniform__lr0p0003__f1__t42,finished,0.36460769176483154,0.7994189858436584,True,,2519.0,False
transfer_uniform,monkeys,sub-01,sub-01_ses-02_task-AcousStim_acq-RH_desc-raw,0.0015,0,pretrained,phase4d-transfer-lr-warmup__monkeys__sub-01_ses-02_task-AcousStim_acq-RH_desc-raw__fullpool-monkeys-sub-01-sel42-model42-step500__transfer_uniform__lr0p0015__f1__t42,75f00c56,phase4d-transfer-lr-warmup__monkeys__sub-01_ses-02_task-AcousStim_acq-RH_desc-raw__fullpool-monkeys-sub-01-sel42-model42-step500__transfer_uniform__lr0p0015__f1__t42,finished,0.4968724548816681,0.7928580045700073,True,,584.0,False
transfer_discriminative,monkeys,sub-01,sub-01_ses-02_task-AcousStim_acq-RH_desc-raw,0.0015,0,pretrained,phase4d-transfer-lr-warmup__monkeys__sub-01_ses-02_task-AcousStim_acq-RH_desc-raw__fullpool-monkeys-sub-01-sel42-model42-step500__transfer_discriminative__lr0p0015__f1__t42,ee00d7ed,phase4d-transfer-lr-warmup__monkeys__sub-01_ses-02_task-AcousStim_acq-RH_desc-raw__fullpool-monkeys-sub-01-sel42-model42-step500__transfer_discriminative__lr0p0015__f1__t42,finished,0.400440514087677,0.7585960626602173,True,,764.0,False
transfer_uniform,monkeys,sub-01,sub-01_ses-02_task-AcousStim_acq-RH_desc-raw,0.003,0,pretrained,phase4d-transfer-lr-warmup__monkeys__sub-01_ses-02_task-AcousStim_acq-RH_desc-raw__fullpool-monkeys-sub-01-sel42-model42-step500__transfer_uniform__lr0p003__f1__t42,297115af,phase4d-transfer-lr-warmup__monkeys__sub-01_ses-02_task-AcousStim_acq-RH_desc-raw__fullpool-monkeys-sub-01-sel42-model42-step500__transfer_uniform__lr0p003__f1__t42,finished,0.3895841836929322,0.7442072629928589,True,,539.0,False
transfer_discriminative,monkeys,sub-01,sub-01_ses-02_task-AcousStim_acq-RH_desc-raw,0.003,0,pretrained,phase4d-transfer-lr-warmup__monkeys__sub-01_ses-02_task-AcousStim_acq-RH_desc-raw__fullpool-monkeys-sub-01-sel42-model42-step500__transfer_discriminative__lr0p003__f1__t42,8c5aa7e7,phase4d-transfer-lr-warmup__monkeys__sub-01_ses-02_task-AcousStim_acq-RH_desc-raw__fullpool-monkeys-sub-01-sel42-model42-step500__transfer_discriminative__lr0p003__f1__t42,finished,0.3937806785106659,0.7578654289245605,True,,629.0,False
transfer_discriminative,monkeys,sub-01,sub-01_ses-02_task-AcousStim_acq-RH_desc-raw,0.0003,0,pretrained,phase4d-transfer-lr-warmup__monkeys__sub-01_ses-02_task-AcousStim_acq-RH_desc-raw__fullpool-monkeys-sub-01-sel42-model42-step500__transfer_discriminative__lr0p0003__f1__t42,228dcdae,phase4d-transfer-lr-warmup__monkeys__sub-01_ses-02_task-AcousStim_acq-RH_desc-raw__fullpool-monkeys-sub-01-sel42-model42-step500__transfer_discriminative__lr0p0003__f1__t42,finished,0.4248834252357483,0.7208942174911499,True,,1484.0,False
transfer_adapter_warmup_uniform,monkeys,sub-01,sub-01_ses-02_task-AcousStim_acq-RH_desc-raw,0.0015,500,pretrained,phase4d-transfer-lr-warmup__monkeys__sub-01_ses-02_task-AcousStim_acq-RH_desc-raw__fullpool-monkeys-sub-01-sel42-model42-step500__transfer_adapter_warmup_uniform__lr0p0015__f1__t42,b8a13b95,phase4d-transfer-lr-warmup__monkeys__sub-01_ses-02_task-AcousStim_acq-RH_desc-raw__fullpool-monkeys-sub-01-sel42-model42-step500__transfer_adapter_warmup_uniform__lr0p0015__f1__t42,finished,0.32504957914352417,0.7331771850585938,True,,719.0,False
transfer_adapter_warmup_discriminative,monkeys,sub-01,sub-01_ses-02_task-AcousStim_acq-RH_desc-raw,0.0003,500,pretrained,phase4d-transfer-lr-warmup__monkeys__sub-01_ses-02_task-AcousStim_acq-RH_desc-raw__fullpool-monkeys-sub-01-sel42-model42-step500__transfer_adapter_warmup_discriminative__lr0p0003__f1__t42,1b9d28a9,phase4d-transfer-lr-warmup__monkeys__sub-01_ses-02_task-AcousStim_acq-RH_desc-raw__fullpool-monkeys-sub-01-sel42-model42-step500__transfer_adapter_warmup_discriminative__lr0p0003__f1__t42,finished,0.4000307321548462,0.7294776439666748,True,,1619.0,False
transfer_adapter_warmup_uniform,monkeys,sub-01,sub-01_ses-02_task-AcousStim_acq-RH_desc-raw,0.0003,500,pretrained,phase4d-transfer-lr-warmup__monkeys__sub-01_ses-02_task-AcousStim_acq-RH_desc-raw__fullpool-monkeys-sub-01-sel42-model42-step500__transfer_adapter_warmup_uniform__lr0p0003__f1__t42,0ddef701,phase4d-transfer-lr-warmup__monkeys__sub-01_ses-02_task-AcousStim_acq-RH_desc-raw__fullpool-monkeys-sub-01-sel42-model42-step500__transfer_adapter_warmup_uniform__lr0p0003__f1__t42,finished,0.34858572483062744,0.7265210151672363,True,,989.0,False
transfer_adapter_warmup_uniform,monkeys,sub-01,sub-01_ses-02_task-AcousStim_acq-RH_desc-raw,0.003,500,pretrained,phase4d-transfer-lr-warmup__monkeys__sub-01_ses-02_task-AcousStim_acq-RH_desc-raw__fullpool-monkeys-sub-01-sel42-model42-step500__transfer_adapter_warmup_uniform__lr0p003__f1__t42,340f0574,phase4d-transfer-lr-warmup__monkeys__sub-01_ses-02_task-AcousStim_acq-RH_desc-raw__fullpool-monkeys-sub-01-sel42-model42-step500__transfer_adapter_warmup_uniform__lr0p003__f1__t42,finished,0.4343218207359314,0.7702306509017944,True,,1664.0,False
transfer_adapter_warmup_discriminative,monkeys,sub-01,sub-01_ses-02_task-AcousStim_acq-RH_desc-raw,0.003,500,pretrained,phase4d-transfer-lr-warmup__monkeys__sub-01_ses-02_task-AcousStim_acq-RH_desc-raw__fullpool-monkeys-sub-01-sel42-model42-step500__transfer_adapter_warmup_discriminative__lr0p003__f1__t42,b28295bb,phase4d-transfer-lr-warmup__monkeys__sub-01_ses-02_task-AcousStim_acq-RH_desc-raw__fullpool-monkeys-sub-01-sel42-model42-step500__transfer_adapter_warmup_discriminative__lr0p003__f1__t42,finished,0.4326038956642151,0.7284001111984253,True,,719.0,False
transfer_adapter_warmup_discriminative,monkeys,sub-01,sub-01_ses-02_task-AcousStim_acq-RH_desc-raw,0.0015,500,pretrained,phase4d-transfer-lr-warmup__monkeys__sub-01_ses-02_task-AcousStim_acq-RH_desc-raw__fullpool-monkeys-sub-01-sel42-model42-step500__transfer_adapter_warmup_discriminative__lr0p0015__f1__t42,a1a8aefb,phase4d-transfer-lr-warmup__monkeys__sub-01_ses-02_task-AcousStim_acq-RH_desc-raw__fullpool-monkeys-sub-01-sel42-model42-step500__transfer_adapter_warmup_discriminative__lr0p0015__f1__t42,finished,0.36360177397727966,0.7220433950424194,True,,944.0,False
transfer_uniform,monkeys,sub-01,sub-01_ses-03_task-AcousStim_acq-RH_desc-raw,0.0015,0,pretrained,phase4d-transfer-lr-warmup__monkeys__sub-01_ses-03_task-AcousStim_acq-RH_desc-raw__fullpool-monkeys-sub-01-sel42-model42-step500__transfer_uniform__lr0p0015__f1__t42,064a36d1,phase4d-transfer-lr-warmup__monkeys__sub-01_ses-03_task-AcousStim_acq-RH_desc-raw__fullpool-monkeys-sub-01-sel42-model42-step500__transfer_uniform__lr0p0015__f1__t42,finished,0.40108412504196167,0.8906848430633545,True,,1239.0,False
transfer_uniform,monkeys,sub-01,sub-01_ses-03_task-AcousStim_acq-RH_desc-raw,0.0003,0,pretrained,phase4d-transfer-lr-warmup__monkeys__sub-01_ses-03_task-AcousStim_acq-RH_desc-raw__fullpool-monkeys-sub-01-sel42-model42-step500__transfer_uniform__lr0p0003__f1__t42,9568c03d,phase4d-transfer-lr-warmup__monkeys__sub-01_ses-03_task-AcousStim_acq-RH_desc-raw__fullpool-monkeys-sub-01-sel42-model42-step500__transfer_uniform__lr0p0003__f1__t42,finished,0.3576110601425171,0.8306320905685425,True,,1519.0,False
transfer_uniform,monkeys,sub-01,sub-01_ses-03_task-AcousStim_acq-RH_desc-raw,0.003,0,pretrained,phase4d-transfer-lr-warmup__monkeys__sub-01_ses-03_task-AcousStim_acq-RH_desc-raw__fullpool-monkeys-sub-01-sel42-model42-step500__transfer_uniform__lr0p003__f1__t42,c566cd4d,phase4d-transfer-lr-warmup__monkeys__sub-01_ses-03_task-AcousStim_acq-RH_desc-raw__fullpool-monkeys-sub-01-sel42-model42-step500__transfer_uniform__lr0p003__f1__t42,finished,0.4310258626937866,0.8983279466629028,True,,679.0,False
transfer_adapter_warmup_uniform,monkeys,sub-01,sub-01_ses-03_task-AcousStim_acq-RH_desc-raw,0.0003,500,pretrained,phase4d-transfer-lr-warmup__monkeys__sub-01_ses-03_task-AcousStim_acq-RH_desc-raw__fullpool-monkeys-sub-01-sel42-model42-step500__transfer_adapter_warmup_uniform__lr0p0003__f1__t42,57a61624,phase4d-transfer-lr-warmup__monkeys__sub-01_ses-03_task-AcousStim_acq-RH_desc-raw__fullpool-monkeys-sub-01-sel42-model42-step500__transfer_adapter_warmup_uniform__lr0p0003__f1__t42,finished,0.3440437912940979,0.7808069586753845,True,,1719.0,False
transfer_discriminative,monkeys,sub-01,sub-01_ses-03_task-AcousStim_acq-RH_desc-raw,0.0003,0,pretrained,phase4d-transfer-lr-warmup__monkeys__sub-01_ses-03_task-AcousStim_acq-RH_desc-raw__fullpool-monkeys-sub-01-sel42-model42-step500__transfer_discriminative__lr0p0003__f1__t42,76876859,phase4d-transfer-lr-warmup__monkeys__sub-01_ses-03_task-AcousStim_acq-RH_desc-raw__fullpool-monkeys-sub-01-sel42-model42-step500__transfer_discriminative__lr0p0003__f1__t42,finished,0.37590181827545166,0.8060729503631592,True,,1679.0,False
transfer_discriminative,monkeys,sub-01,sub-01_ses-03_task-AcousStim_acq-RH_desc-raw,0.0015,0,pretrained,phase4d-transfer-lr-warmup__monkeys__sub-01_ses-03_task-AcousStim_acq-RH_desc-raw__fullpool-monkeys-sub-01-sel42-model42-step500__transfer_discriminative__lr0p0015__f1__t42,372786ab,phase4d-transfer-lr-warmup__monkeys__sub-01_ses-03_task-AcousStim_acq-RH_desc-raw__fullpool-monkeys-sub-01-sel42-model42-step500__transfer_discriminative__lr0p0015__f1__t42,finished,0.39719158411026,0.8624532222747803,True,,1159.0,False
transfer_discriminative,monkeys,sub-01,sub-01_ses-03_task-AcousStim_acq-RH_desc-raw,0.003,0,pretrained,phase4d-transfer-lr-warmup__monkeys__sub-01_ses-03_task-AcousStim_acq-RH_desc-raw__fullpool-monkeys-sub-01-sel42-model42-step500__transfer_discriminative__lr0p003__f1__t42,1ec659c7,phase4d-transfer-lr-warmup__monkeys__sub-01_ses-03_task-AcousStim_acq-RH_desc-raw__fullpool-monkeys-sub-01-sel42-model42-step500__transfer_discriminative__lr0p003__f1__t42,finished,0.4500442147254944,0.9168651103973388,True,,1119.0,False
transfer_adapter_warmup_uniform,monkeys,sub-01,sub-01_ses-03_task-AcousStim_acq-RH_desc-raw,0.003,500,pretrained,phase4d-transfer-lr-warmup__monkeys__sub-01_ses-03_task-AcousStim_acq-RH_desc-raw__fullpool-monkeys-sub-01-sel42-model42-step500__transfer_adapter_warmup_uniform__lr0p003__f1__t42,b6537936,phase4d-transfer-lr-warmup__monkeys__sub-01_ses-03_task-AcousStim_acq-RH_desc-raw__fullpool-monkeys-sub-01-sel42-model42-step500__transfer_adapter_warmup_uniform__lr0p003__f1__t42,finished,0.4540849924087525,0.8992393016815186,True,,1159.0,False
transfer_adapter_warmup_uniform,monkeys,sub-01,sub-01_ses-03_task-AcousStim_acq-RH_desc-raw,0.0015,500,pretrained,phase4d-transfer-lr-warmup__monkeys__sub-01_ses-03_task-AcousStim_acq-RH_desc-raw__fullpool-monkeys-sub-01-sel42-model42-step500__transfer_adapter_warmup_uniform__lr0p0015__f1__t42,9835ea4e,phase4d-transfer-lr-warmup__monkeys__sub-01_ses-03_task-AcousStim_acq-RH_desc-raw__fullpool-monkeys-sub-01-sel42-model42-step500__transfer_adapter_warmup_uniform__lr0p0015__f1__t42,finished,0.40889471769332886,0.8783646821975708,True,,879.0,False
transfer_uniform,monkeys,sub-01,sub-01_ses-04_task-AcousStim_acq-RH_desc-raw,0.0015,0,pretrained,phase4d-transfer-lr-warmup__monkeys__sub-01_ses-04_task-AcousStim_acq-RH_desc-raw__fullpool-monkeys-sub-01-sel42-model42-step500__transfer_uniform__lr0p0015__f1__t42,d8c08ccc,phase4d-transfer-lr-warmup__monkeys__sub-01_ses-04_task-AcousStim_acq-RH_desc-raw__fullpool-monkeys-sub-01-sel42-model42-step500__transfer_uniform__lr0p0015__f1__t42,finished,0.5862289667129517,0.7147055864334106,True,,4139.0,False
transfer_adapter_warmup_discriminative,monkeys,sub-01,sub-01_ses-03_task-AcousStim_acq-RH_desc-raw,0.0015,500,pretrained,phase4d-transfer-lr-warmup__monkeys__sub-01_ses-03_task-AcousStim_acq-RH_desc-raw__fullpool-monkeys-sub-01-sel42-model42-step500__transfer_adapter_warmup_discriminative__lr0p0015__f1__t42,3d0fed87,phase4d-transfer-lr-warmup__monkeys__sub-01_ses-03_task-AcousStim_acq-RH_desc-raw__fullpool-monkeys-sub-01-sel42-model42-step500__transfer_adapter_warmup_discriminative__lr0p0015__f1__t42,finished,0.3591398596763611,0.8394893407821655,True,,1359.0,False
transfer_uniform,monkeys,sub-01,sub-01_ses-04_task-AcousStim_acq-RH_desc-raw,0.0003,0,pretrained,phase4d-transfer-lr-warmup__monkeys__sub-01_ses-04_task-AcousStim_acq-RH_desc-raw__fullpool-monkeys-sub-01-sel42-model42-step500__transfer_uniform__lr0p0003__f1__t42,abebd21e,phase4d-transfer-lr-warmup__monkeys__sub-01_ses-04_task-AcousStim_acq-RH_desc-raw__fullpool-monkeys-sub-01-sel42-model42-step500__transfer_uniform__lr0p0003__f1__t42,finished,0.4858815371990204,0.7478281259536743,True,,4070.0,False
transfer_adapter_warmup_discriminative,monkeys,sub-01,sub-01_ses-03_task-AcousStim_acq-RH_desc-raw,0.003,500,pretrained,phase4d-transfer-lr-warmup__monkeys__sub-01_ses-03_task-AcousStim_acq-RH_desc-raw__fullpool-monkeys-sub-01-sel42-model42-step500__transfer_adapter_warmup_discriminative__lr0p003__f1__t42,9f92fcd4,phase4d-transfer-lr-warmup__monkeys__sub-01_ses-03_task-AcousStim_acq-RH_desc-raw__fullpool-monkeys-sub-01-sel42-model42-step500__transfer_adapter_warmup_discriminative__lr0p003__f1__t42,finished,0.4454604387283325,0.8993867039680481,True,,1839.0,False
transfer_adapter_warmup_discriminative,monkeys,sub-01,sub-01_ses-03_task-AcousStim_acq-RH_desc-raw,0.0003,500,pretrained,phase4d-transfer-lr-warmup__monkeys__sub-01_ses-03_task-AcousStim_acq-RH_desc-raw__fullpool-monkeys-sub-01-sel42-model42-step500__transfer_adapter_warmup_discriminative__lr0p0003__f1__t42,f8fb8a36,phase4d-transfer-lr-warmup__monkeys__sub-01_ses-03_task-AcousStim_acq-RH_desc-raw__fullpool-monkeys-sub-01-sel42-model42-step500__transfer_adapter_warmup_discriminative__lr0p0003__f1__t42,finished,0.3672746419906616,0.8157275915145874,True,,1759.0,False
transfer_discriminative,monkeys,sub-01,sub-01_ses-04_task-AcousStim_acq-RH_desc-raw,0.0015,0,pretrained,phase4d-transfer-lr-warmup__monkeys__sub-01_ses-04_task-AcousStim_acq-RH_desc-raw__fullpool-monkeys-sub-01-sel42-model42-step500__transfer_discriminative__lr0p0015__f1__t42,b6124580,phase4d-transfer-lr-warmup__monkeys__sub-01_ses-04_task-AcousStim_acq-RH_desc-raw__fullpool-monkeys-sub-01-sel42-model42-step500__transfer_discriminative__lr0p0015__f1__t42,finished,0.5121440291404724,0.777349591255188,True,,3656.0,False
transfer_discriminative,monkeys,sub-01,sub-01_ses-04_task-AcousStim_acq-RH_desc-raw,0.003,0,pretrained,phase4d-transfer-lr-warmup__monkeys__sub-01_ses-04_task-AcousStim_acq-RH_desc-raw__fullpool-monkeys-sub-01-sel42-model42-step500__transfer_discriminative__lr0p003__f1__t42,045aee84,phase4d-transfer-lr-warmup__monkeys__sub-01_ses-04_task-AcousStim_acq-RH_desc-raw__fullpool-monkeys-sub-01-sel42-model42-step500__transfer_discriminative__lr0p003__f1__t42,finished,0.5466243624687195,0.7648929357528687,True,,5450.0,False
transfer_uniform,monkeys,sub-01,sub-01_ses-04_task-AcousStim_acq-RH_desc-raw,0.003,0,pretrained,phase4d-transfer-lr-warmup__monkeys__sub-01_ses-04_task-AcousStim_acq-RH_desc-raw__fullpool-monkeys-sub-01-sel42-model42-step500__transfer_uniform__lr0p003__f1__t42,f49f4208,phase4d-transfer-lr-warmup__monkeys__sub-01_ses-04_task-AcousStim_acq-RH_desc-raw__fullpool-monkeys-sub-01-sel42-model42-step500__transfer_uniform__lr0p003__f1__t42,finished,0.4649397134780884,0.7335537672042847,True,,4622.0,False
transfer_discriminative,monkeys,sub-01,sub-01_ses-04_task-AcousStim_acq-RH_desc-raw,0.0003,0,pretrained,phase4d-transfer-lr-warmup__monkeys__sub-01_ses-04_task-AcousStim_acq-RH_desc-raw__fullpool-monkeys-sub-01-sel42-model42-step500__transfer_discriminative__lr0p0003__f1__t42,2d38b583,phase4d-transfer-lr-warmup__monkeys__sub-01_ses-04_task-AcousStim_acq-RH_desc-raw__fullpool-monkeys-sub-01-sel42-model42-step500__transfer_discriminative__lr0p0003__f1__t42,finished,0.5161292552947998,0.7728668451309204,True,,6761.0,False
transfer_adapter_warmup_uniform,monkeys,sub-01,sub-01_ses-04_task-AcousStim_acq-RH_desc-raw,0.0003,500,pretrained,phase4d-transfer-lr-warmup__monkeys__sub-01_ses-04_task-AcousStim_acq-RH_desc-raw__fullpool-monkeys-sub-01-sel42-model42-step500__transfer_adapter_warmup_uniform__lr0p0003__f1__t42,067929db,phase4d-transfer-lr-warmup__monkeys__sub-01_ses-04_task-AcousStim_acq-RH_desc-raw__fullpool-monkeys-sub-01-sel42-model42-step500__transfer_adapter_warmup_uniform__lr0p0003__f1__t42,finished,0.5182838439941406,0.7816568613052368,True,,4139.0,False
transfer_adapter_warmup_discriminative,monkeys,sub-01,sub-01_ses-04_task-AcousStim_acq-RH_desc-raw,0.003,500,pretrained,phase4d-transfer-lr-warmup__monkeys__sub-01_ses-04_task-AcousStim_acq-RH_desc-raw__fullpool-monkeys-sub-01-sel42-model42-step500__transfer_adapter_warmup_discriminative__lr0p003__f1__t42,2ca9344a,phase4d-transfer-lr-warmup__monkeys__sub-01_ses-04_task-AcousStim_acq-RH_desc-raw__fullpool-monkeys-sub-01-sel42-model42-step500__transfer_adapter_warmup_discriminative__lr0p003__f1__t42,finished,0.5643869042396545,0.7961783409118652,True,,8693.0,False
transfer_adapter_warmup_uniform,monkeys,sub-01,sub-01_ses-04_task-AcousStim_acq-RH_desc-raw,0.0015,500,pretrained,phase4d-transfer-lr-warmup__monkeys__sub-01_ses-04_task-AcousStim_acq-RH_desc-raw__fullpool-monkeys-sub-01-sel42-model42-step500__transfer_adapter_warmup_uniform__lr0p0015__f1__t42,e27095b6,phase4d-transfer-lr-warmup__monkeys__sub-01_ses-04_task-AcousStim_acq-RH_desc-raw__fullpool-monkeys-sub-01-sel42-model42-step500__transfer_adapter_warmup_uniform__lr0p0015__f1__t42,finished,0.5694427490234375,0.7579644918441772,True,,5105.0,False
transfer_adapter_warmup_discriminative,monkeys,sub-01,sub-01_ses-04_task-AcousStim_acq-RH_desc-raw,0.0003,500,pretrained,phase4d-transfer-lr-warmup__monkeys__sub-01_ses-04_task-AcousStim_acq-RH_desc-raw__fullpool-monkeys-sub-01-sel42-model42-step500__transfer_adapter_warmup_discriminative__lr0p0003__f1__t42,024dc70f,phase4d-transfer-lr-warmup__monkeys__sub-01_ses-04_task-AcousStim_acq-RH_desc-raw__fullpool-monkeys-sub-01-sel42-model42-step500__transfer_adapter_warmup_discriminative__lr0p0003__f1__t42,finished,0.5082616806030273,0.7360455989837646,True,,8348.0,False
transfer_adapter_warmup_discriminative,monkeys,sub-01,sub-01_ses-04_task-AcousStim_acq-RH_desc-raw,0.0015,500,pretrained,phase4d-transfer-lr-warmup__monkeys__sub-01_ses-04_task-AcousStim_acq-RH_desc-raw__fullpool-monkeys-sub-01-sel42-model42-step500__transfer_adapter_warmup_discriminative__lr0p0015__f1__t42,bc7fd9b7,phase4d-transfer-lr-warmup__monkeys__sub-01_ses-04_task-AcousStim_acq-RH_desc-raw__fullpool-monkeys-sub-01-sel42-model42-step500__transfer_adapter_warmup_discriminative__lr0p0015__f1__t42,finished,0.557060718536377,0.7519190311431885,True,,5381.0,False
transfer_uniform,monkeys,sub-01,sub-01_ses-07_task-AcousStim_acq-RH_desc-raw,0.0003,0,pretrained,phase4d-transfer-lr-warmup__monkeys__sub-01_ses-07_task-AcousStim_acq-RH_desc-raw__fullpool-monkeys-sub-01-sel42-model42-step500__transfer_uniform__lr0p0003__f1__t42,61278ed9,phase4d-transfer-lr-warmup__monkeys__sub-01_ses-07_task-AcousStim_acq-RH_desc-raw__fullpool-monkeys-sub-01-sel42-model42-step500__transfer_uniform__lr0p0003__f1__t42,finished,0.4061794579029083,0.5468062162399292,True,,3695.0,False
transfer_discriminative,monkeys,sub-01,sub-01_ses-07_task-AcousStim_acq-RH_desc-raw,0.0003,0,pretrained,phase4d-transfer-lr-warmup__monkeys__sub-01_ses-07_task-AcousStim_acq-RH_desc-raw__fullpool-monkeys-sub-01-sel42-model42-step500__transfer_discriminative__lr0p0003__f1__t42,e28fd584,phase4d-transfer-lr-warmup__monkeys__sub-01_ses-07_task-AcousStim_acq-RH_desc-raw__fullpool-monkeys-sub-01-sel42-model42-step500__transfer_discriminative__lr0p0003__f1__t42,finished,0.3620101809501648,0.5960386991500854,True,,8854.0,False
transfer_uniform,monkeys,sub-01,sub-01_ses-07_task-AcousStim_acq-RH_desc-raw,0.0015,0,pretrained,phase4d-transfer-lr-warmup__monkeys__sub-01_ses-07_task-AcousStim_acq-RH_desc-raw__fullpool-monkeys-sub-01-sel42-model42-step500__transfer_uniform__lr0p0015__f1__t42,84c61641,phase4d-transfer-lr-warmup__monkeys__sub-01_ses-07_task-AcousStim_acq-RH_desc-raw__fullpool-monkeys-sub-01-sel42-model42-step500__transfer_uniform__lr0p0015__f1__t42,finished,0.3670707941055298,0.6768760085105896,True,,5774.0,False
transfer_adapter_warmup_uniform,monkeys,sub-01,sub-01_ses-04_task-AcousStim_acq-RH_desc-raw,0.003,500,pretrained,phase4d-transfer-lr-warmup__monkeys__sub-01_ses-04_task-AcousStim_acq-RH_desc-raw__fullpool-monkeys-sub-01-sel42-model42-step500__transfer_adapter_warmup_uniform__lr0p003__f1__t42,34f25d77,phase4d-transfer-lr-warmup__monkeys__sub-01_ses-04_task-AcousStim_acq-RH_desc-raw__fullpool-monkeys-sub-01-sel42-model42-step500__transfer_adapter_warmup_uniform__lr0p003__f1__t42,finished,0.5452507734298706,0.7475026249885559,True,,5174.0,False
transfer_uniform,monkeys,sub-01,sub-01_ses-07_task-AcousStim_acq-RH_desc-raw,0.003,0,pretrained,phase4d-transfer-lr-warmup__monkeys__sub-01_ses-07_task-AcousStim_acq-RH_desc-raw__fullpool-monkeys-sub-01-sel42-model42-step500__transfer_uniform__lr0p003__f1__t42,801afb84,phase4d-transfer-lr-warmup__monkeys__sub-01_ses-07_task-AcousStim_acq-RH_desc-raw__fullpool-monkeys-sub-01-sel42-model42-step500__transfer_uniform__lr0p003__f1__t42,finished,0.35751721262931824,0.6348209381103516,True,,4465.0,False
transfer_discriminative,monkeys,sub-01,sub-01_ses-07_task-AcousStim_acq-RH_desc-raw,0.0015,0,pretrained,phase4d-transfer-lr-warmup__monkeys__sub-01_ses-07_task-AcousStim_acq-RH_desc-raw__fullpool-monkeys-sub-01-sel42-model42-step500__transfer_discriminative__lr0p0015__f1__t42,18f4ffed,phase4d-transfer-lr-warmup__monkeys__sub-01_ses-07_task-AcousStim_acq-RH_desc-raw__fullpool-monkeys-sub-01-sel42-model42-step500__transfer_discriminative__lr0p0015__f1__t42,finished,0.36957788467407227,0.6366854310035706,True,,4311.0,False
transfer_adapter_warmup_uniform,monkeys,sub-01,sub-01_ses-07_task-AcousStim_acq-RH_desc-raw,0.003,500,pretrained,phase4d-transfer-lr-warmup__monkeys__sub-01_ses-07_task-AcousStim_acq-RH_desc-raw__fullpool-monkeys-sub-01-sel42-model42-step500__transfer_adapter_warmup_uniform__lr0p003__f1__t42,8524a1c7,phase4d-transfer-lr-warmup__monkeys__sub-01_ses-07_task-AcousStim_acq-RH_desc-raw__fullpool-monkeys-sub-01-sel42-model42-step500__transfer_adapter_warmup_uniform__lr0p003__f1__t42,finished,0.40029504895210266,0.6778386235237122,True,,4080.0,False
transfer_adapter_warmup_uniform,monkeys,sub-01,sub-01_ses-07_task-AcousStim_acq-RH_desc-raw,0.0003,500,pretrained,phase4d-transfer-lr-warmup__monkeys__sub-01_ses-07_task-AcousStim_acq-RH_desc-raw__fullpool-monkeys-sub-01-sel42-model42-step500__transfer_adapter_warmup_uniform__lr0p0003__f1__t42,a957f3b9,phase4d-transfer-lr-warmup__monkeys__sub-01_ses-07_task-AcousStim_acq-RH_desc-raw__fullpool-monkeys-sub-01-sel42-model42-step500__transfer_adapter_warmup_uniform__lr0p0003__f1__t42,finished,0.35422706604003906,0.5684595704078674,True,,4311.0,False
transfer_discriminative,monkeys,sub-01,sub-01_ses-07_task-AcousStim_acq-RH_desc-raw,0.003,0,pretrained,phase4d-transfer-lr-warmup__monkeys__sub-01_ses-07_task-AcousStim_acq-RH_desc-raw__fullpool-monkeys-sub-01-sel42-model42-step500__transfer_discriminative__lr0p003__f1__t42,4430d9c2,phase4d-transfer-lr-warmup__monkeys__sub-01_ses-07_task-AcousStim_acq-RH_desc-raw__fullpool-monkeys-sub-01-sel42-model42-step500__transfer_discriminative__lr0p003__f1__t42,finished,0.385319709777832,0.7195525169372559,True,,2386.0,False
transfer_adapter_warmup_uniform,monkeys,sub-01,sub-01_ses-07_task-AcousStim_acq-RH_desc-raw,0.0015,500,pretrained,phase4d-transfer-lr-warmup__monkeys__sub-01_ses-07_task-AcousStim_acq-RH_desc-raw__fullpool-monkeys-sub-01-sel42-model42-step500__transfer_adapter_warmup_uniform__lr0p0015__f1__t42,fbd65ea7,phase4d-transfer-lr-warmup__monkeys__sub-01_ses-07_task-AcousStim_acq-RH_desc-raw__fullpool-monkeys-sub-01-sel42-model42-step500__transfer_adapter_warmup_uniform__lr0p0015__f1__t42,finished,0.4577531218528747,0.6889230608940125,True,,2386.0,False
transfer_adapter_warmup_discriminative,monkeys,sub-01,sub-01_ses-07_task-AcousStim_acq-RH_desc-raw,0.0003,500,pretrained,phase4d-transfer-lr-warmup__monkeys__sub-01_ses-07_task-AcousStim_acq-RH_desc-raw__fullpool-monkeys-sub-01-sel42-model42-step500__transfer_adapter_warmup_discriminative__lr0p0003__f1__t42,cb8aeaac,phase4d-transfer-lr-warmup__monkeys__sub-01_ses-07_task-AcousStim_acq-RH_desc-raw__fullpool-monkeys-sub-01-sel42-model42-step500__transfer_adapter_warmup_discriminative__lr0p0003__f1__t42,finished,0.4156602621078491,0.4389955401420593,True,,11241.0,False
transfer_uniform,monkeys,sub-01,sub-01_ses-08_task-AcousStim_acq-RH_desc-raw,0.0015,0,pretrained,phase4d-transfer-lr-warmup__monkeys__sub-01_ses-08_task-AcousStim_acq-RH_desc-raw__fullpool-monkeys-sub-01-sel42-model42-step500__transfer_uniform__lr0p0015__f1__t42,8f1505e1,phase4d-transfer-lr-warmup__monkeys__sub-01_ses-08_task-AcousStim_acq-RH_desc-raw__fullpool-monkeys-sub-01-sel42-model42-step500__transfer_uniform__lr0p0015__f1__t42,finished,0.27781689167022705,0.48312878608703613,True,,3065.0,False
transfer_adapter_warmup_discriminative,monkeys,sub-01,sub-01_ses-07_task-AcousStim_acq-RH_desc-raw,0.0015,500,pretrained,phase4d-transfer-lr-warmup__monkeys__sub-01_ses-07_task-AcousStim_acq-RH_desc-raw__fullpool-monkeys-sub-01-sel42-model42-step500__transfer_adapter_warmup_discriminative__lr0p0015__f1__t42,d6546ab4,phase4d-transfer-lr-warmup__monkeys__sub-01_ses-07_task-AcousStim_acq-RH_desc-raw__fullpool-monkeys-sub-01-sel42-model42-step500__transfer_adapter_warmup_discriminative__lr0p0015__f1__t42,finished,0.37308311462402344,0.6441583037376404,True,,4311.0,False
transfer_adapter_warmup_discriminative,monkeys,sub-01,sub-01_ses-07_task-AcousStim_acq-RH_desc-raw,0.003,500,pretrained,phase4d-transfer-lr-warmup__monkeys__sub-01_ses-07_task-AcousStim_acq-RH_desc-raw__fullpool-monkeys-sub-01-sel42-model42-step500__transfer_adapter_warmup_discriminative__lr0p003__f1__t42,28f41b34,phase4d-transfer-lr-warmup__monkeys__sub-01_ses-07_task-AcousStim_acq-RH_desc-raw__fullpool-monkeys-sub-01-sel42-model42-step500__transfer_adapter_warmup_discriminative__lr0p003__f1__t42,finished,0.4235237240791321,0.744727611541748,True,,3772.0,False
transfer_uniform,monkeys,sub-01,sub-01_ses-08_task-AcousStim_acq-RH_desc-raw,0.0003,0,pretrained,phase4d-transfer-lr-warmup__monkeys__sub-01_ses-08_task-AcousStim_acq-RH_desc-raw__fullpool-monkeys-sub-01-sel42-model42-step500__transfer_uniform__lr0p0003__f1__t42,69175a1e,phase4d-transfer-lr-warmup__monkeys__sub-01_ses-08_task-AcousStim_acq-RH_desc-raw__fullpool-monkeys-sub-01-sel42-model42-step500__transfer_uniform__lr0p0003__f1__t42,finished,0.3152245879173279,0.47125405073165894,True,,2408.0,False
transfer_uniform,monkeys,sub-01,sub-01_ses-08_task-AcousStim_acq-RH_desc-raw,0.003,0,pretrained,phase4d-transfer-lr-warmup__monkeys__sub-01_ses-08_task-AcousStim_acq-RH_desc-raw__fullpool-monkeys-sub-01-sel42-model42-step500__transfer_uniform__lr0p003__f1__t42,3fe55b85,phase4d-transfer-lr-warmup__monkeys__sub-01_ses-08_task-AcousStim_acq-RH_desc-raw__fullpool-monkeys-sub-01-sel42-model42-step500__transfer_uniform__lr0p003__f1__t42,finished,0.32524412870407104,0.5193275809288025,True,,1240.0,False
transfer_discriminative,monkeys,sub-01,sub-01_ses-08_task-AcousStim_acq-RH_desc-raw,0.0015,0,pretrained,phase4d-transfer-lr-warmup__monkeys__sub-01_ses-08_task-AcousStim_acq-RH_desc-raw__fullpool-monkeys-sub-01-sel42-model42-step500__transfer_discriminative__lr0p0015__f1__t42,b8f780fd,phase4d-transfer-lr-warmup__monkeys__sub-01_ses-08_task-AcousStim_acq-RH_desc-raw__fullpool-monkeys-sub-01-sel42-model42-step500__transfer_discriminative__lr0p0015__f1__t42,finished,0.3164176046848297,0.49896109104156494,True,,3284.0,False
transfer_discriminative,monkeys,sub-01,sub-01_ses-08_task-AcousStim_acq-RH_desc-raw,0.003,0,pretrained,phase4d-transfer-lr-warmup__monkeys__sub-01_ses-08_task-AcousStim_acq-RH_desc-raw__fullpool-monkeys-sub-01-sel42-model42-step500__transfer_discriminative__lr0p003__f1__t42,c32445aa,phase4d-transfer-lr-warmup__monkeys__sub-01_ses-08_task-AcousStim_acq-RH_desc-raw__fullpool-monkeys-sub-01-sel42-model42-step500__transfer_discriminative__lr0p003__f1__t42,finished,0.31473052501678467,0.4962151050567627,True,,2408.0,False
transfer_discriminative,monkeys,sub-01,sub-01_ses-08_task-AcousStim_acq-RH_desc-raw,0.0003,0,pretrained,phase4d-transfer-lr-warmup__monkeys__sub-01_ses-08_task-AcousStim_acq-RH_desc-raw__fullpool-monkeys-sub-01-sel42-model42-step500__transfer_discriminative__lr0p0003__f1__t42,f314ea52,phase4d-transfer-lr-warmup__monkeys__sub-01_ses-08_task-AcousStim_acq-RH_desc-raw__fullpool-monkeys-sub-01-sel42-model42-step500__transfer_discriminative__lr0p0003__f1__t42,finished,0.2441504597663879,0.4061475694179535,True,,2846.0,False
transfer_adapter_warmup_uniform,monkeys,sub-01,sub-01_ses-08_task-AcousStim_acq-RH_desc-raw,0.0003,500,pretrained,phase4d-transfer-lr-warmup__monkeys__sub-01_ses-08_task-AcousStim_acq-RH_desc-raw__fullpool-monkeys-sub-01-sel42-model42-step500__transfer_adapter_warmup_uniform__lr0p0003__f1__t42,c14fcf33,phase4d-transfer-lr-warmup__monkeys__sub-01_ses-08_task-AcousStim_acq-RH_desc-raw__fullpool-monkeys-sub-01-sel42-model42-step500__transfer_adapter_warmup_uniform__lr0p0003__f1__t42,finished,0.32191354036331177,0.483280748128891,True,,3284.0,False
transfer_adapter_warmup_uniform,monkeys,sub-01,sub-01_ses-08_task-AcousStim_acq-RH_desc-raw,0.0015,500,pretrained,phase4d-transfer-lr-warmup__monkeys__sub-01_ses-08_task-AcousStim_acq-RH_desc-raw__fullpool-monkeys-sub-01-sel42-model42-step500__transfer_adapter_warmup_uniform__lr0p0015__f1__t42,06e54d70,phase4d-transfer-lr-warmup__monkeys__sub-01_ses-08_task-AcousStim_acq-RH_desc-raw__fullpool-monkeys-sub-01-sel42-model42-step500__transfer_adapter_warmup_uniform__lr0p0015__f1__t42,finished,0.2981739640235901,0.4730799198150635,True,,1386.0,False
transfer_adapter_warmup_discriminative,monkeys,sub-01,sub-01_ses-08_task-AcousStim_acq-RH_desc-raw,0.0015,500,pretrained,phase4d-transfer-lr-warmup__monkeys__sub-01_ses-08_task-AcousStim_acq-RH_desc-raw__fullpool-monkeys-sub-01-sel42-model42-step500__transfer_adapter_warmup_discriminative__lr0p0015__f1__t42,f527a01f,phase4d-transfer-lr-warmup__monkeys__sub-01_ses-08_task-AcousStim_acq-RH_desc-raw__fullpool-monkeys-sub-01-sel42-model42-step500__transfer_adapter_warmup_discriminative__lr0p0015__f1__t42,finished,0.3342656195163727,0.5218000411987305,True,,2408.0,False
transfer_adapter_warmup_uniform,monkeys,sub-01,sub-01_ses-08_task-AcousStim_acq-RH_desc-raw,0.003,500,pretrained,phase4d-transfer-lr-warmup__monkeys__sub-01_ses-08_task-AcousStim_acq-RH_desc-raw__fullpool-monkeys-sub-01-sel42-model42-step500__transfer_adapter_warmup_uniform__lr0p003__f1__t42,87ce82b7,phase4d-transfer-lr-warmup__monkeys__sub-01_ses-08_task-AcousStim_acq-RH_desc-raw__fullpool-monkeys-sub-01-sel42-model42-step500__transfer_adapter_warmup_uniform__lr0p003__f1__t42,finished,0.3134046196937561,0.5779122710227966,True,,4744.0,True
transfer_uniform,monkeys,sub-02,sub-02_ses-02_task-AcousStim_acq-RH_desc-raw,0.0003,0,pretrained,phase4d-transfer-lr-warmup__monkeys__sub-02_ses-02_task-AcousStim_acq-RH_desc-raw__fullpool-monkeys-sub-02-sel42-model42-step500__transfer_uniform__lr0p0003__f1__t42,ed6bc189,phase4d-transfer-lr-warmup__monkeys__sub-02_ses-02_task-AcousStim_acq-RH_desc-raw__fullpool-monkeys-sub-02-sel42-model42-step500__transfer_uniform__lr0p0003__f1__t42,finished,0.29914960265159607,0.34904783964157104,True,,3581.0,False
transfer_adapter_warmup_discriminative,monkeys,sub-01,sub-01_ses-08_task-AcousStim_acq-RH_desc-raw,0.0003,500,pretrained,phase4d-transfer-lr-warmup__monkeys__sub-01_ses-08_task-AcousStim_acq-RH_desc-raw__fullpool-monkeys-sub-01-sel42-model42-step500__transfer_adapter_warmup_discriminative__lr0p0003__f1__t42,d633cc1d,phase4d-transfer-lr-warmup__monkeys__sub-01_ses-08_task-AcousStim_acq-RH_desc-raw__fullpool-monkeys-sub-01-sel42-model42-step500__transfer_adapter_warmup_discriminative__lr0p0003__f1__t42,finished,0.35331693291664124,0.41967031359672546,True,,9343.0,False
transfer_adapter_warmup_discriminative,monkeys,sub-01,sub-01_ses-08_task-AcousStim_acq-RH_desc-raw,0.003,500,pretrained,phase4d-transfer-lr-warmup__monkeys__sub-01_ses-08_task-AcousStim_acq-RH_desc-raw__fullpool-monkeys-sub-01-sel42-model42-step500__transfer_adapter_warmup_discriminative__lr0p003__f1__t42,a6fb18c1,phase4d-transfer-lr-warmup__monkeys__sub-01_ses-08_task-AcousStim_acq-RH_desc-raw__fullpool-monkeys-sub-01-sel42-model42-step500__transfer_adapter_warmup_discriminative__lr0p003__f1__t42,finished,0.34772923588752747,0.5653121471405029,True,,1970.0,False
transfer_uniform,monkeys,sub-02,sub-02_ses-02_task-AcousStim_acq-RH_desc-raw,0.0015,0,pretrained,phase4d-transfer-lr-warmup__monkeys__sub-02_ses-02_task-AcousStim_acq-RH_desc-raw__fullpool-monkeys-sub-02-sel42-model42-step500__transfer_uniform__lr0p0015__f1__t42,9b08e2cc,phase4d-transfer-lr-warmup__monkeys__sub-02_ses-02_task-AcousStim_acq-RH_desc-raw__fullpool-monkeys-sub-02-sel42-model42-step500__transfer_uniform__lr0p0015__f1__t42,finished,0.3424818217754364,0.32600510120391846,True,,2586.0,False
transfer_uniform,monkeys,sub-02,sub-02_ses-02_task-AcousStim_acq-RH_desc-raw,0.003,0,pretrained,phase4d-transfer-lr-warmup__monkeys__sub-02_ses-02_task-AcousStim_acq-RH_desc-raw__fullpool-monkeys-sub-02-sel42-model42-step500__transfer_uniform__lr0p003__f1__t42,1a45ed52,phase4d-transfer-lr-warmup__monkeys__sub-02_ses-02_task-AcousStim_acq-RH_desc-raw__fullpool-monkeys-sub-02-sel42-model42-step500__transfer_uniform__lr0p003__f1__t42,finished,0.32255104184150696,0.3517777919769287,True,,3581.0,False
transfer_discriminative,monkeys,sub-02,sub-02_ses-02_task-AcousStim_acq-RH_desc-raw,0.0015,0,pretrained,phase4d-transfer-lr-warmup__monkeys__sub-02_ses-02_task-AcousStim_acq-RH_desc-raw__fullpool-monkeys-sub-02-sel42-model42-step500__transfer_discriminative__lr0p0015__f1__t42,de4cc64a,phase4d-transfer-lr-warmup__monkeys__sub-02_ses-02_task-AcousStim_acq-RH_desc-raw__fullpool-monkeys-sub-02-sel42-model42-step500__transfer_discriminative__lr0p0015__f1__t42,finished,0.3199824094772339,0.3586742877960205,True,,11541.0,False
transfer_discriminative,monkeys,sub-02,sub-02_ses-02_task-AcousStim_acq-RH_desc-raw,0.003,0,pretrained,phase4d-transfer-lr-warmup__monkeys__sub-02_ses-02_task-AcousStim_acq-RH_desc-raw__fullpool-monkeys-sub-02-sel42-model42-step500__transfer_discriminative__lr0p003__f1__t42,977283d2,phase4d-transfer-lr-warmup__monkeys__sub-02_ses-02_task-AcousStim_acq-RH_desc-raw__fullpool-monkeys-sub-02-sel42-model42-step500__transfer_discriminative__lr0p003__f1__t42,finished,0.33174431324005127,0.37926799058914185,True,,6765.0,False
transfer_discriminative,monkeys,sub-02,sub-02_ses-02_task-AcousStim_acq-RH_desc-raw,0.0003,0,pretrained,phase4d-transfer-lr-warmup__monkeys__sub-02_ses-02_task-AcousStim_acq-RH_desc-raw__fullpool-monkeys-sub-02-sel42-model42-step500__transfer_discriminative__lr0p0003__f1__t42,580f0631,phase4d-transfer-lr-warmup__monkeys__sub-02_ses-02_task-AcousStim_acq-RH_desc-raw__fullpool-monkeys-sub-02-sel42-model42-step500__transfer_discriminative__lr0p0003__f1__t42,finished,0.32696497440338135,0.3217307925224304,True,,7362.0,False
transfer_adapter_warmup_uniform,monkeys,sub-02,sub-02_ses-02_task-AcousStim_acq-RH_desc-raw,0.0015,500,pretrained,phase4d-transfer-lr-warmup__monkeys__sub-02_ses-02_task-AcousStim_acq-RH_desc-raw__fullpool-monkeys-sub-02-sel42-model42-step500__transfer_adapter_warmup_uniform__lr0p0015__f1__t42,a7cac487,phase4d-transfer-lr-warmup__monkeys__sub-02_ses-02_task-AcousStim_acq-RH_desc-raw__fullpool-monkeys-sub-02-sel42-model42-step500__transfer_adapter_warmup_uniform__lr0p0015__f1__t42,finished,0.327657014131546,0.35968437790870667,True,,5173.0,False
transfer_adapter_warmup_uniform,monkeys,sub-02,sub-02_ses-02_task-AcousStim_acq-RH_desc-raw,0.003,500,pretrained,phase4d-transfer-lr-warmup__monkeys__sub-02_ses-02_task-AcousStim_acq-RH_desc-raw__fullpool-monkeys-sub-02-sel42-model42-step500__transfer_adapter_warmup_uniform__lr0p003__f1__t42,2c8e63bd,phase4d-transfer-lr-warmup__monkeys__sub-02_ses-02_task-AcousStim_acq-RH_desc-raw__fullpool-monkeys-sub-02-sel42-model42-step500__transfer_adapter_warmup_uniform__lr0p003__f1__t42,finished,0.33343449234962463,0.349378764629364,True,,3382.0,False
transfer_adapter_warmup_discriminative,monkeys,sub-02,sub-02_ses-02_task-AcousStim_acq-RH_desc-raw,0.0015,500,pretrained,phase4d-transfer-lr-warmup__monkeys__sub-02_ses-02_task-AcousStim_acq-RH_desc-raw__fullpool-monkeys-sub-02-sel42-model42-step500__transfer_adapter_warmup_discriminative__lr0p0015__f1__t42,9e0b5634,phase4d-transfer-lr-warmup__monkeys__sub-02_ses-02_task-AcousStim_acq-RH_desc-raw__fullpool-monkeys-sub-02-sel42-model42-step500__transfer_adapter_warmup_discriminative__lr0p0015__f1__t42,finished,0.311884343624115,0.3358040750026703,True,,4775.0,False
transfer_adapter_warmup_uniform,monkeys,sub-02,sub-02_ses-02_task-AcousStim_acq-RH_desc-raw,0.0003,500,pretrained,phase4d-transfer-lr-warmup__monkeys__sub-02_ses-02_task-AcousStim_acq-RH_desc-raw__fullpool-monkeys-sub-02-sel42-model42-step500__transfer_adapter_warmup_uniform__lr0p0003__f1__t42,8a5d05b9,phase4d-transfer-lr-warmup__monkeys__sub-02_ses-02_task-AcousStim_acq-RH_desc-raw__fullpool-monkeys-sub-02-sel42-model42-step500__transfer_adapter_warmup_uniform__lr0p0003__f1__t42,finished,0.3034830391407013,0.3392791748046875,True,,3382.0,False
transfer_adapter_warmup_discriminative,monkeys,sub-02,sub-02_ses-02_task-AcousStim_acq-RH_desc-raw,0.0003,500,pretrained,phase4d-transfer-lr-warmup__monkeys__sub-02_ses-02_task-AcousStim_acq-RH_desc-raw__fullpool-monkeys-sub-02-sel42-model42-step500__transfer_adapter_warmup_discriminative__lr0p0003__f1__t42,34b6294c,phase4d-transfer-lr-warmup__monkeys__sub-02_ses-02_task-AcousStim_acq-RH_desc-raw__fullpool-monkeys-sub-02-sel42-model42-step500__transfer_adapter_warmup_discriminative__lr0p0003__f1__t42,finished,0.3110300302505493,0.31223082542419434,True,,7362.0,False
transfer_adapter_warmup_discriminative,monkeys,sub-02,sub-02_ses-02_task-AcousStim_acq-RH_desc-raw,0.003,500,pretrained,phase4d-transfer-lr-warmup__monkeys__sub-02_ses-02_task-AcousStim_acq-RH_desc-raw__fullpool-monkeys-sub-02-sel42-model42-step500__transfer_adapter_warmup_discriminative__lr0p003__f1__t42,6134eb7c,phase4d-transfer-lr-warmup__monkeys__sub-02_ses-02_task-AcousStim_acq-RH_desc-raw__fullpool-monkeys-sub-02-sel42-model42-step500__transfer_adapter_warmup_discriminative__lr0p003__f1__t42,finished,0.3189905881881714,0.36315304040908813,True,,5372.0,False
transfer_uniform,monkeys,sub-03,sub-03_ses-01_task-AcousStim_acq-RH_desc-raw,0.0015,0,pretrained,phase4d-transfer-lr-warmup__monkeys__sub-03_ses-01_task-AcousStim_acq-RH_desc-raw__fullpool-monkeys-sub-03-sel42-model42-step500__transfer_uniform__lr0p0015__f1__t42,2a4e7d47,phase4d-transfer-lr-warmup__monkeys__sub-03_ses-01_task-AcousStim_acq-RH_desc-raw__fullpool-monkeys-sub-03-sel42-model42-step500__transfer_uniform__lr0p0015__f1__t42,finished,0.240924209356308,0.41825151443481445,True,,1311.0,False
transfer_uniform,monkeys,sub-03,sub-03_ses-01_task-AcousStim_acq-RH_desc-raw,0.0003,0,pretrained,phase4d-transfer-lr-warmup__monkeys__sub-03_ses-01_task-AcousStim_acq-RH_desc-raw__fullpool-monkeys-sub-03-sel42-model42-step500__transfer_uniform__lr0p0003__f1__t42,236990bf,phase4d-transfer-lr-warmup__monkeys__sub-03_ses-01_task-AcousStim_acq-RH_desc-raw__fullpool-monkeys-sub-03-sel42-model42-step500__transfer_uniform__lr0p0003__f1__t42,finished,0.24776045978069303,0.399862140417099,True,,2111.0,False
transfer_discriminative,monkeys,sub-03,sub-03_ses-01_task-AcousStim_acq-RH_desc-raw,0.0015,0,pretrained,phase4d-transfer-lr-warmup__monkeys__sub-03_ses-01_task-AcousStim_acq-RH_desc-raw__fullpool-monkeys-sub-03-sel42-model42-step500__transfer_discriminative__lr0p0015__f1__t42,3f8fd1b4,phase4d-transfer-lr-warmup__monkeys__sub-03_ses-01_task-AcousStim_acq-RH_desc-raw__fullpool-monkeys-sub-03-sel42-model42-step500__transfer_discriminative__lr0p0015__f1__t42,finished,0.20981745421886444,0.4210668206214905,True,,2719.0,False
transfer_uniform,monkeys,sub-03,sub-03_ses-01_task-AcousStim_acq-RH_desc-raw,0.003,0,pretrained,phase4d-transfer-lr-warmup__monkeys__sub-03_ses-01_task-AcousStim_acq-RH_desc-raw__fullpool-monkeys-sub-03-sel42-model42-step500__transfer_uniform__lr0p003__f1__t42,f0769bbb,phase4d-transfer-lr-warmup__monkeys__sub-03_ses-01_task-AcousStim_acq-RH_desc-raw__fullpool-monkeys-sub-03-sel42-model42-step500__transfer_uniform__lr0p003__f1__t42,finished,0.26605159044265747,0.428297221660614,True,,2719.0,False
transfer_discriminative,monkeys,sub-03,sub-03_ses-01_task-AcousStim_acq-RH_desc-raw,0.0003,0,pretrained,phase4d-transfer-lr-warmup__monkeys__sub-03_ses-01_task-AcousStim_acq-RH_desc-raw__fullpool-monkeys-sub-03-sel42-model42-step500__transfer_discriminative__lr0p0003__f1__t42,7af48903,phase4d-transfer-lr-warmup__monkeys__sub-03_ses-01_task-AcousStim_acq-RH_desc-raw__fullpool-monkeys-sub-03-sel42-model42-step500__transfer_discriminative__lr0p0003__f1__t42,finished,0.20688611268997192,0.3667312264442444,True,,4223.0,False
transfer_discriminative,monkeys,sub-03,sub-03_ses-01_task-AcousStim_acq-RH_desc-raw,0.003,0,pretrained,phase4d-transfer-lr-warmup__monkeys__sub-03_ses-01_task-AcousStim_acq-RH_desc-raw__fullpool-monkeys-sub-03-sel42-model42-step500__transfer_discriminative__lr0p003__f1__t42,e68a9003,phase4d-transfer-lr-warmup__monkeys__sub-03_ses-01_task-AcousStim_acq-RH_desc-raw__fullpool-monkeys-sub-03-sel42-model42-step500__transfer_discriminative__lr0p003__f1__t42,finished,0.2767300307750702,0.4600261151790619,True,,2239.0,False
transfer_adapter_warmup_uniform,monkeys,sub-03,sub-03_ses-01_task-AcousStim_acq-RH_desc-raw,0.0015,500,pretrained,phase4d-transfer-lr-warmup__monkeys__sub-03_ses-01_task-AcousStim_acq-RH_desc-raw__fullpool-monkeys-sub-03-sel42-model42-step500__transfer_adapter_warmup_uniform__lr0p0015__f1__t42,846dd2de,phase4d-transfer-lr-warmup__monkeys__sub-03_ses-01_task-AcousStim_acq-RH_desc-raw__fullpool-monkeys-sub-03-sel42-model42-step500__transfer_adapter_warmup_uniform__lr0p0015__f1__t42,finished,0.1810000836849213,0.41432079672813416,True,,1919.0,False
transfer_adapter_warmup_uniform,monkeys,sub-03,sub-03_ses-01_task-AcousStim_acq-RH_desc-raw,0.0003,500,pretrained,phase4d-transfer-lr-warmup__monkeys__sub-03_ses-01_task-AcousStim_acq-RH_desc-raw__fullpool-monkeys-sub-03-sel42-model42-step500__transfer_adapter_warmup_uniform__lr0p0003__f1__t42,029a858b,phase4d-transfer-lr-warmup__monkeys__sub-03_ses-01_task-AcousStim_acq-RH_desc-raw__fullpool-monkeys-sub-03-sel42-model42-step500__transfer_adapter_warmup_uniform__lr0p0003__f1__t42,finished,0.21034416556358335,0.4211316108703614,True,,2335.0,False
transfer_adapter_warmup_uniform,monkeys,sub-03,sub-03_ses-01_task-AcousStim_acq-RH_desc-raw,0.003,500,pretrained,phase4d-transfer-lr-warmup__monkeys__sub-03_ses-01_task-AcousStim_acq-RH_desc-raw__fullpool-monkeys-sub-03-sel42-model42-step500__transfer_adapter_warmup_uniform__lr0p003__f1__t42,cd8f1557,phase4d-transfer-lr-warmup__monkeys__sub-03_ses-01_task-AcousStim_acq-RH_desc-raw__fullpool-monkeys-sub-03-sel42-model42-step500__transfer_adapter_warmup_uniform__lr0p003__f1__t42,finished,0.241946205496788,0.40800225734710693,True,,3615.0,False
transfer_adapter_warmup_discriminative,monkeys,sub-03,sub-03_ses-01_task-AcousStim_acq-RH_desc-raw,0.0003,500,pretrained,phase4d-transfer-lr-warmup__monkeys__sub-03_ses-01_task-AcousStim_acq-RH_desc-raw__fullpool-monkeys-sub-03-sel42-model42-step500__transfer_adapter_warmup_discriminative__lr0p0003__f1__t42,e626d0b4,phase4d-transfer-lr-warmup__monkeys__sub-03_ses-01_task-AcousStim_acq-RH_desc-raw__fullpool-monkeys-sub-03-sel42-model42-step500__transfer_adapter_warmup_discriminative__lr0p0003__f1__t42,finished,0.25232642889022827,0.2450142502784729,True,,4831.0,False
transfer_adapter_warmup_discriminative,monkeys,sub-03,sub-03_ses-01_task-AcousStim_acq-RH_desc-raw,0.0015,500,pretrained,phase4d-transfer-lr-warmup__monkeys__sub-03_ses-01_task-AcousStim_acq-RH_desc-raw__fullpool-monkeys-sub-03-sel42-model42-step500__transfer_adapter_warmup_discriminative__lr0p0015__f1__t42,df88d1d8,phase4d-transfer-lr-warmup__monkeys__sub-03_ses-01_task-AcousStim_acq-RH_desc-raw__fullpool-monkeys-sub-03-sel42-model42-step500__transfer_adapter_warmup_discriminative__lr0p0015__f1__t42,finished,0.2549341320991516,0.4138518273830414,True,,3871.0,False
transfer_adapter_warmup_discriminative,monkeys,sub-03,sub-03_ses-01_task-AcousStim_acq-RH_desc-raw,0.003,500,pretrained,phase4d-transfer-lr-warmup__monkeys__sub-03_ses-01_task-AcousStim_acq-RH_desc-raw__fullpool-monkeys-sub-03-sel42-model42-step500__transfer_adapter_warmup_discriminative__lr0p003__f1__t42,70b42978,phase4d-transfer-lr-warmup__monkeys__sub-03_ses-01_task-AcousStim_acq-RH_desc-raw__fullpool-monkeys-sub-03-sel42-model42-step500__transfer_adapter_warmup_discriminative__lr0p003__f1__t42,finished,0.22878429293632507,0.433002769947052,True,,2719.0,False
transfer_uniform,monkeys,sub-04,sub-04_ses-01_task-AcousStim_acq-RH_desc-raw,0.0015,0,pretrained,phase4d-transfer-lr-warmup__monkeys__sub-04_ses-01_task-AcousStim_acq-RH_desc-raw__fullpool-monkeys-sub-04-sel42-model42-step500__transfer_uniform__lr0p0015__f1__t42,90e358a8,phase4d-transfer-lr-warmup__monkeys__sub-04_ses-01_task-AcousStim_acq-RH_desc-raw__fullpool-monkeys-sub-04-sel42-model42-step500__transfer_uniform__lr0p0015__f1__t42,finished,0.5994365215301514,0.7284983992576599,True,,1694.0,False
transfer_uniform,monkeys,sub-04,sub-04_ses-01_task-AcousStim_acq-RH_desc-raw,0.003,0,pretrained,phase4d-transfer-lr-warmup__monkeys__sub-04_ses-01_task-AcousStim_acq-RH_desc-raw__fullpool-monkeys-sub-04-sel42-model42-step500__transfer_uniform__lr0p003__f1__t42,e9263f46,phase4d-transfer-lr-warmup__monkeys__sub-04_ses-01_task-AcousStim_acq-RH_desc-raw__fullpool-monkeys-sub-04-sel42-model42-step500__transfer_uniform__lr0p003__f1__t42,finished,0.6108569502830505,0.749976396560669,True,,1468.0,False
transfer_adapter_warmup_uniform,monkeys,sub-04,sub-04_ses-01_task-AcousStim_acq-RH_desc-raw,0.0015,500,pretrained,phase4d-transfer-lr-warmup__monkeys__sub-04_ses-01_task-AcousStim_acq-RH_desc-raw__fullpool-monkeys-sub-04-sel42-model42-step500__transfer_adapter_warmup_uniform__lr0p0015__f1__t42,97bcecbe,phase4d-transfer-lr-warmup__monkeys__sub-04_ses-01_task-AcousStim_acq-RH_desc-raw__fullpool-monkeys-sub-04-sel42-model42-step500__transfer_adapter_warmup_uniform__lr0p0015__f1__t42,finished,0.6054028272628784,0.7359137535095215,True,,1694.0,False
transfer_discriminative,monkeys,sub-04,sub-04_ses-01_task-AcousStim_acq-RH_desc-raw,0.0003,0,pretrained,phase4d-transfer-lr-warmup__monkeys__sub-04_ses-01_task-AcousStim_acq-RH_desc-raw__fullpool-monkeys-sub-04-sel42-model42-step500__transfer_discriminative__lr0p0003__f1__t42,96f8f778,phase4d-transfer-lr-warmup__monkeys__sub-04_ses-01_task-AcousStim_acq-RH_desc-raw__fullpool-monkeys-sub-04-sel42-model42-step500__transfer_discriminative__lr0p0003__f1__t42,finished,0.6408325433731079,0.729242742061615,True,,11864.0,False
transfer_discriminative,monkeys,sub-04,sub-04_ses-01_task-AcousStim_acq-RH_desc-raw,0.003,0,pretrained,phase4d-transfer-lr-warmup__monkeys__sub-04_ses-01_task-AcousStim_acq-RH_desc-raw__fullpool-monkeys-sub-04-sel42-model42-step500__transfer_discriminative__lr0p003__f1__t42,5223b89b,phase4d-transfer-lr-warmup__monkeys__sub-04_ses-01_task-AcousStim_acq-RH_desc-raw__fullpool-monkeys-sub-04-sel42-model42-step500__transfer_discriminative__lr0p003__f1__t42,finished,0.590580403804779,0.7444068789482117,True,,3050.0,False
transfer_adapter_warmup_uniform,monkeys,sub-04,sub-04_ses-01_task-AcousStim_acq-RH_desc-raw,0.0003,500,pretrained,phase4d-transfer-lr-warmup__monkeys__sub-04_ses-01_task-AcousStim_acq-RH_desc-raw__fullpool-monkeys-sub-04-sel42-model42-step500__transfer_adapter_warmup_uniform__lr0p0003__f1__t42,17d249da,phase4d-transfer-lr-warmup__monkeys__sub-04_ses-01_task-AcousStim_acq-RH_desc-raw__fullpool-monkeys-sub-04-sel42-model42-step500__transfer_adapter_warmup_uniform__lr0p0003__f1__t42,finished,0.5966360569000244,0.710469663143158,True,,3050.0,False
transfer_uniform,monkeys,sub-04,sub-04_ses-01_task-AcousStim_acq-RH_desc-raw,0.0003,0,pretrained,phase4d-transfer-lr-warmup__monkeys__sub-04_ses-01_task-AcousStim_acq-RH_desc-raw__fullpool-monkeys-sub-04-sel42-model42-step500__transfer_uniform__lr0p0003__f1__t42,4d4e8c06,phase4d-transfer-lr-warmup__monkeys__sub-04_ses-01_task-AcousStim_acq-RH_desc-raw__fullpool-monkeys-sub-04-sel42-model42-step500__transfer_uniform__lr0p0003__f1__t42,finished,0.5811063647270203,0.7157673835754395,True,,3841.0,False
transfer_discriminative,monkeys,sub-04,sub-04_ses-01_task-AcousStim_acq-RH_desc-raw,0.0015,0,pretrained,phase4d-transfer-lr-warmup__monkeys__sub-04_ses-01_task-AcousStim_acq-RH_desc-raw__fullpool-monkeys-sub-04-sel42-model42-step500__transfer_discriminative__lr0p0015__f1__t42,8431ab04,phase4d-transfer-lr-warmup__monkeys__sub-04_ses-01_task-AcousStim_acq-RH_desc-raw__fullpool-monkeys-sub-04-sel42-model42-step500__transfer_discriminative__lr0p0015__f1__t42,finished,0.609824538230896,0.7379958033561707,True,,3841.0,False
transfer_adapter_warmup_discriminative,monkeys,sub-04,sub-04_ses-01_task-AcousStim_acq-RH_desc-raw,0.003,500,pretrained,phase4d-transfer-lr-warmup__monkeys__sub-04_ses-01_task-AcousStim_acq-RH_desc-raw__fullpool-monkeys-sub-04-sel42-model42-step500__transfer_adapter_warmup_discriminative__lr0p003__f1__t42,008dbf8a,phase4d-transfer-lr-warmup__monkeys__sub-04_ses-01_task-AcousStim_acq-RH_desc-raw__fullpool-monkeys-sub-04-sel42-model42-step500__transfer_adapter_warmup_discriminative__lr0p003__f1__t42,finished,0.5955780744552612,0.760722815990448,True,,3050.0,False
transfer_uniform,monkeys,sub-05,sub-05_ses-01_task-AcousStim_acq-RH_desc-raw,0.0003,0,pretrained,phase4d-transfer-lr-warmup__monkeys__sub-05_ses-01_task-AcousStim_acq-RH_desc-raw__fullpool-monkeys-sub-05-sel42-model42-step500__transfer_uniform__lr0p0003__f1__t42,8c3739db,phase4d-transfer-lr-warmup__monkeys__sub-05_ses-01_task-AcousStim_acq-RH_desc-raw__fullpool-monkeys-sub-05-sel42-model42-step500__transfer_uniform__lr0p0003__f1__t42,finished,0.6713552474975586,0.9341136813163756,True,,1574.0,False
transfer_adapter_warmup_discriminative,monkeys,sub-04,sub-04_ses-01_task-AcousStim_acq-RH_desc-raw,0.0015,500,pretrained,phase4d-transfer-lr-warmup__monkeys__sub-04_ses-01_task-AcousStim_acq-RH_desc-raw__fullpool-monkeys-sub-04-sel42-model42-step500__transfer_adapter_warmup_discriminative__lr0p0015__f1__t42,a7e0717f,phase4d-transfer-lr-warmup__monkeys__sub-04_ses-01_task-AcousStim_acq-RH_desc-raw__fullpool-monkeys-sub-04-sel42-model42-step500__transfer_adapter_warmup_discriminative__lr0p0015__f1__t42,finished,0.6074892282485962,0.7427830696105957,True,,3615.0,False
transfer_adapter_warmup_uniform,monkeys,sub-04,sub-04_ses-01_task-AcousStim_acq-RH_desc-raw,0.003,500,pretrained,phase4d-transfer-lr-warmup__monkeys__sub-04_ses-01_task-AcousStim_acq-RH_desc-raw__fullpool-monkeys-sub-04-sel42-model42-step500__transfer_adapter_warmup_uniform__lr0p003__f1__t42,e8ae058b,phase4d-transfer-lr-warmup__monkeys__sub-04_ses-01_task-AcousStim_acq-RH_desc-raw__fullpool-monkeys-sub-04-sel42-model42-step500__transfer_adapter_warmup_uniform__lr0p003__f1__t42,finished,0.5944676399230957,0.7548651099205017,True,,3163.0,False
transfer_adapter_warmup_discriminative,monkeys,sub-04,sub-04_ses-01_task-AcousStim_acq-RH_desc-raw,0.0003,500,pretrained,phase4d-transfer-lr-warmup__monkeys__sub-04_ses-01_task-AcousStim_acq-RH_desc-raw__fullpool-monkeys-sub-04-sel42-model42-step500__transfer_adapter_warmup_discriminative__lr0p0003__f1__t42,ee7862a9,phase4d-transfer-lr-warmup__monkeys__sub-04_ses-01_task-AcousStim_acq-RH_desc-raw__fullpool-monkeys-sub-04-sel42-model42-step500__transfer_adapter_warmup_discriminative__lr0p0003__f1__t42,finished,0.6586451530456543,0.6919845342636108,True,,11525.0,False
transfer_uniform,monkeys,sub-05,sub-05_ses-01_task-AcousStim_acq-RH_desc-raw,0.003,0,pretrained,phase4d-transfer-lr-warmup__monkeys__sub-05_ses-01_task-AcousStim_acq-RH_desc-raw__fullpool-monkeys-sub-05-sel42-model42-step500__transfer_uniform__lr0p003__f1__t42,ffe5cef1,phase4d-transfer-lr-warmup__monkeys__sub-05_ses-01_task-AcousStim_acq-RH_desc-raw__fullpool-monkeys-sub-05-sel42-model42-step500__transfer_uniform__lr0p003__f1__t42,finished,0.6223846673965454,0.9166311025619508,True,,755.0,False
transfer_uniform,monkeys,sub-05,sub-05_ses-01_task-AcousStim_acq-RH_desc-raw,0.0015,0,pretrained,phase4d-transfer-lr-warmup__monkeys__sub-05_ses-01_task-AcousStim_acq-RH_desc-raw__fullpool-monkeys-sub-05-sel42-model42-step500__transfer_uniform__lr0p0015__f1__t42,d5e698a3,phase4d-transfer-lr-warmup__monkeys__sub-05_ses-01_task-AcousStim_acq-RH_desc-raw__fullpool-monkeys-sub-05-sel42-model42-step500__transfer_uniform__lr0p0015__f1__t42,finished,0.624604344367981,0.9211761951446532,True,,1196.0,False
transfer_discriminative,monkeys,sub-05,sub-05_ses-01_task-AcousStim_acq-RH_desc-raw,0.0003,0,pretrained,phase4d-transfer-lr-warmup__monkeys__sub-05_ses-01_task-AcousStim_acq-RH_desc-raw__fullpool-monkeys-sub-05-sel42-model42-step500__transfer_discriminative__lr0p0003__f1__t42,e626e7b0,phase4d-transfer-lr-warmup__monkeys__sub-05_ses-01_task-AcousStim_acq-RH_desc-raw__fullpool-monkeys-sub-05-sel42-model42-step500__transfer_discriminative__lr0p0003__f1__t42,finished,0.6763318777084351,0.8992894887924194,True,,3023.0,False
transfer_adapter_warmup_uniform,monkeys,sub-05,sub-05_ses-01_task-AcousStim_acq-RH_desc-raw,0.0003,500,pretrained,phase4d-transfer-lr-warmup__monkeys__sub-05_ses-01_task-AcousStim_acq-RH_desc-raw__fullpool-monkeys-sub-05-sel42-model42-step500__transfer_adapter_warmup_uniform__lr0p0003__f1__t42,e5a7a6db,phase4d-transfer-lr-warmup__monkeys__sub-05_ses-01_task-AcousStim_acq-RH_desc-raw__fullpool-monkeys-sub-05-sel42-model42-step500__transfer_adapter_warmup_uniform__lr0p0003__f1__t42,finished,0.6716327667236328,0.933531939983368,True,,1826.0,False
transfer_discriminative,monkeys,sub-05,sub-05_ses-01_task-AcousStim_acq-RH_desc-raw,0.0015,0,pretrained,phase4d-transfer-lr-warmup__monkeys__sub-05_ses-01_task-AcousStim_acq-RH_desc-raw__fullpool-monkeys-sub-05-sel42-model42-step500__transfer_discriminative__lr0p0015__f1__t42,183d1183,phase4d-transfer-lr-warmup__monkeys__sub-05_ses-01_task-AcousStim_acq-RH_desc-raw__fullpool-monkeys-sub-05-sel42-model42-step500__transfer_discriminative__lr0p0015__f1__t42,finished,0.6636488437652588,0.9187483191490172,True,,2015.0,False
transfer_adapter_warmup_uniform,monkeys,sub-05,sub-05_ses-01_task-AcousStim_acq-RH_desc-raw,0.003,500,pretrained,phase4d-transfer-lr-warmup__monkeys__sub-05_ses-01_task-AcousStim_acq-RH_desc-raw__fullpool-monkeys-sub-05-sel42-model42-step500__transfer_adapter_warmup_uniform__lr0p003__f1__t42,1b0099c4,phase4d-transfer-lr-warmup__monkeys__sub-05_ses-01_task-AcousStim_acq-RH_desc-raw__fullpool-monkeys-sub-05-sel42-model42-step500__transfer_adapter_warmup_uniform__lr0p003__f1__t42,finished,0.5910112857818604,0.9106296896934508,True,,1574.0,False
transfer_discriminative,monkeys,sub-05,sub-05_ses-01_task-AcousStim_acq-RH_desc-raw,0.003,0,pretrained,phase4d-transfer-lr-warmup__monkeys__sub-05_ses-01_task-AcousStim_acq-RH_desc-raw__fullpool-monkeys-sub-05-sel42-model42-step500__transfer_discriminative__lr0p003__f1__t42,3c22734b,phase4d-transfer-lr-warmup__monkeys__sub-05_ses-01_task-AcousStim_acq-RH_desc-raw__fullpool-monkeys-sub-05-sel42-model42-step500__transfer_discriminative__lr0p003__f1__t42,finished,0.6544860601425171,0.9247643351554872,True,,1826.0,False
transfer_adapter_warmup_discriminative,monkeys,sub-05,sub-05_ses-01_task-AcousStim_acq-RH_desc-raw,0.0003,500,pretrained,phase4d-transfer-lr-warmup__monkeys__sub-05_ses-01_task-AcousStim_acq-RH_desc-raw__fullpool-monkeys-sub-05-sel42-model42-step500__transfer_adapter_warmup_discriminative__lr0p0003__f1__t42,e0a85454,phase4d-transfer-lr-warmup__monkeys__sub-05_ses-01_task-AcousStim_acq-RH_desc-raw__fullpool-monkeys-sub-05-sel42-model42-step500__transfer_adapter_warmup_discriminative__lr0p0003__f1__t42,finished,0.6626371145248413,0.8748440742492676,True,,3905.0,False
transfer_adapter_warmup_discriminative,monkeys,sub-05,sub-05_ses-01_task-AcousStim_acq-RH_desc-raw,0.0015,500,pretrained,phase4d-transfer-lr-warmup__monkeys__sub-05_ses-01_task-AcousStim_acq-RH_desc-raw__fullpool-monkeys-sub-05-sel42-model42-step500__transfer_adapter_warmup_discriminative__lr0p0015__f1__t42,36fe86c7,phase4d-transfer-lr-warmup__monkeys__sub-05_ses-01_task-AcousStim_acq-RH_desc-raw__fullpool-monkeys-sub-05-sel42-model42-step500__transfer_adapter_warmup_discriminative__lr0p0015__f1__t42,finished,0.6834737658500671,0.9216008186340332,True,,1889.0,False
transfer_adapter_warmup_discriminative,monkeys,sub-05,sub-05_ses-01_task-AcousStim_acq-RH_desc-raw,0.003,500,pretrained,phase4d-transfer-lr-warmup__monkeys__sub-05_ses-01_task-AcousStim_acq-RH_desc-raw__fullpool-monkeys-sub-05-sel42-model42-step500__transfer_adapter_warmup_discriminative__lr0p003__f1__t42,10f5de02,phase4d-transfer-lr-warmup__monkeys__sub-05_ses-01_task-AcousStim_acq-RH_desc-raw__fullpool-monkeys-sub-05-sel42-model42-step500__transfer_adapter_warmup_discriminative__lr0p003__f1__t42,finished,0.6847230792045593,0.9222151041030884,True,,2897.0,False
scratch_uniform,monkeys,sub-01,sub-01_ses-011_task-AcousStim_acq-RH_desc-raw,0.0003,0,scratch,phase4d-transfer-lr-warmup__monkeys__sub-01_ses-011_task-AcousStim_acq-RH_desc-raw__scratch_uniform__scratch_uniform__lr0p0003__f1__t42,d2bce783,phase4d-transfer-lr-warmup__monkeys__sub-01_ses-011_task-AcousStim_acq-RH_desc-raw__scratch_uniform__scratch_uniform__lr0p0003__f1__t42,finished,0.3345234990119934,0.6082607507705688,True,,3779.0,False
scratch_uniform,monkeys,sub-01,sub-01_ses-011_task-AcousStim_acq-RH_desc-raw,0.0015,0,scratch,phase4d-transfer-lr-warmup__monkeys__sub-01_ses-011_task-AcousStim_acq-RH_desc-raw__scratch_uniform__scratch_uniform__lr0p0015__f1__t42,518bf322,phase4d-transfer-lr-warmup__monkeys__sub-01_ses-011_task-AcousStim_acq-RH_desc-raw__scratch_uniform__scratch_uniform__lr0p0015__f1__t42,finished,0.3753436803817749,0.6379334330558777,True,,5075.0,False
transfer_adapter_warmup_uniform,monkeys,sub-05,sub-05_ses-01_task-AcousStim_acq-RH_desc-raw,0.0015,500,pretrained,phase4d-transfer-lr-warmup__monkeys__sub-05_ses-01_task-AcousStim_acq-RH_desc-raw__fullpool-monkeys-sub-05-sel42-model42-step500__transfer_adapter_warmup_uniform__lr0p0015__f1__t42,d4fb40e3,phase4d-transfer-lr-warmup__monkeys__sub-05_ses-01_task-AcousStim_acq-RH_desc-raw__fullpool-monkeys-sub-05-sel42-model42-step500__transfer_adapter_warmup_uniform__lr0p0015__f1__t42,finished,0.6745346784591675,0.9346795082092284,True,,1385.0,False
scratch_adapter_warmup,monkeys,sub-01,sub-01_ses-011_task-AcousStim_acq-RH_desc-raw,0.003,500,scratch,phase4d-transfer-lr-warmup__monkeys__sub-01_ses-011_task-AcousStim_acq-RH_desc-raw__scratch_adapter_warmup__scratch_adapter_warmup__lr0p003__f1__t42,6d82b873,phase4d-transfer-lr-warmup__monkeys__sub-01_ses-011_task-AcousStim_acq-RH_desc-raw__scratch_adapter_warmup__scratch_adapter_warmup__lr0p003__f1__t42,finished,0.3714050352573395,0.5909412503242493,True,,2591.0,False
scratch_uniform,monkeys,sub-01,sub-01_ses-011_task-AcousStim_acq-RH_desc-raw,0.003,0,scratch,phase4d-transfer-lr-warmup__monkeys__sub-01_ses-011_task-AcousStim_acq-RH_desc-raw__scratch_uniform__scratch_uniform__lr0p003__f1__t42,56f06051,phase4d-transfer-lr-warmup__monkeys__sub-01_ses-011_task-AcousStim_acq-RH_desc-raw__scratch_uniform__scratch_uniform__lr0p003__f1__t42,finished,0.364656001329422,0.6084576845169067,True,,1079.0,False
scratch_adapter_warmup,monkeys,sub-01,sub-01_ses-011_task-AcousStim_acq-RH_desc-raw,0.0015,500,scratch,phase4d-transfer-lr-warmup__monkeys__sub-01_ses-011_task-AcousStim_acq-RH_desc-raw__scratch_adapter_warmup__scratch_adapter_warmup__lr0p0015__f1__t42,5a7717e0,phase4d-transfer-lr-warmup__monkeys__sub-01_ses-011_task-AcousStim_acq-RH_desc-raw__scratch_adapter_warmup__scratch_adapter_warmup__lr0p0015__f1__t42,finished,0.3960126340389252,0.6243971586227417,True,,3887.0,False
scratch_adapter_warmup,monkeys,sub-01,sub-01_ses-011_task-AcousStim_acq-RH_desc-raw,0.0003,500,scratch,phase4d-transfer-lr-warmup__monkeys__sub-01_ses-011_task-AcousStim_acq-RH_desc-raw__scratch_adapter_warmup__scratch_adapter_warmup__lr0p0003__f1__t42,64a4410a,phase4d-transfer-lr-warmup__monkeys__sub-01_ses-011_task-AcousStim_acq-RH_desc-raw__scratch_adapter_warmup__scratch_adapter_warmup__lr0p0003__f1__t42,finished,0.38491174578666687,0.6149669885635376,True,,3887.0,False
scratch_uniform,monkeys,sub-01,sub-01_ses-013_task-AcousStim_acq-RH_desc-raw,0.0003,0,scratch,phase4d-transfer-lr-warmup__monkeys__sub-01_ses-013_task-AcousStim_acq-RH_desc-raw__scratch_uniform__scratch_uniform__lr0p0003__f1__t42,74aea234,phase4d-transfer-lr-warmup__monkeys__sub-01_ses-013_task-AcousStim_acq-RH_desc-raw__scratch_uniform__scratch_uniform__lr0p0003__f1__t42,finished,0.18870863318443296,0.5722342729568481,True,,1481.0,False
scratch_uniform,monkeys,sub-01,sub-01_ses-013_task-AcousStim_acq-RH_desc-raw,0.003,0,scratch,phase4d-transfer-lr-warmup__monkeys__sub-01_ses-013_task-AcousStim_acq-RH_desc-raw__scratch_uniform__scratch_uniform__lr0p003__f1__t42,c49cbf66,phase4d-transfer-lr-warmup__monkeys__sub-01_ses-013_task-AcousStim_acq-RH_desc-raw__scratch_uniform__scratch_uniform__lr0p003__f1__t42,finished,0.362559974193573,0.5574888586997986,True,,1747.0,False
scratch_uniform,monkeys,sub-01,sub-01_ses-013_task-AcousStim_acq-RH_desc-raw,0.0015,0,scratch,phase4d-transfer-lr-warmup__monkeys__sub-01_ses-013_task-AcousStim_acq-RH_desc-raw__scratch_uniform__scratch_uniform__lr0p0015__f1__t42,8661027e,phase4d-transfer-lr-warmup__monkeys__sub-01_ses-013_task-AcousStim_acq-RH_desc-raw__scratch_uniform__scratch_uniform__lr0p0015__f1__t42,finished,0.29738035798072815,0.5721642971038818,True,,987.0,False
scratch_adapter_warmup,monkeys,sub-01,sub-01_ses-013_task-AcousStim_acq-RH_desc-raw,0.0015,500,scratch,phase4d-transfer-lr-warmup__monkeys__sub-01_ses-013_task-AcousStim_acq-RH_desc-raw__scratch_adapter_warmup__scratch_adapter_warmup__lr0p0015__f1__t42,95ae25a8,phase4d-transfer-lr-warmup__monkeys__sub-01_ses-013_task-AcousStim_acq-RH_desc-raw__scratch_adapter_warmup__scratch_adapter_warmup__lr0p0015__f1__t42,finished,0.4203577637672424,0.6563541293144226,True,,1025.0,False
scratch_adapter_warmup,monkeys,sub-01,sub-01_ses-013_task-AcousStim_acq-RH_desc-raw,0.0003,500,scratch,phase4d-transfer-lr-warmup__monkeys__sub-01_ses-013_task-AcousStim_acq-RH_desc-raw__scratch_adapter_warmup__scratch_adapter_warmup__lr0p0003__f1__t42,8719ff0a,phase4d-transfer-lr-warmup__monkeys__sub-01_ses-013_task-AcousStim_acq-RH_desc-raw__scratch_adapter_warmup__scratch_adapter_warmup__lr0p0003__f1__t42,finished,0.33053481578826904,0.5507230758666992,True,,1823.0,False
scratch_adapter_warmup,monkeys,sub-01,sub-01_ses-013_task-AcousStim_acq-RH_desc-raw,0.003,500,scratch,phase4d-transfer-lr-warmup__monkeys__sub-01_ses-013_task-AcousStim_acq-RH_desc-raw__scratch_adapter_warmup__scratch_adapter_warmup__lr0p003__f1__t42,ce282d8a,phase4d-transfer-lr-warmup__monkeys__sub-01_ses-013_task-AcousStim_acq-RH_desc-raw__scratch_adapter_warmup__scratch_adapter_warmup__lr0p003__f1__t42,finished,0.2682594060897827,0.6175525188446045,True,,1215.0,False
scratch_uniform,monkeys,sub-01,sub-01_ses-014_task-AcousStim_acq-RH_desc-raw,0.0003,0,scratch,phase4d-transfer-lr-warmup__monkeys__sub-01_ses-014_task-AcousStim_acq-RH_desc-raw__scratch_uniform__scratch_uniform__lr0p0003__f1__t42,c59a1cd0,phase4d-transfer-lr-warmup__monkeys__sub-01_ses-014_task-AcousStim_acq-RH_desc-raw__scratch_uniform__scratch_uniform__lr0p0003__f1__t42,finished,0.3369121849536896,0.7145591378211975,True,,3015.0,False
scratch_adapter_warmup,monkeys,sub-01,sub-01_ses-014_task-AcousStim_acq-RH_desc-raw,0.0003,500,scratch,phase4d-transfer-lr-warmup__monkeys__sub-01_ses-014_task-AcousStim_acq-RH_desc-raw__scratch_adapter_warmup__scratch_adapter_warmup__lr0p0003__f1__t42,352a5414,phase4d-transfer-lr-warmup__monkeys__sub-01_ses-014_task-AcousStim_acq-RH_desc-raw__scratch_adapter_warmup__scratch_adapter_warmup__lr0p0003__f1__t42,finished,0.3499200940132141,0.6857116222381592,True,,2261.0,False
scratch_uniform,monkeys,sub-01,sub-01_ses-014_task-AcousStim_acq-RH_desc-raw,0.003,0,scratch,phase4d-transfer-lr-warmup__monkeys__sub-01_ses-014_task-AcousStim_acq-RH_desc-raw__scratch_uniform__scratch_uniform__lr0p003__f1__t42,e293543a,phase4d-transfer-lr-warmup__monkeys__sub-01_ses-014_task-AcousStim_acq-RH_desc-raw__scratch_uniform__scratch_uniform__lr0p003__f1__t42,finished,0.3676687777042389,0.6860517859458923,True,,1797.0,False
scratch_adapter_warmup,monkeys,sub-01,sub-01_ses-014_task-AcousStim_acq-RH_desc-raw,0.0015,500,scratch,phase4d-transfer-lr-warmup__monkeys__sub-01_ses-014_task-AcousStim_acq-RH_desc-raw__scratch_adapter_warmup__scratch_adapter_warmup__lr0p0015__f1__t42,cc95715d,phase4d-transfer-lr-warmup__monkeys__sub-01_ses-014_task-AcousStim_acq-RH_desc-raw__scratch_adapter_warmup__scratch_adapter_warmup__lr0p0015__f1__t42,finished,0.3241667151451111,0.6748664379119873,True,,1333.0,False
scratch_adapter_warmup,monkeys,sub-01,sub-01_ses-014_task-AcousStim_acq-RH_desc-raw,0.003,500,scratch,phase4d-transfer-lr-warmup__monkeys__sub-01_ses-014_task-AcousStim_acq-RH_desc-raw__scratch_adapter_warmup__scratch_adapter_warmup__lr0p003__f1__t42,21da8a4d,phase4d-transfer-lr-warmup__monkeys__sub-01_ses-014_task-AcousStim_acq-RH_desc-raw__scratch_adapter_warmup__scratch_adapter_warmup__lr0p003__f1__t42,finished,0.3249209523200989,0.6666310429573059,True,,2029.0,False
scratch_uniform,monkeys,sub-01,sub-01_ses-014_task-AcousStim_acq-RH_desc-raw,0.0015,0,scratch,phase4d-transfer-lr-warmup__monkeys__sub-01_ses-014_task-AcousStim_acq-RH_desc-raw__scratch_uniform__scratch_uniform__lr0p0015__f1__t42,f1430496,phase4d-transfer-lr-warmup__monkeys__sub-01_ses-014_task-AcousStim_acq-RH_desc-raw__scratch_uniform__scratch_uniform__lr0p0015__f1__t42,finished,0.39106541872024536,0.6923977732658386,True,,1391.0,False
scratch_uniform,monkeys,sub-01,sub-01_ses-015_task-AcousStim_acq-RH_desc-raw,0.0015,0,scratch,phase4d-transfer-lr-warmup__monkeys__sub-01_ses-015_task-AcousStim_acq-RH_desc-raw__scratch_uniform__scratch_uniform__lr0p0015__f1__t42,44eecbf1,phase4d-transfer-lr-warmup__monkeys__sub-01_ses-015_task-AcousStim_acq-RH_desc-raw__scratch_uniform__scratch_uniform__lr0p0015__f1__t42,finished,0.5247763395309448,0.6661671996116638,True,,1759.0,False
scratch_uniform,monkeys,sub-01,sub-01_ses-015_task-AcousStim_acq-RH_desc-raw,0.0003,0,scratch,phase4d-transfer-lr-warmup__monkeys__sub-01_ses-015_task-AcousStim_acq-RH_desc-raw__scratch_uniform__scratch_uniform__lr0p0003__f1__t42,88f1b89b,phase4d-transfer-lr-warmup__monkeys__sub-01_ses-015_task-AcousStim_acq-RH_desc-raw__scratch_uniform__scratch_uniform__lr0p0003__f1__t42,finished,0.42146071791648865,0.6280073523521423,True,,2111.0,False
scratch_uniform,monkeys,sub-01,sub-01_ses-015_task-AcousStim_acq-RH_desc-raw,0.003,0,scratch,phase4d-transfer-lr-warmup__monkeys__sub-01_ses-015_task-AcousStim_acq-RH_desc-raw__scratch_uniform__scratch_uniform__lr0p003__f1__t42,785df822,phase4d-transfer-lr-warmup__monkeys__sub-01_ses-015_task-AcousStim_acq-RH_desc-raw__scratch_uniform__scratch_uniform__lr0p003__f1__t42,finished,0.4939227104187012,0.6773608326911926,True,,1495.0,False
scratch_adapter_warmup,monkeys,sub-01,sub-01_ses-015_task-AcousStim_acq-RH_desc-raw,0.0003,500,scratch,phase4d-transfer-lr-warmup__monkeys__sub-01_ses-015_task-AcousStim_acq-RH_desc-raw__scratch_adapter_warmup__scratch_adapter_warmup__lr0p0003__f1__t42,1bb23074,phase4d-transfer-lr-warmup__monkeys__sub-01_ses-015_task-AcousStim_acq-RH_desc-raw__scratch_adapter_warmup__scratch_adapter_warmup__lr0p0003__f1__t42,finished,0.47403937578201294,0.7177730798721313,True,,5763.0,False
scratch_uniform,monkeys,sub-01,sub-01_ses-02_task-AcousStim_acq-RH_desc-raw,0.0003,0,scratch,phase4d-transfer-lr-warmup__monkeys__sub-01_ses-02_task-AcousStim_acq-RH_desc-raw__scratch_uniform__scratch_uniform__lr0p0003__f1__t42,0ab561a0,phase4d-transfer-lr-warmup__monkeys__sub-01_ses-02_task-AcousStim_acq-RH_desc-raw__scratch_uniform__scratch_uniform__lr0p0003__f1__t42,finished,0.35299086570739746,0.7321951389312744,True,,899.0,False
scratch_adapter_warmup,monkeys,sub-01,sub-01_ses-015_task-AcousStim_acq-RH_desc-raw,0.0015,500,scratch,phase4d-transfer-lr-warmup__monkeys__sub-01_ses-015_task-AcousStim_acq-RH_desc-raw__scratch_adapter_warmup__scratch_adapter_warmup__lr0p0015__f1__t42,05ef5ab4,phase4d-transfer-lr-warmup__monkeys__sub-01_ses-015_task-AcousStim_acq-RH_desc-raw__scratch_adapter_warmup__scratch_adapter_warmup__lr0p0015__f1__t42,finished,0.5177273750305176,0.7114759683609009,True,,2023.0,False
scratch_uniform,monkeys,sub-01,sub-01_ses-02_task-AcousStim_acq-RH_desc-raw,0.0015,0,scratch,phase4d-transfer-lr-warmup__monkeys__sub-01_ses-02_task-AcousStim_acq-RH_desc-raw__scratch_uniform__scratch_uniform__lr0p0015__f1__t42,58d312f3,phase4d-transfer-lr-warmup__monkeys__sub-01_ses-02_task-AcousStim_acq-RH_desc-raw__scratch_uniform__scratch_uniform__lr0p0015__f1__t42,finished,0.4559161365032196,0.7904037833213806,True,,2069.0,False
scratch_adapter_warmup,monkeys,sub-01,sub-01_ses-015_task-AcousStim_acq-RH_desc-raw,0.003,500,scratch,phase4d-transfer-lr-warmup__monkeys__sub-01_ses-015_task-AcousStim_acq-RH_desc-raw__scratch_adapter_warmup__scratch_adapter_warmup__lr0p003__f1__t42,e82ef397,phase4d-transfer-lr-warmup__monkeys__sub-01_ses-015_task-AcousStim_acq-RH_desc-raw__scratch_adapter_warmup__scratch_adapter_warmup__lr0p003__f1__t42,finished,0.46604546904563904,0.6681715250015259,True,,1759.0,False
scratch_adapter_warmup,monkeys,sub-01,sub-01_ses-02_task-AcousStim_acq-RH_desc-raw,0.0015,500,scratch,phase4d-transfer-lr-warmup__monkeys__sub-01_ses-02_task-AcousStim_acq-RH_desc-raw__scratch_adapter_warmup__scratch_adapter_warmup__lr0p0015__f1__t42,44da763a,phase4d-transfer-lr-warmup__monkeys__sub-01_ses-02_task-AcousStim_acq-RH_desc-raw__scratch_adapter_warmup__scratch_adapter_warmup__lr0p0015__f1__t42,finished,0.4676361382007599,0.7548164129257202,True,,764.0,False
scratch_uniform,monkeys,sub-01,sub-01_ses-02_task-AcousStim_acq-RH_desc-raw,0.003,0,scratch,phase4d-transfer-lr-warmup__monkeys__sub-01_ses-02_task-AcousStim_acq-RH_desc-raw__scratch_uniform__scratch_uniform__lr0p003__f1__t42,86d6294c,phase4d-transfer-lr-warmup__monkeys__sub-01_ses-02_task-AcousStim_acq-RH_desc-raw__scratch_uniform__scratch_uniform__lr0p003__f1__t42,finished,0.4209989905357361,0.8006833791732788,True,,2879.0,False
scratch_adapter_warmup,monkeys,sub-01,sub-01_ses-02_task-AcousStim_acq-RH_desc-raw,0.0003,500,scratch,phase4d-transfer-lr-warmup__monkeys__sub-01_ses-02_task-AcousStim_acq-RH_desc-raw__scratch_adapter_warmup__scratch_adapter_warmup__lr0p0003__f1__t42,3b6f56b4,phase4d-transfer-lr-warmup__monkeys__sub-01_ses-02_task-AcousStim_acq-RH_desc-raw__scratch_adapter_warmup__scratch_adapter_warmup__lr0p0003__f1__t42,finished,0.41417625546455383,0.7543538808822632,True,,1169.0,False
scratch_adapter_warmup,monkeys,sub-01,sub-01_ses-02_task-AcousStim_acq-RH_desc-raw,0.003,500,scratch,phase4d-transfer-lr-warmup__monkeys__sub-01_ses-02_task-AcousStim_acq-RH_desc-raw__scratch_adapter_warmup__scratch_adapter_warmup__lr0p003__f1__t42,e0438bd2,phase4d-transfer-lr-warmup__monkeys__sub-01_ses-02_task-AcousStim_acq-RH_desc-raw__scratch_adapter_warmup__scratch_adapter_warmup__lr0p003__f1__t42,finished,0.4442097544670105,0.740338146686554,True,,809.0,False
scratch_uniform,monkeys,sub-01,sub-01_ses-03_task-AcousStim_acq-RH_desc-raw,0.0015,0,scratch,phase4d-transfer-lr-warmup__monkeys__sub-01_ses-03_task-AcousStim_acq-RH_desc-raw__scratch_uniform__scratch_uniform__lr0p0015__f1__t42,606b0a00,phase4d-transfer-lr-warmup__monkeys__sub-01_ses-03_task-AcousStim_acq-RH_desc-raw__scratch_uniform__scratch_uniform__lr0p0015__f1__t42,finished,0.454670250415802,0.9112277030944824,True,,1039.0,False
scratch_uniform,monkeys,sub-01,sub-01_ses-03_task-AcousStim_acq-RH_desc-raw,0.0003,0,scratch,phase4d-transfer-lr-warmup__monkeys__sub-01_ses-03_task-AcousStim_acq-RH_desc-raw__scratch_uniform__scratch_uniform__lr0p0003__f1__t42,bff49957,phase4d-transfer-lr-warmup__monkeys__sub-01_ses-03_task-AcousStim_acq-RH_desc-raw__scratch_uniform__scratch_uniform__lr0p0003__f1__t42,finished,0.4234079718589782,0.893146276473999,True,,1079.0,False
scratch_adapter_warmup,monkeys,sub-01,sub-01_ses-03_task-AcousStim_acq-RH_desc-raw,0.003,500,scratch,phase4d-transfer-lr-warmup__monkeys__sub-01_ses-03_task-AcousStim_acq-RH_desc-raw__scratch_adapter_warmup__scratch_adapter_warmup__lr0p003__f1__t42,d93410bb,phase4d-transfer-lr-warmup__monkeys__sub-01_ses-03_task-AcousStim_acq-RH_desc-raw__scratch_adapter_warmup__scratch_adapter_warmup__lr0p003__f1__t42,finished,0.4041997194290161,0.9090490341186525,True,,879.0,False
scratch_uniform,monkeys,sub-01,sub-01_ses-03_task-AcousStim_acq-RH_desc-raw,0.003,0,scratch,phase4d-transfer-lr-warmup__monkeys__sub-01_ses-03_task-AcousStim_acq-RH_desc-raw__scratch_uniform__scratch_uniform__lr0p003__f1__t42,cb3d8751,phase4d-transfer-lr-warmup__monkeys__sub-01_ses-03_task-AcousStim_acq-RH_desc-raw__scratch_uniform__scratch_uniform__lr0p003__f1__t42,finished,0.4802218079566955,0.9030272960662842,True,,1159.0,False
scratch_adapter_warmup,monkeys,sub-01,sub-01_ses-03_task-AcousStim_acq-RH_desc-raw,0.0003,500,scratch,phase4d-transfer-lr-warmup__monkeys__sub-01_ses-03_task-AcousStim_acq-RH_desc-raw__scratch_adapter_warmup__scratch_adapter_warmup__lr0p0003__f1__t42,78dace60,phase4d-transfer-lr-warmup__monkeys__sub-01_ses-03_task-AcousStim_acq-RH_desc-raw__scratch_adapter_warmup__scratch_adapter_warmup__lr0p0003__f1__t42,finished,0.46909135580062866,0.9066075086593628,True,,1479.0,False
scratch_uniform,monkeys,sub-01,sub-01_ses-04_task-AcousStim_acq-RH_desc-raw,0.0003,0,scratch,phase4d-transfer-lr-warmup__monkeys__sub-01_ses-04_task-AcousStim_acq-RH_desc-raw__scratch_uniform__scratch_uniform__lr0p0003__f1__t42,ba0006bb,phase4d-transfer-lr-warmup__monkeys__sub-01_ses-04_task-AcousStim_acq-RH_desc-raw__scratch_uniform__scratch_uniform__lr0p0003__f1__t42,finished,0.4879106283187866,0.7277417778968811,True,,5588.0,False
scratch_uniform,monkeys,sub-01,sub-01_ses-04_task-AcousStim_acq-RH_desc-raw,0.003,0,scratch,phase4d-transfer-lr-warmup__monkeys__sub-01_ses-04_task-AcousStim_acq-RH_desc-raw__scratch_uniform__scratch_uniform__lr0p003__f1__t42,d6d3a8a8,phase4d-transfer-lr-warmup__monkeys__sub-01_ses-04_task-AcousStim_acq-RH_desc-raw__scratch_uniform__scratch_uniform__lr0p003__f1__t42,finished,0.5481534004211426,0.7873008847236633,True,,3518.0,False
scratch_adapter_warmup,monkeys,sub-01,sub-01_ses-03_task-AcousStim_acq-RH_desc-raw,0.0015,500,scratch,phase4d-transfer-lr-warmup__monkeys__sub-01_ses-03_task-AcousStim_acq-RH_desc-raw__scratch_adapter_warmup__scratch_adapter_warmup__lr0p0015__f1__t42,9c6c59fa,phase4d-transfer-lr-warmup__monkeys__sub-01_ses-03_task-AcousStim_acq-RH_desc-raw__scratch_adapter_warmup__scratch_adapter_warmup__lr0p0015__f1__t42,finished,0.49204006791114807,0.9060770273208618,True,,799.0,False
scratch_uniform,monkeys,sub-01,sub-01_ses-04_task-AcousStim_acq-RH_desc-raw,0.0015,0,scratch,phase4d-transfer-lr-warmup__monkeys__sub-01_ses-04_task-AcousStim_acq-RH_desc-raw__scratch_uniform__scratch_uniform__lr0p0015__f1__t42,bb28c639,phase4d-transfer-lr-warmup__monkeys__sub-01_ses-04_task-AcousStim_acq-RH_desc-raw__scratch_uniform__scratch_uniform__lr0p0015__f1__t42,finished,0.632394015789032,0.7393338680267334,True,,4139.0,False
scratch_adapter_warmup,monkeys,sub-01,sub-01_ses-04_task-AcousStim_acq-RH_desc-raw,0.0003,500,scratch,phase4d-transfer-lr-warmup__monkeys__sub-01_ses-04_task-AcousStim_acq-RH_desc-raw__scratch_adapter_warmup__scratch_adapter_warmup__lr0p0003__f1__t42,fba953ee,phase4d-transfer-lr-warmup__monkeys__sub-01_ses-04_task-AcousStim_acq-RH_desc-raw__scratch_adapter_warmup__scratch_adapter_warmup__lr0p0003__f1__t42,finished,0.6226306557655334,0.7593259811401367,True,,5588.0,False
scratch_adapter_warmup,monkeys,sub-01,sub-01_ses-04_task-AcousStim_acq-RH_desc-raw,0.003,500,scratch,phase4d-transfer-lr-warmup__monkeys__sub-01_ses-04_task-AcousStim_acq-RH_desc-raw__scratch_adapter_warmup__scratch_adapter_warmup__lr0p003__f1__t42,3ce2b379,phase4d-transfer-lr-warmup__monkeys__sub-01_ses-04_task-AcousStim_acq-RH_desc-raw__scratch_adapter_warmup__scratch_adapter_warmup__lr0p003__f1__t42,finished,0.5924379229545593,0.7564833164215088,True,,5726.0,False
scratch_adapter_warmup,monkeys,sub-01,sub-01_ses-04_task-AcousStim_acq-RH_desc-raw,0.0015,500,scratch,phase4d-transfer-lr-warmup__monkeys__sub-01_ses-04_task-AcousStim_acq-RH_desc-raw__scratch_adapter_warmup__scratch_adapter_warmup__lr0p0015__f1__t42,9c5897c9,phase4d-transfer-lr-warmup__monkeys__sub-01_ses-04_task-AcousStim_acq-RH_desc-raw__scratch_adapter_warmup__scratch_adapter_warmup__lr0p0015__f1__t42,finished,0.552183985710144,0.7593184113502502,True,,2345.0,False
scratch_uniform,monkeys,sub-01,sub-01_ses-07_task-AcousStim_acq-RH_desc-raw,0.003,0,scratch,phase4d-transfer-lr-warmup__monkeys__sub-01_ses-07_task-AcousStim_acq-RH_desc-raw__scratch_uniform__scratch_uniform__lr0p003__f1__t42,e67462d8,phase4d-transfer-lr-warmup__monkeys__sub-01_ses-07_task-AcousStim_acq-RH_desc-raw__scratch_uniform__scratch_uniform__lr0p003__f1__t42,finished,0.4677329361438751,0.6447058916091919,True,,3926.0,False
scratch_uniform,monkeys,sub-01,sub-01_ses-07_task-AcousStim_acq-RH_desc-raw,0.0015,0,scratch,phase4d-transfer-lr-warmup__monkeys__sub-01_ses-07_task-AcousStim_acq-RH_desc-raw__scratch_uniform__scratch_uniform__lr0p0015__f1__t42,d7a191a8,phase4d-transfer-lr-warmup__monkeys__sub-01_ses-07_task-AcousStim_acq-RH_desc-raw__scratch_uniform__scratch_uniform__lr0p0015__f1__t42,finished,0.37382930517196655,0.6649254560470581,True,,3618.0,False
scratch_uniform,monkeys,sub-01,sub-01_ses-07_task-AcousStim_acq-RH_desc-raw,0.0003,0,scratch,phase4d-transfer-lr-warmup__monkeys__sub-01_ses-07_task-AcousStim_acq-RH_desc-raw__scratch_uniform__scratch_uniform__lr0p0003__f1__t42,fcf31825,phase4d-transfer-lr-warmup__monkeys__sub-01_ses-07_task-AcousStim_acq-RH_desc-raw__scratch_uniform__scratch_uniform__lr0p0003__f1__t42,finished,0.36608439683914185,0.6923370361328125,True,,6390.0,False
scratch_adapter_warmup,monkeys,sub-01,sub-01_ses-07_task-AcousStim_acq-RH_desc-raw,0.003,500,scratch,phase4d-transfer-lr-warmup__monkeys__sub-01_ses-07_task-AcousStim_acq-RH_desc-raw__scratch_adapter_warmup__scratch_adapter_warmup__lr0p003__f1__t42,a606d6b2,phase4d-transfer-lr-warmup__monkeys__sub-01_ses-07_task-AcousStim_acq-RH_desc-raw__scratch_adapter_warmup__scratch_adapter_warmup__lr0p003__f1__t42,finished,0.49694374203681946,0.7204809188842773,True,,5543.0,False
scratch_adapter_warmup,monkeys,sub-01,sub-01_ses-07_task-AcousStim_acq-RH_desc-raw,0.0015,500,scratch,phase4d-transfer-lr-warmup__monkeys__sub-01_ses-07_task-AcousStim_acq-RH_desc-raw__scratch_adapter_warmup__scratch_adapter_warmup__lr0p0015__f1__t42,d27acc09,phase4d-transfer-lr-warmup__monkeys__sub-01_ses-07_task-AcousStim_acq-RH_desc-raw__scratch_adapter_warmup__scratch_adapter_warmup__lr0p0015__f1__t42,finished,0.4564385414123535,0.6845815181732178,True,,6082.0,False
scratch_adapter_warmup,monkeys,sub-01,sub-01_ses-07_task-AcousStim_acq-RH_desc-raw,0.0003,500,scratch,phase4d-transfer-lr-warmup__monkeys__sub-01_ses-07_task-AcousStim_acq-RH_desc-raw__scratch_adapter_warmup__scratch_adapter_warmup__lr0p0003__f1__t42,24093030,phase4d-transfer-lr-warmup__monkeys__sub-01_ses-07_task-AcousStim_acq-RH_desc-raw__scratch_adapter_warmup__scratch_adapter_warmup__lr0p0003__f1__t42,finished,0.3645214140415192,0.656412661075592,True,,10009.0,False
scratch_uniform,monkeys,sub-01,sub-01_ses-08_task-AcousStim_acq-RH_desc-raw,0.0015,0,scratch,phase4d-transfer-lr-warmup__monkeys__sub-01_ses-08_task-AcousStim_acq-RH_desc-raw__scratch_uniform__scratch_uniform__lr0p0015__f1__t42,d107494f,phase4d-transfer-lr-warmup__monkeys__sub-01_ses-08_task-AcousStim_acq-RH_desc-raw__scratch_uniform__scratch_uniform__lr0p0015__f1__t42,finished,0.2910415828227997,0.4744750261306762,True,,2408.0,False
scratch_adapter_warmup,monkeys,sub-01,sub-01_ses-08_task-AcousStim_acq-RH_desc-raw,0.0003,500,scratch,phase4d-transfer-lr-warmup__monkeys__sub-01_ses-08_task-AcousStim_acq-RH_desc-raw__scratch_adapter_warmup__scratch_adapter_warmup__lr0p0003__f1__t42,6c3b6ea2,phase4d-transfer-lr-warmup__monkeys__sub-01_ses-08_task-AcousStim_acq-RH_desc-raw__scratch_adapter_warmup__scratch_adapter_warmup__lr0p0003__f1__t42,finished,0.31877967715263367,0.4947265386581421,True,,3357.0,False
scratch_uniform,monkeys,sub-01,sub-01_ses-08_task-AcousStim_acq-RH_desc-raw,0.0003,0,scratch,phase4d-transfer-lr-warmup__monkeys__sub-01_ses-08_task-AcousStim_acq-RH_desc-raw__scratch_uniform__scratch_uniform__lr0p0003__f1__t42,966b4007,phase4d-transfer-lr-warmup__monkeys__sub-01_ses-08_task-AcousStim_acq-RH_desc-raw__scratch_uniform__scratch_uniform__lr0p0003__f1__t42,finished,0.2710280120372772,0.541394829750061,True,,8102.0,False
scratch_adapter_warmup,monkeys,sub-01,sub-01_ses-08_task-AcousStim_acq-RH_desc-raw,0.003,500,scratch,phase4d-transfer-lr-warmup__monkeys__sub-01_ses-08_task-AcousStim_acq-RH_desc-raw__scratch_adapter_warmup__scratch_adapter_warmup__lr0p003__f1__t42,c90f7cfc,phase4d-transfer-lr-warmup__monkeys__sub-01_ses-08_task-AcousStim_acq-RH_desc-raw__scratch_adapter_warmup__scratch_adapter_warmup__lr0p003__f1__t42,finished,0.300301194190979,0.5023354291915894,True,,1897.0,False
scratch_uniform,monkeys,sub-02,sub-02_ses-02_task-AcousStim_acq-RH_desc-raw,0.0003,0,scratch,phase4d-transfer-lr-warmup__monkeys__sub-02_ses-02_task-AcousStim_acq-RH_desc-raw__scratch_uniform__scratch_uniform__lr0p0003__f1__t42,7b770c0d,phase4d-transfer-lr-warmup__monkeys__sub-02_ses-02_task-AcousStim_acq-RH_desc-raw__scratch_uniform__scratch_uniform__lr0p0003__f1__t42,finished,0.32556450366973877,0.34347298741340637,True,,4576.0,False
scratch_adapter_warmup,monkeys,sub-01,sub-01_ses-08_task-AcousStim_acq-RH_desc-raw,0.0015,500,scratch,phase4d-transfer-lr-warmup__monkeys__sub-01_ses-08_task-AcousStim_acq-RH_desc-raw__scratch_adapter_warmup__scratch_adapter_warmup__lr0p0015__f1__t42,c03381c2,phase4d-transfer-lr-warmup__monkeys__sub-01_ses-08_task-AcousStim_acq-RH_desc-raw__scratch_adapter_warmup__scratch_adapter_warmup__lr0p0015__f1__t42,finished,0.3329432010650635,0.5594955682754517,True,,2700.0,False
scratch_uniform,monkeys,sub-01,sub-01_ses-08_task-AcousStim_acq-RH_desc-raw,0.003,0,scratch,phase4d-transfer-lr-warmup__monkeys__sub-01_ses-08_task-AcousStim_acq-RH_desc-raw__scratch_uniform__scratch_uniform__lr0p003__f1__t42,49e2349b,phase4d-transfer-lr-warmup__monkeys__sub-01_ses-08_task-AcousStim_acq-RH_desc-raw__scratch_uniform__scratch_uniform__lr0p003__f1__t42,finished,0.33439457416534424,0.5275102853775024,True,,1824.0,False
scratch_uniform,monkeys,sub-02,sub-02_ses-02_task-AcousStim_acq-RH_desc-raw,0.0015,0,scratch,phase4d-transfer-lr-warmup__monkeys__sub-02_ses-02_task-AcousStim_acq-RH_desc-raw__scratch_uniform__scratch_uniform__lr0p0015__f1__t42,6df0172f,phase4d-transfer-lr-warmup__monkeys__sub-02_ses-02_task-AcousStim_acq-RH_desc-raw__scratch_uniform__scratch_uniform__lr0p0015__f1__t42,finished,0.3411295413970947,0.3525383472442627,True,,3183.0,False
scratch_uniform,monkeys,sub-02,sub-02_ses-02_task-AcousStim_acq-RH_desc-raw,0.003,0,scratch,phase4d-transfer-lr-warmup__monkeys__sub-02_ses-02_task-AcousStim_acq-RH_desc-raw__scratch_uniform__scratch_uniform__lr0p003__f1__t42,a01ba5f0,phase4d-transfer-lr-warmup__monkeys__sub-02_ses-02_task-AcousStim_acq-RH_desc-raw__scratch_uniform__scratch_uniform__lr0p003__f1__t42,finished,0.3297868072986603,0.3682909607887268,True,,3979.0,False
scratch_adapter_warmup,monkeys,sub-02,sub-02_ses-02_task-AcousStim_acq-RH_desc-raw,0.0003,500,scratch,phase4d-transfer-lr-warmup__monkeys__sub-02_ses-02_task-AcousStim_acq-RH_desc-raw__scratch_adapter_warmup__scratch_adapter_warmup__lr0p0003__f1__t42,80a3bb8e,phase4d-transfer-lr-warmup__monkeys__sub-02_ses-02_task-AcousStim_acq-RH_desc-raw__scratch_adapter_warmup__scratch_adapter_warmup__lr0p0003__f1__t42,finished,0.3229403495788574,0.34394359588623047,True,,4576.0,False
scratch_adapter_warmup,monkeys,sub-02,sub-02_ses-02_task-AcousStim_acq-RH_desc-raw,0.0015,500,scratch,phase4d-transfer-lr-warmup__monkeys__sub-02_ses-02_task-AcousStim_acq-RH_desc-raw__scratch_adapter_warmup__scratch_adapter_warmup__lr0p0015__f1__t42,2851e241,phase4d-transfer-lr-warmup__monkeys__sub-02_ses-02_task-AcousStim_acq-RH_desc-raw__scratch_adapter_warmup__scratch_adapter_warmup__lr0p0015__f1__t42,finished,0.330666720867157,0.34494733810424805,True,,2586.0,False
scratch_adapter_warmup,monkeys,sub-02,sub-02_ses-02_task-AcousStim_acq-RH_desc-raw,0.003,500,scratch,phase4d-transfer-lr-warmup__monkeys__sub-02_ses-02_task-AcousStim_acq-RH_desc-raw__scratch_adapter_warmup__scratch_adapter_warmup__lr0p003__f1__t42,71ebf66b,phase4d-transfer-lr-warmup__monkeys__sub-02_ses-02_task-AcousStim_acq-RH_desc-raw__scratch_adapter_warmup__scratch_adapter_warmup__lr0p003__f1__t42,finished,0.32795339822769165,0.3782483637332916,True,,3581.0,False
scratch_uniform,monkeys,sub-03,sub-03_ses-01_task-AcousStim_acq-RH_desc-raw,0.0003,0,scratch,phase4d-transfer-lr-warmup__monkeys__sub-03_ses-01_task-AcousStim_acq-RH_desc-raw__scratch_uniform__scratch_uniform__lr0p0003__f1__t42,9180a2c0,phase4d-transfer-lr-warmup__monkeys__sub-03_ses-01_task-AcousStim_acq-RH_desc-raw__scratch_uniform__scratch_uniform__lr0p0003__f1__t42,finished,0.2279612272977829,0.41815710067749023,True,,2015.0,False
scratch_uniform,monkeys,sub-03,sub-03_ses-01_task-AcousStim_acq-RH_desc-raw,0.003,0,scratch,phase4d-transfer-lr-warmup__monkeys__sub-03_ses-01_task-AcousStim_acq-RH_desc-raw__scratch_uniform__scratch_uniform__lr0p003__f1__t42,74f7523a,phase4d-transfer-lr-warmup__monkeys__sub-03_ses-01_task-AcousStim_acq-RH_desc-raw__scratch_uniform__scratch_uniform__lr0p003__f1__t42,finished,0.24655847251415253,0.4011111855506897,True,,1311.0,False
scratch_adapter_warmup,monkeys,sub-03,sub-03_ses-01_task-AcousStim_acq-RH_desc-raw,0.0015,500,scratch,phase4d-transfer-lr-warmup__monkeys__sub-03_ses-01_task-AcousStim_acq-RH_desc-raw__scratch_adapter_warmup__scratch_adapter_warmup__lr0p0015__f1__t42,8e78a9ec,phase4d-transfer-lr-warmup__monkeys__sub-03_ses-01_task-AcousStim_acq-RH_desc-raw__scratch_adapter_warmup__scratch_adapter_warmup__lr0p0015__f1__t42,finished,0.24938127398490903,0.4402596950531006,True,,1759.0,False
scratch_uniform,monkeys,sub-04,sub-04_ses-01_task-AcousStim_acq-RH_desc-raw,0.0003,0,scratch,phase4d-transfer-lr-warmup__monkeys__sub-04_ses-01_task-AcousStim_acq-RH_desc-raw__scratch_uniform__scratch_uniform__lr0p0003__f1__t42,96649741,phase4d-transfer-lr-warmup__monkeys__sub-04_ses-01_task-AcousStim_acq-RH_desc-raw__scratch_uniform__scratch_uniform__lr0p0003__f1__t42,finished,0.5857542753219604,0.7261556386947632,True,,4180.0,False
scratch_uniform,monkeys,sub-03,sub-03_ses-01_task-AcousStim_acq-RH_desc-raw,0.0015,0,scratch,phase4d-transfer-lr-warmup__monkeys__sub-03_ses-01_task-AcousStim_acq-RH_desc-raw__scratch_uniform__scratch_uniform__lr0p0015__f1__t42,5dccf8f1,phase4d-transfer-lr-warmup__monkeys__sub-03_ses-01_task-AcousStim_acq-RH_desc-raw__scratch_uniform__scratch_uniform__lr0p0015__f1__t42,finished,0.2621386647224426,0.4368399977684021,True,,1407.0,False
scratch_adapter_warmup,monkeys,sub-03,sub-03_ses-01_task-AcousStim_acq-RH_desc-raw,0.003,500,scratch,phase4d-transfer-lr-warmup__monkeys__sub-03_ses-01_task-AcousStim_acq-RH_desc-raw__scratch_adapter_warmup__scratch_adapter_warmup__lr0p003__f1__t42,14342082,phase4d-transfer-lr-warmup__monkeys__sub-03_ses-01_task-AcousStim_acq-RH_desc-raw__scratch_adapter_warmup__scratch_adapter_warmup__lr0p003__f1__t42,finished,0.1888629645109177,0.4053491055965424,True,,1951.0,False
scratch_uniform,monkeys,sub-04,sub-04_ses-01_task-AcousStim_acq-RH_desc-raw,0.0015,0,scratch,phase4d-transfer-lr-warmup__monkeys__sub-04_ses-01_task-AcousStim_acq-RH_desc-raw__scratch_uniform__scratch_uniform__lr0p0015__f1__t42,1913b2bf,phase4d-transfer-lr-warmup__monkeys__sub-04_ses-01_task-AcousStim_acq-RH_desc-raw__scratch_uniform__scratch_uniform__lr0p0015__f1__t42,finished,0.5859794020652771,0.7327141761779785,True,,2033.0,False
scratch_adapter_warmup,monkeys,sub-04,sub-04_ses-01_task-AcousStim_acq-RH_desc-raw,0.0003,500,scratch,phase4d-transfer-lr-warmup__monkeys__sub-04_ses-01_task-AcousStim_acq-RH_desc-raw__scratch_adapter_warmup__scratch_adapter_warmup__lr0p0003__f1__t42,b247fe52,phase4d-transfer-lr-warmup__monkeys__sub-04_ses-01_task-AcousStim_acq-RH_desc-raw__scratch_adapter_warmup__scratch_adapter_warmup__lr0p0003__f1__t42,finished,0.5751957893371582,0.7287117838859558,True,,4180.0,False
scratch_adapter_warmup,monkeys,sub-03,sub-03_ses-01_task-AcousStim_acq-RH_desc-raw,0.0003,500,scratch,phase4d-transfer-lr-warmup__monkeys__sub-03_ses-01_task-AcousStim_acq-RH_desc-raw__scratch_adapter_warmup__scratch_adapter_warmup__lr0p0003__f1__t42,01ec0aa9,phase4d-transfer-lr-warmup__monkeys__sub-03_ses-01_task-AcousStim_acq-RH_desc-raw__scratch_adapter_warmup__scratch_adapter_warmup__lr0p0003__f1__t42,finished,0.218082532286644,0.45183295011520386,True,,2047.0,False
scratch_adapter_warmup,monkeys,sub-04,sub-04_ses-01_task-AcousStim_acq-RH_desc-raw,0.003,500,scratch,phase4d-transfer-lr-warmup__monkeys__sub-04_ses-01_task-AcousStim_acq-RH_desc-raw__scratch_adapter_warmup__scratch_adapter_warmup__lr0p003__f1__t42,590ae6b1,phase4d-transfer-lr-warmup__monkeys__sub-04_ses-01_task-AcousStim_acq-RH_desc-raw__scratch_adapter_warmup__scratch_adapter_warmup__lr0p003__f1__t42,finished,0.5498059988021851,0.7247048616409302,True,,1581.0,False
scratch_adapter_warmup,monkeys,sub-04,sub-04_ses-01_task-AcousStim_acq-RH_desc-raw,0.0015,500,scratch,phase4d-transfer-lr-warmup__monkeys__sub-04_ses-01_task-AcousStim_acq-RH_desc-raw__scratch_adapter_warmup__scratch_adapter_warmup__lr0p0015__f1__t42,b8e57f3e,phase4d-transfer-lr-warmup__monkeys__sub-04_ses-01_task-AcousStim_acq-RH_desc-raw__scratch_adapter_warmup__scratch_adapter_warmup__lr0p0015__f1__t42,finished,0.5952550172805786,0.7414449453353882,True,,2033.0,False
scratch_uniform,monkeys,sub-04,sub-04_ses-01_task-AcousStim_acq-RH_desc-raw,0.003,0,scratch,phase4d-transfer-lr-warmup__monkeys__sub-04_ses-01_task-AcousStim_acq-RH_desc-raw__scratch_uniform__scratch_uniform__lr0p003__f1__t42,de221ca8,phase4d-transfer-lr-warmup__monkeys__sub-04_ses-01_task-AcousStim_acq-RH_desc-raw__scratch_uniform__scratch_uniform__lr0p003__f1__t42,finished,0.5666407942771912,0.7381656169891357,True,,2711.0,False
scratch_uniform,monkeys,sub-05,sub-05_ses-01_task-AcousStim_acq-RH_desc-raw,0.0003,0,scratch,phase4d-transfer-lr-warmup__monkeys__sub-05_ses-01_task-AcousStim_acq-RH_desc-raw__scratch_uniform__scratch_uniform__lr0p0003__f1__t42,df415d4c,phase4d-transfer-lr-warmup__monkeys__sub-05_ses-01_task-AcousStim_acq-RH_desc-raw__scratch_uniform__scratch_uniform__lr0p0003__f1__t42,finished,0.6227356195449829,0.9155011177062988,True,,1763.0,False
scratch_uniform,monkeys,sub-05,sub-05_ses-01_task-AcousStim_acq-RH_desc-raw,0.003,0,scratch,phase4d-transfer-lr-warmup__monkeys__sub-05_ses-01_task-AcousStim_acq-RH_desc-raw__scratch_uniform__scratch_uniform__lr0p003__f1__t42,50301bed,phase4d-transfer-lr-warmup__monkeys__sub-05_ses-01_task-AcousStim_acq-RH_desc-raw__scratch_uniform__scratch_uniform__lr0p003__f1__t42,finished,0.6015667915344238,0.8794326782226562,True,,1385.0,False
scratch_uniform,monkeys,sub-05,sub-05_ses-01_task-AcousStim_acq-RH_desc-raw,0.0015,0,scratch,phase4d-transfer-lr-warmup__monkeys__sub-05_ses-01_task-AcousStim_acq-RH_desc-raw__scratch_uniform__scratch_uniform__lr0p0015__f1__t42,ffe1ce8e,phase4d-transfer-lr-warmup__monkeys__sub-05_ses-01_task-AcousStim_acq-RH_desc-raw__scratch_uniform__scratch_uniform__lr0p0015__f1__t42,finished,0.59993577003479,0.9190909266471864,True,,755.0,False
scratch_adapter_warmup,monkeys,sub-05,sub-05_ses-01_task-AcousStim_acq-RH_desc-raw,0.0003,500,scratch,phase4d-transfer-lr-warmup__monkeys__sub-05_ses-01_task-AcousStim_acq-RH_desc-raw__scratch_adapter_warmup__scratch_adapter_warmup__lr0p0003__f1__t42,f4e91ac2,phase4d-transfer-lr-warmup__monkeys__sub-05_ses-01_task-AcousStim_acq-RH_desc-raw__scratch_adapter_warmup__scratch_adapter_warmup__lr0p0003__f1__t42,finished,0.7057070136070251,0.93406742811203,True,,1889.0,False
scratch_adapter_warmup,monkeys,sub-05,sub-05_ses-01_task-AcousStim_acq-RH_desc-raw,0.0015,500,scratch,phase4d-transfer-lr-warmup__monkeys__sub-05_ses-01_task-AcousStim_acq-RH_desc-raw__scratch_adapter_warmup__scratch_adapter_warmup__lr0p0015__f1__t42,2a5b9380,phase4d-transfer-lr-warmup__monkeys__sub-05_ses-01_task-AcousStim_acq-RH_desc-raw__scratch_adapter_warmup__scratch_adapter_warmup__lr0p0015__f1__t42,finished,0.7230325937271118,0.935311198234558,True,,1007.0,False
scratch_adapter_warmup,monkeys,sub-05,sub-05_ses-01_task-AcousStim_acq-RH_desc-raw,0.003,500,scratch,phase4d-transfer-lr-warmup__monkeys__sub-05_ses-01_task-AcousStim_acq-RH_desc-raw__scratch_adapter_warmup__scratch_adapter_warmup__lr0p003__f1__t42,410a4d74,phase4d-transfer-lr-warmup__monkeys__sub-05_ses-01_task-AcousStim_acq-RH_desc-raw__scratch_adapter_warmup__scratch_adapter_warmup__lr0p003__f1__t42,finished,0.6584697961807251,0.9302428960800172,True,,1133.0,False
